<?xml version='1.0' encoding='UTF-8' standalone='yes' ?>
<kml xmlns="http://www.opengis.net/kml/2.2" xmlns:gx="http://www.google.com/kml/ext/2.2">
  <Document id="TbuluKmlVersion2">
    <name>杖一ZENONE跑野线路—凤凰线（官方）</name>
    <description><![CDATA[杖一|ZENONE一直致力于山地越野爱好者和追求轻量化探险者而设计，有着10多年的丰富的手杖经验，品牌宗旨“踏实走路，杖義人生”，目前立足于杭州，因杭城运动而得以发展。
因为品牌宗旨与杭州徒步跑野的氛围的发展不谋而合，所以探索出了不同的线路，让大家一起动起来。

爬升900米，
户外有风险，请提前购买保险！]]>
    </description>
    <snippet><![CDATA[通过“两步路”生成，http://www.2bulu.com]]>
    </snippet>
    <author>zs_eykxsY</author>
    <ExtendedData>
      <Data name="TrackTypeId">
        <value>8</value>
      </Data>
      <Data name="TrackTags">
        <value>杖一跑来坞,杖一凤凰线,杖一跑野线路</value>
      </Data>
      <Data name="BeginTime">
        <value>0</value>
      </Data>
      <Data name="EndTime">
        <value>600700000</value>
      </Data>
      <Data name="TimeUsed">
        <value>600700000</value>
      </Data>
      <Data name="PauseTime">
        <value>998482000</value>
      </Data>
      <Data name="PosStartName">
        <value>杖一跑来坞</value>
      </Data>
      <Data name="PosEndName">
        <value>杖一跑来坞</value>
      </Data>
      <Data name="ProductVersion">
        <value>and_6.9.9</value>
      </Data>
      <Data name="StartDistrictId">
        <value>7728</value>
      </Data>
      <Data name="EndDistrictId">
        <value>7728</value>
      </Data>
      <Data name="CreaterId">
        <value>41458541</value>
      </Data>
      <Data name="CreaterName">
        <value>zs_eykxsY</value>
      </Data>
      <Data name="CreaterIcon">
        <value>891627507</value>
      </Data>
      <Data name="Privacy">
        <value>1</value>
      </Data>
    </ExtendedData>
    <Style id="TrackStyle_n">
      <LineStyle>
        <color>ff1034e8</color>
        <width>5</width>
      </LineStyle>
      <IconStyle>
        <Icon><![CDATA[http://files.2bulu.com/f/d1?downParams=BYohR0x5OLAr0OBxohfNOA%3D%3D%0A]]>
        </Icon>
      </IconStyle>
    </Style>
    <Style id="TrackStyle_h">
      <LineStyle>
        <color>ff1034e8</color>
        <width>7</width>
        <scale>1.1</scale>
      </LineStyle>
      <IconStyle>
        <Icon><![CDATA[http://files.2bulu.com/f/d1?downParams=BYohR0x5OLAr0OBxohfNOA%3D%3D%0A]]>
        </Icon>
      </IconStyle>
    </Style>
    <StyleMap id="TrackStyle">
      <Pair>
        <key>normal</key>
        <styleUrl>#TrackStyle_n</styleUrl>
      </Pair>
      <Pair>
        <key>highlight</key>
        <styleUrl>#TrackStyle_h</styleUrl>
      </Pair>
    </StyleMap>
    <Style id="LineStringStyle">
      <LineStyle>
        <color>ff1034e8</color>
        <width>6</width>
      </LineStyle>
    </Style>
    <Style id="startPointStyle">
      <IconStyle>
        <scale>1.1</scale>
        <Icon><![CDATA[http://files.2bulu.com/f/d1?downParams=n%2BVE0NaFmzwndk%2BZ75NU9A%3D%3D%0A]]>
        </Icon>
      </IconStyle>
    </Style>
    <Style id="endPointStyle">
      <IconStyle>
        <scale>1.1</scale>
        <Icon><![CDATA[http://files.2bulu.com/f/d1?downParams=0Q3GJ5o%2FHpsr0OBxohfNOA%3D%3D%0A]]>
        </Icon>
      </IconStyle>
    </Style>
    <Style id="MarkerStylePicture">
      <LabelStyle>
        <color>ff00ffff</color>
        <colorMode>normal</colorMode>
      </LabelStyle>
      <IconStyle>
        <scale>1.1</scale>
        <Icon><![CDATA[http://files.2bulu.com/f/d1?downParams=vMzvc3dTBl0r0OBxohfNOA%3D%3D%0A]]>
        </Icon>
      </IconStyle>
    </Style>
    <Style id="MarkerStyleSound">
      <LabelStyle>
        <color>ff00ffff</color>
        <colorMode>normal</colorMode>
      </LabelStyle>
      <IconStyle>
        <scale>1.1</scale>
        <Icon><![CDATA[http://files.2bulu.com/f/d1?downParams=poL0RfxWHTIr0OBxohfNOA%3D%3D%0A]]>
        </Icon>
      </IconStyle>
    </Style>
    <Style id="MarkerStyleVideo">
      <LabelStyle>
        <color>ff00ffff</color>
        <colorMode>normal</colorMode>
      </LabelStyle>
      <IconStyle>
        <scale>1.1</scale>
        <Icon><![CDATA[http://files.2bulu.com/f/d1?downParams=vMzvc3dTBl0r0OBxohfNOA%3D%3D%0A]]>
        </Icon>
      </IconStyle>
    </Style>
    <Style id="MarkerStyleText">
      <LabelStyle>
        <color>ff00ffff</color>
        <colorMode>normal</colorMode>
      </LabelStyle>
      <IconStyle>
        <scale>1.1</scale>
        <Icon><![CDATA[http://files.2bulu.com/f/d1?downParams=s2An6%2B3%2BIWUr0OBxohfNOA%3D%3D%0A]]>
        </Icon>
      </IconStyle>
    </Style>
    <Folder id="TbuluHisPointFolder">
      <name>标注点</name>
      <Placemark id="startPoint">
        <name>起点</name>
        <styleUrl>#startPointStyle</styleUrl>
        <TimeStamp>
          <when>1970-01-01T00:00:00Z</when>
        </TimeStamp>
        <Point>
          <coordinates>120.11990896426141,30.2609100099653,16.0</coordinates>
        </Point>
      </Placemark>
      <Placemark id="endPoint">
        <name>终点</name>
        <styleUrl>#endPointStyle</styleUrl>
        <TimeStamp>
          <when>1970-01-07T22:51:40Z</when>
        </TimeStamp>
        <Point>
          <coordinates>120.11969799175858,30.260973796248436,17.0</coordinates>
        </Point>
      </Placemark>
      <Placemark id="realPoint">
        <name>公共厕所</name>
        <styleUrl>#MarkerStyleText</styleUrl>
        <description />
        <TimeStamp>
          <when>1970-01-07T04:14:24Z</when>
        </TimeStamp>
        <Point>
          <coordinates>120.1165889762342,30.241629034280777,13.0</coordinates>
        </Point>
        <ExtendedData>
          <Data name="PosType">
            <value>0</value>
          </Data>
          <Data name="Speed">
            <value>0.0</value>
          </Data>
          <Data name="Accuracy">
            <value>0.0</value>
          </Data>
          <Data name="Time">
            <value>533664000</value>
          </Data>
          <Data name="description">
            <value></value>
          </Data>
          <Data name="FileId">
            <value>0</value>
          </Data>
          <Data name="FileSize">
            <value>0</value>
          </Data>
          <Data name="FileType">
            <value>-1</value>
          </Data>
        </ExtendedData>
      </Placemark>
      <Placemark id="realPoint">
        <name>公共厕所,饮料机</name>
        <styleUrl>#MarkerStyleText</styleUrl>
        <description />
        <TimeStamp>
          <when>1970-01-07T04:14:24Z</when>
        </TimeStamp>
        <Point>
          <coordinates>120.13528799638152,30.23961301892996,16.0</coordinates>
        </Point>
        <ExtendedData>
          <Data name="PosType">
            <value>0</value>
          </Data>
          <Data name="Speed">
            <value>0.0</value>
          </Data>
          <Data name="Accuracy">
            <value>0.0</value>
          </Data>
          <Data name="Time">
            <value>533664000</value>
          </Data>
          <Data name="description">
            <value></value>
          </Data>
          <Data name="FileId">
            <value>0</value>
          </Data>
          <Data name="FileSize">
            <value>0</value>
          </Data>
          <Data name="FileType">
            <value>-1</value>
          </Data>
        </ExtendedData>
      </Placemark>
      <Placemark id="realPoint">
        <name>星巴克</name>
        <styleUrl>#MarkerStyleText</styleUrl>
        <description />
        <TimeStamp>
          <when>1970-01-07T04:14:24Z</when>
        </TimeStamp>
        <Point>
          <coordinates>120.10362099856138,30.243080025538802,48.0</coordinates>
        </Point>
        <ExtendedData>
          <Data name="PosType">
            <value>0</value>
          </Data>
          <Data name="Speed">
            <value>0.0</value>
          </Data>
          <Data name="Accuracy">
            <value>0.0</value>
          </Data>
          <Data name="Time">
            <value>533664000</value>
          </Data>
          <Data name="description">
            <value></value>
          </Data>
          <Data name="FileId">
            <value>0</value>
          </Data>
          <Data name="FileSize">
            <value>0</value>
          </Data>
          <Data name="FileType">
            <value>-1</value>
          </Data>
        </ExtendedData>
      </Placemark>
      <Placemark id="realPoint">
        <name>宝石山,保俶塔</name>
        <styleUrl>#MarkerStyleText</styleUrl>
        <description />
        <TimeStamp>
          <when>1970-01-07T04:14:24Z</when>
        </TimeStamp>
        <Point>
          <coordinates>120.14332699589431,30.263268006965518,65.0</coordinates>
        </Point>
        <ExtendedData>
          <Data name="PosType">
            <value>0</value>
          </Data>
          <Data name="Speed">
            <value>0.0</value>
          </Data>
          <Data name="Accuracy">
            <value>0.0</value>
          </Data>
          <Data name="Time">
            <value>533664000</value>
          </Data>
          <Data name="description">
            <value></value>
          </Data>
          <Data name="FileId">
            <value>0</value>
          </Data>
          <Data name="FileSize">
            <value>0</value>
          </Data>
          <Data name="FileType">
            <value>-1</value>
          </Data>
        </ExtendedData>
      </Placemark>
      <Placemark id="realPoint">
        <name>公共厕所</name>
        <styleUrl>#MarkerStyleText</styleUrl>
        <description />
        <TimeStamp>
          <when>1970-01-07T04:14:24Z</when>
        </TimeStamp>
        <Point>
          <coordinates>120.14577995985746,30.26260399259627,29.0</coordinates>
        </Point>
        <ExtendedData>
          <Data name="PosType">
            <value>0</value>
          </Data>
          <Data name="Speed">
            <value>0.0</value>
          </Data>
          <Data name="Accuracy">
            <value>0.0</value>
          </Data>
          <Data name="Time">
            <value>533664000</value>
          </Data>
          <Data name="description">
            <value></value>
          </Data>
          <Data name="FileId">
            <value>0</value>
          </Data>
          <Data name="FileSize">
            <value>0</value>
          </Data>
          <Data name="FileType">
            <value>-1</value>
          </Data>
        </ExtendedData>
      </Placemark>
      <Placemark id="realPoint">
        <name>公共厕所</name>
        <styleUrl>#MarkerStyleText</styleUrl>
        <description />
        <TimeStamp>
          <when>1970-01-07T04:14:24Z</when>
        </TimeStamp>
        <Point>
          <coordinates>120.12979701161385,30.255551040172577,29.0</coordinates>
        </Point>
        <ExtendedData>
          <Data name="PosType">
            <value>0</value>
          </Data>
          <Data name="Speed">
            <value>0.0</value>
          </Data>
          <Data name="Accuracy">
            <value>0.0</value>
          </Data>
          <Data name="Time">
            <value>533664000</value>
          </Data>
          <Data name="description">
            <value></value>
          </Data>
          <Data name="FileId">
            <value>0</value>
          </Data>
          <Data name="FileSize">
            <value>0</value>
          </Data>
          <Data name="FileType">
            <value>-1</value>
          </Data>
        </ExtendedData>
      </Placemark>
      <Placemark id="realPoint">
        <name>法喜寺</name>
        <styleUrl>#MarkerStyleText</styleUrl>
        <description />
        <TimeStamp>
          <when>1970-01-07T04:14:24Z</when>
        </TimeStamp>
        <Point>
          <coordinates>120.09128602221608,30.229096999391913,107.0</coordinates>
        </Point>
        <ExtendedData>
          <Data name="PosType">
            <value>0</value>
          </Data>
          <Data name="Speed">
            <value>0.0</value>
          </Data>
          <Data name="Accuracy">
            <value>0.0</value>
          </Data>
          <Data name="Time">
            <value>533664000</value>
          </Data>
          <Data name="description">
            <value></value>
          </Data>
          <Data name="FileId">
            <value>0</value>
          </Data>
          <Data name="FileSize">
            <value>0</value>
          </Data>
          <Data name="FileType">
            <value>-1</value>
          </Data>
        </ExtendedData>
      </Placemark>
      <Placemark id="realPoint">
        <name>小店</name>
        <styleUrl>#MarkerStyleText</styleUrl>
        <description />
        <TimeStamp>
          <when>1970-01-07T04:14:24Z</when>
        </TimeStamp>
        <Point>
          <coordinates>120.09305502288043,30.229723965749145,98.0</coordinates>
        </Point>
        <ExtendedData>
          <Data name="PosType">
            <value>0</value>
          </Data>
          <Data name="Speed">
            <value>0.0</value>
          </Data>
          <Data name="Accuracy">
            <value>0.0</value>
          </Data>
          <Data name="Time">
            <value>533664000</value>
          </Data>
          <Data name="description">
            <value></value>
          </Data>
          <Data name="FileId">
            <value>0</value>
          </Data>
          <Data name="FileSize">
            <value>0</value>
          </Data>
          <Data name="FileType">
            <value>-1</value>
          </Data>
        </ExtendedData>
      </Placemark>
      <Placemark id="realPoint">
        <name>公共厕所</name>
        <styleUrl>#MarkerStyleText</styleUrl>
        <description />
        <TimeStamp>
          <when>1970-01-07T04:14:24Z</when>
        </TimeStamp>
        <Point>
          <coordinates>120.11985196731985,30.23940104059875,19.0</coordinates>
        </Point>
        <ExtendedData>
          <Data name="PosType">
            <value>0</value>
          </Data>
          <Data name="Speed">
            <value>0.0</value>
          </Data>
          <Data name="Accuracy">
            <value>0.0</value>
          </Data>
          <Data name="Time">
            <value>533664000</value>
          </Data>
          <Data name="description">
            <value></value>
          </Data>
          <Data name="FileId">
            <value>0</value>
          </Data>
          <Data name="FileSize">
            <value>0</value>
          </Data>
          <Data name="FileType">
            <value>-1</value>
          </Data>
        </ExtendedData>
      </Placemark>
      <Placemark id="realPoint">
        <name>苏堤</name>
        <styleUrl>#MarkerStyleText</styleUrl>
        <description />
        <TimeStamp>
          <when>1970-01-07T04:14:24Z</when>
        </TimeStamp>
        <Point>
          <coordinates>120.1396510284394,30.231013018637896,13.0</coordinates>
        </Point>
        <ExtendedData>
          <Data name="PosType">
            <value>0</value>
          </Data>
          <Data name="Speed">
            <value>0.0</value>
          </Data>
          <Data name="Accuracy">
            <value>0.0</value>
          </Data>
          <Data name="Time">
            <value>533664000</value>
          </Data>
          <Data name="description">
            <value></value>
          </Data>
          <Data name="FileId">
            <value>0</value>
          </Data>
          <Data name="FileSize">
            <value>0</value>
          </Data>
          <Data name="FileType">
            <value>-1</value>
          </Data>
        </ExtendedData>
      </Placemark>
      <Placemark id="realPoint">
        <name>公共厕所</name>
        <styleUrl>#MarkerStyleText</styleUrl>
        <description />
        <TimeStamp>
          <when>1970-01-07T04:14:24Z</when>
        </TimeStamp>
        <Point>
          <coordinates>120.09349197149277,30.230086985975504,102.0</coordinates>
        </Point>
        <ExtendedData>
          <Data name="PosType">
            <value>0</value>
          </Data>
          <Data name="Speed">
            <value>0.0</value>
          </Data>
          <Data name="Accuracy">
            <value>0.0</value>
          </Data>
          <Data name="Time">
            <value>533664000</value>
          </Data>
          <Data name="description">
            <value></value>
          </Data>
          <Data name="FileId">
            <value>0</value>
          </Data>
          <Data name="FileSize">
            <value>0</value>
          </Data>
          <Data name="FileType">
            <value>-1</value>
          </Data>
        </ExtendedData>
      </Placemark>
      <Placemark id="realPoint">
        <name>小店</name>
        <styleUrl>#MarkerStyleText</styleUrl>
        <description />
        <TimeStamp>
          <when>1970-01-07T04:14:24Z</when>
        </TimeStamp>
        <Point>
          <coordinates>120.0986760109663,30.236668037250638,66.0</coordinates>
        </Point>
        <ExtendedData>
          <Data name="PosType">
            <value>0</value>
          </Data>
          <Data name="Speed">
            <value>0.0</value>
          </Data>
          <Data name="Accuracy">
            <value>0.0</value>
          </Data>
          <Data name="Time">
            <value>533664000</value>
          </Data>
          <Data name="description">
            <value></value>
          </Data>
          <Data name="FileId">
            <value>0</value>
          </Data>
          <Data name="FileSize">
            <value>0</value>
          </Data>
          <Data name="FileType">
            <value>-1</value>
          </Data>
        </ExtendedData>
      </Placemark>
      <Placemark id="realPoint">
        <name>公共厕所</name>
        <styleUrl>#MarkerStyleText</styleUrl>
        <description />
        <TimeStamp>
          <when>1970-01-07T04:14:24Z</when>
        </TimeStamp>
        <Point>
          <coordinates>120.11491796001792,30.26050097309053,27.0</coordinates>
        </Point>
        <ExtendedData>
          <Data name="PosType">
            <value>0</value>
          </Data>
          <Data name="Speed">
            <value>0.0</value>
          </Data>
          <Data name="Accuracy">
            <value>0.0</value>
          </Data>
          <Data name="Time">
            <value>533664000</value>
          </Data>
          <Data name="description">
            <value></value>
          </Data>
          <Data name="FileId">
            <value>0</value>
          </Data>
          <Data name="FileSize">
            <value>0</value>
          </Data>
          <Data name="FileType">
            <value>-1</value>
          </Data>
        </ExtendedData>
      </Placemark>
      <Placemark id="realPoint">
        <name>小店</name>
        <styleUrl>#MarkerStyleText</styleUrl>
        <description />
        <TimeStamp>
          <when>1970-01-07T04:14:24Z</when>
        </TimeStamp>
        <Point>
          <coordinates>120.14642301946878,30.261950036510825,21.0</coordinates>
        </Point>
        <ExtendedData>
          <Data name="PosType">
            <value>0</value>
          </Data>
          <Data name="Speed">
            <value>0.0</value>
          </Data>
          <Data name="Accuracy">
            <value>0.0</value>
          </Data>
          <Data name="Time">
            <value>533664000</value>
          </Data>
          <Data name="description">
            <value></value>
          </Data>
          <Data name="FileId">
            <value>0</value>
          </Data>
          <Data name="FileSize">
            <value>0</value>
          </Data>
          <Data name="FileType">
            <value>-1</value>
          </Data>
        </ExtendedData>
      </Placemark>
      <Placemark id="realPoint">
        <name>公共厕所</name>
        <styleUrl>#MarkerStyleText</styleUrl>
        <description />
        <TimeStamp>
          <when>1970-01-07T04:14:24Z</when>
        </TimeStamp>
        <Point>
          <coordinates>120.09986003860831,30.238407030701637,61.0</coordinates>
        </Point>
        <ExtendedData>
          <Data name="PosType">
            <value>0</value>
          </Data>
          <Data name="Speed">
            <value>0.0</value>
          </Data>
          <Data name="Accuracy">
            <value>0.0</value>
          </Data>
          <Data name="Time">
            <value>533664000</value>
          </Data>
          <Data name="description">
            <value></value>
          </Data>
          <Data name="FileId">
            <value>0</value>
          </Data>
          <Data name="FileSize">
            <value>0</value>
          </Data>
          <Data name="FileType">
            <value>-1</value>
          </Data>
        </ExtendedData>
      </Placemark>
      <Placemark id="realPoint">
        <name>白堤</name>
        <styleUrl>#MarkerStyleText</styleUrl>
        <description />
        <TimeStamp>
          <when>1970-01-07T04:14:24Z</when>
        </TimeStamp>
        <Point>
          <coordinates>120.14395999722183,30.257393969222903,21.0</coordinates>
        </Point>
        <ExtendedData>
          <Data name="PosType">
            <value>0</value>
          </Data>
          <Data name="Speed">
            <value>0.0</value>
          </Data>
          <Data name="Accuracy">
            <value>0.0</value>
          </Data>
          <Data name="Time">
            <value>533664000</value>
          </Data>
          <Data name="description">
            <value></value>
          </Data>
          <Data name="FileId">
            <value>0</value>
          </Data>
          <Data name="FileSize">
            <value>0</value>
          </Data>
          <Data name="FileType">
            <value>-1</value>
          </Data>
        </ExtendedData>
      </Placemark>
      <Placemark id="realPoint">
        <name>公共厕所</name>
        <styleUrl>#MarkerStyleText</styleUrl>
        <description />
        <TimeStamp>
          <when>1970-01-07T04:14:24Z</when>
        </TimeStamp>
        <Point>
          <coordinates>120.1034680288285,30.242846002802253,51.0</coordinates>
        </Point>
        <ExtendedData>
          <Data name="PosType">
            <value>0</value>
          </Data>
          <Data name="Speed">
            <value>0.0</value>
          </Data>
          <Data name="Accuracy">
            <value>0.0</value>
          </Data>
          <Data name="Time">
            <value>533664000</value>
          </Data>
          <Data name="description">
            <value></value>
          </Data>
          <Data name="FileId">
            <value>0</value>
          </Data>
          <Data name="FileSize">
            <value>0</value>
          </Data>
          <Data name="FileType">
            <value>-1</value>
          </Data>
        </ExtendedData>
      </Placemark>
      <Placemark id="realPoint">
        <name>起终点：杖一跑来坞</name>
        <styleUrl>#MarkerStyleText</styleUrl>
        <description />
        <TimeStamp>
          <when>1970-01-07T04:14:24Z</when>
        </TimeStamp>
        <Point>
          <coordinates>120.11978097259998,30.261002965271473,17.0</coordinates>
        </Point>
        <ExtendedData>
          <Data name="PosType">
            <value>0</value>
          </Data>
          <Data name="Speed">
            <value>0.0</value>
          </Data>
          <Data name="Accuracy">
            <value>0.0</value>
          </Data>
          <Data name="Time">
            <value>533664000</value>
          </Data>
          <Data name="description">
            <value></value>
          </Data>
          <Data name="FileId">
            <value>0</value>
          </Data>
          <Data name="FileSize">
            <value>0</value>
          </Data>
          <Data name="FileType">
            <value>-1</value>
          </Data>
        </ExtendedData>
      </Placemark>
      <Placemark id="realPoint">
        <name>上香古道</name>
        <styleUrl>#MarkerStyleText</styleUrl>
        <description />
        <TimeStamp>
          <when>1970-01-07T04:14:24Z</when>
        </TimeStamp>
        <Point>
          <coordinates>120.11618798598647,30.24165996350348,20.0</coordinates>
        </Point>
        <ExtendedData>
          <Data name="PosType">
            <value>0</value>
          </Data>
          <Data name="Speed">
            <value>0.0</value>
          </Data>
          <Data name="Accuracy">
            <value>0.0</value>
          </Data>
          <Data name="Time">
            <value>533664000</value>
          </Data>
          <Data name="description">
            <value></value>
          </Data>
          <Data name="FileId">
            <value>0</value>
          </Data>
          <Data name="FileSize">
            <value>0</value>
          </Data>
          <Data name="FileType">
            <value>-1</value>
          </Data>
        </ExtendedData>
      </Placemark>
      <Placemark id="realPoint">
        <name>十里琅珰</name>
        <styleUrl>#MarkerStyleText</styleUrl>
        <description />
        <TimeStamp>
          <when>1970-01-07T04:14:24Z</when>
        </TimeStamp>
        <Point>
          <coordinates>120.09192396886647,30.222482001408935,224.0</coordinates>
        </Point>
        <ExtendedData>
          <Data name="PosType">
            <value>0</value>
          </Data>
          <Data name="Speed">
            <value>0.0</value>
          </Data>
          <Data name="Accuracy">
            <value>0.0</value>
          </Data>
          <Data name="Time">
            <value>533664000</value>
          </Data>
          <Data name="description">
            <value></value>
          </Data>
          <Data name="FileId">
            <value>0</value>
          </Data>
          <Data name="FileSize">
            <value>0</value>
          </Data>
          <Data name="FileType">
            <value>-1</value>
          </Data>
        </ExtendedData>
      </Placemark>
      <Placemark id="realPoint">
        <name>小店</name>
        <styleUrl>#MarkerStyleText</styleUrl>
        <description />
        <TimeStamp>
          <when>1970-01-07T04:22:35Z</when>
        </TimeStamp>
        <Point>
          <coordinates>120.11840525083244,30.241431472823024,16.0</coordinates>
        </Point>
        <ExtendedData>
          <Data name="PosType">
            <value>0</value>
          </Data>
          <Data name="Speed">
            <value>0.0</value>
          </Data>
          <Data name="Accuracy">
            <value>0.0</value>
          </Data>
          <Data name="Time">
            <value>534155000</value>
          </Data>
          <Data name="description">
            <value></value>
          </Data>
          <Data name="FileId">
            <value>0</value>
          </Data>
          <Data name="FileSize">
            <value>0</value>
          </Data>
          <Data name="FileType">
            <value>-1</value>
          </Data>
        </ExtendedData>
      </Placemark>
      <Placemark id="realPoint">
        <name>饮料机</name>
        <styleUrl>#MarkerStyleText</styleUrl>
        <description />
        <TimeStamp>
          <when>1970-01-07T04:25:43Z</when>
        </TimeStamp>
        <Point>
          <coordinates>120.10190539062023,30.24015398696065,60.0</coordinates>
        </Point>
        <ExtendedData>
          <Data name="PosType">
            <value>0</value>
          </Data>
          <Data name="Speed">
            <value>0.0</value>
          </Data>
          <Data name="Accuracy">
            <value>0.0</value>
          </Data>
          <Data name="Time">
            <value>534343000</value>
          </Data>
          <Data name="description">
            <value></value>
          </Data>
          <Data name="FileId">
            <value>0</value>
          </Data>
          <Data name="FileSize">
            <value>0</value>
          </Data>
          <Data name="FileType">
            <value>-1</value>
          </Data>
        </ExtendedData>
      </Placemark>
      <Placemark id="realPoint">
        <name>公共厕所</name>
        <styleUrl>#MarkerStyleText</styleUrl>
        <description />
        <TimeStamp>
          <when>1970-01-07T04:30:00Z</when>
        </TimeStamp>
        <Point>
          <coordinates>120.10107859969139,30.264662504196167,43.0</coordinates>
        </Point>
        <ExtendedData>
          <Data name="PosType">
            <value>0</value>
          </Data>
          <Data name="Speed">
            <value>0.0</value>
          </Data>
          <Data name="Accuracy">
            <value>0.0</value>
          </Data>
          <Data name="Time">
            <value>534600000</value>
          </Data>
          <Data name="description">
            <value></value>
          </Data>
          <Data name="FileId">
            <value>0</value>
          </Data>
          <Data name="FileSize">
            <value>0</value>
          </Data>
          <Data name="FileType">
            <value>-1</value>
          </Data>
        </ExtendedData>
      </Placemark>
    </Folder>
    <Folder id="TbuluTrackFolder">
      <name>轨迹</name>
      <Placemark>
        <name>轨迹片段1</name>
        <description>
          <div>通过“两步路”生成，http://www.2bulu.com</div>
          <div>上传者:zs_eykxsY</div>
          <div>开始时间:</div>
          <div>结束时间:</div>
          <div>轨迹点数:3665</div>
          <div>本段里程:27426.473907844178米</div>
          <div>最高海拔:285.0米</div>
          <div>最低海拔:9.0米</div>
          <div>累计爬升:797.0米</div>
          <div>累计下降:801.0米</div>
        </description>
        <gx:Track>
          <gx:coord>120.11969799175858 30.260973796248436 17.0</gx:coord>
          <gx:coord>120.11988373473287 30.260912189260125 16.0</gx:coord>
          <gx:coord>120.11970377527177 30.260430900380015 16.0</gx:coord>
          <gx:coord>120.11962573975325 30.26039259508252 15.0</gx:coord>
          <gx:coord>120.11952591128647 30.260356971994042 15.0</gx:coord>
          <gx:coord>120.11946162208915 30.260338615626097 15.0</gx:coord>
          <gx:coord>120.1193032041192 30.260315649211407 15.0</gx:coord>
          <gx:coord>120.11912802234292 30.260301902890205 15.0</gx:coord>
          <gx:coord>120.11909340508282 30.2603211812675 15.0</gx:coord>
          <gx:coord>120.11892149224877 30.26031866669655 14.0</gx:coord>
          <gx:coord>120.11870783753693 30.260333586484194 14.0</gx:coord>
          <gx:coord>120.1185560412705 30.260363509878516 14.0</gx:coord>
          <gx:coord>120.11834875680506 30.26037197560072 16.0</gx:coord>
          <gx:coord>120.11812462471426 30.260387985035777 18.0</gx:coord>
          <gx:coord>120.11800384148955 30.260391840711236 18.0</gx:coord>
          <gx:coord>120.11779110878706 30.260422602295876 21.0</gx:coord>
          <gx:coord>120.11756932362914 30.260427463799715 24.0</gx:coord>
          <gx:coord>120.11754501610994 30.260432744398713 24.0</gx:coord>
          <gx:coord>120.11732021346688 30.260453447699547 24.0</gx:coord>
          <gx:coord>120.11709943413734 30.260459566488862 24.0</gx:coord>
          <gx:coord>120.11688301339746 30.26048739440739 23.0</gx:coord>
          <gx:coord>120.11667304672301 30.260514887049794 21.0</gx:coord>
          <gx:coord>120.11644807644188 30.26053911074996 22.0</gx:coord>
          <gx:coord>120.11637548916042 30.260534416884184 22.0</gx:coord>
          <gx:coord>120.11614808812737 30.26054196059704 24.0</gx:coord>
          <gx:coord>120.11609989218414 30.260547660291195 24.0</gx:coord>
          <gx:coord>120.11589193716645 30.260549169033766 29.0</gx:coord>
          <gx:coord>120.11585832573473 30.260540954768658 29.0</gx:coord>
          <gx:coord>120.11564743705094 30.26054891757667 27.0</gx:coord>
          <gx:coord>120.11548885144293 30.260544223710895 27.0</gx:coord>
          <gx:coord>120.11525600217283 30.260552102699876 27.0</gx:coord>
          <gx:coord>120.11523035354912 30.26055419817567 27.0</gx:coord>
          <gx:coord>120.11505567468703 30.260556545108557 27.0</gx:coord>
          <gx:coord>120.11479441076517 30.260525196790695 28.0</gx:coord>
          <gx:coord>120.11462241411209 30.260487981140614 28.0</gx:coord>
          <gx:coord>120.1145391818136 30.26059677824378 27.0</gx:coord>
          <gx:coord>120.11440213769674 30.26073801331222 29.0</gx:coord>
          <gx:coord>120.11423416435719 30.260898945853114 29.0</gx:coord>
          <gx:coord>120.11418311856687 30.261047137901187 29.0</gx:coord>
          <gx:coord>120.11417532339692 30.261126765981317 29.0</gx:coord>
          <gx:coord>120.11415084823966 30.261176889762282 29.0</gx:coord>
          <gx:coord>120.11414816603065 30.26124520227313 29.0</gx:coord>
          <gx:coord>120.11413073167205 30.261336732655764 31.0</gx:coord>
          <gx:coord>120.1141091901809 30.26139808818698 31.0</gx:coord>
          <gx:coord>120.11411597952247 30.261449050158262 31.0</gx:coord>
          <gx:coord>120.1141105312854 30.261479141190648 31.0</gx:coord>
          <gx:coord>120.11408236809075 30.26155793108046 29.0</gx:coord>
          <gx:coord>120.11406753212214 30.26166094467044 29.0</gx:coord>
          <gx:coord>120.11403534561396 30.261854398995638 32.0</gx:coord>
          <gx:coord>120.1139815337956 30.262197218835354 33.0</gx:coord>
          <gx:coord>120.113924453035 30.262211384251714 33.0</gx:coord>
          <gx:coord>120.11370400898159 30.262278439477086 30.0</gx:coord>
          <gx:coord>120.11352874338627 30.262371310964227 31.0</gx:coord>
          <gx:coord>120.11347241699696 30.26239838451147 31.0</gx:coord>
          <gx:coord>120.11346705257893 30.26238564401865 33.0</gx:coord>
          <gx:coord>120.11346034705639 30.262370640411973 33.0</gx:coord>
          <gx:coord>120.11342673562467 30.262341639027 30.0</gx:coord>
          <gx:coord>120.113316597417 30.26233342476189 30.0</gx:coord>
          <gx:coord>120.1132803875953 30.262149274349213 30.0</gx:coord>
          <gx:coord>120.11327904649079 30.26207978837192 35.0</gx:coord>
          <gx:coord>120.1132507994771 30.262080878019333 35.0</gx:coord>
          <gx:coord>120.1132145896554 30.26210753247142 30.0</gx:coord>
          <gx:coord>120.11308701708913 30.262205181643367 32.0</gx:coord>
          <gx:coord>120.11300680227578 30.26225765235722 32.0</gx:coord>
          <gx:coord>120.11299037374556 30.262262765318155 32.0</gx:coord>
          <gx:coord>120.11292030103505 30.262279026210308 32.0</gx:coord>
          <gx:coord>120.11280220001936 30.26229956187308 35.0</gx:coord>
          <gx:coord>120.11277663521469 30.26229956187308 35.0</gx:coord>
          <gx:coord>120.11275517754257 30.262304171919823 35.0</gx:coord>
          <gx:coord>120.11271486058831 30.262324959039688 35.0</gx:coord>
          <gx:coord>120.11262190528214 30.262335520237684 40.0</gx:coord>
          <gx:coord>120.11255065910518 30.26236368343234 40.0</gx:coord>
          <gx:coord>120.11249332688749 30.26236460544169 40.0</gx:coord>
          <gx:coord>120.11241126805544 30.262381536886096 40.0</gx:coord>
          <gx:coord>120.11238042265177 30.26239193044603 40.0</gx:coord>
          <gx:coord>120.1123199891299 30.262410454452038 43.0</gx:coord>
          <gx:coord>120.1122716255486 30.262422021478415 43.0</gx:coord>
          <gx:coord>120.11219501495361 30.26242663152516 43.0</gx:coord>
          <gx:coord>120.11212343350053 30.26243886910379 43.0</gx:coord>
          <gx:coord>120.1120660174638 30.26246485300362 46.0</gx:coord>
          <gx:coord>120.11202176101506 30.262491339817643 46.0</gx:coord>
          <gx:coord>120.11197876185179 30.262507516890764 46.0</gx:coord>
          <gx:coord>120.11195328086615 30.262526040896773 46.0</gx:coord>
          <gx:coord>120.11192235164344 30.26254691183567 46.0</gx:coord>
          <gx:coord>120.11189284734428 30.262571219354868 46.0</gx:coord>
          <gx:coord>120.11183367110789 30.262611703947186 46.0</gx:coord>
          <gx:coord>120.11177591979504 30.262633664533496 50.0</gx:coord>
          <gx:coord>120.1117330044508 30.26264757849276 55.0</gx:coord>
          <gx:coord>120.1117034163326 30.262679932639003 55.0</gx:coord>
          <gx:coord>120.11167206801474 30.2626939304173 55.0</gx:coord>
          <gx:coord>120.1116479281336 30.26270474307239 55.0</gx:coord>
          <gx:coord>120.11162353679538 30.26271748356521 55.0</gx:coord>
          <gx:coord>120.11159730143845 30.26273550465703 55.0</gx:coord>
          <gx:coord>120.11157584376633 30.262750508263707 55.0</gx:coord>
          <gx:coord>120.11155162006617 30.262765595689416 55.0</gx:coord>
          <gx:coord>120.11152613908052 30.262774815782905 59.0</gx:coord>
          <gx:coord>120.11150686070323 30.262802308425307 59.0</gx:coord>
          <gx:coord>120.11146335862577 30.262826615944505 59.0</gx:coord>
          <gx:coord>120.11145212687552 30.262841619551182 59.0</gx:coord>
          <gx:coord>120.11141767725348 30.262877997010946 59.0</gx:coord>
          <gx:coord>120.1113958004862 30.26289861649275 59.0</gx:coord>
          <gx:coord>120.11138289235532 30.262901382520795 59.0</gx:coord>
          <gx:coord>120.11137895286083 30.262909596785903 59.0</gx:coord>
          <gx:coord>120.11132597923279 30.262971622869372 58.0</gx:coord>
          <gx:coord>120.11125884018838 30.263065416365862 58.0</gx:coord>
          <gx:coord>120.1112144999206 30.263119814917445 57.0</gx:coord>
          <gx:coord>120.11117150075734 30.263158036395907 57.0</gx:coord>
          <gx:coord>120.11111911386251 30.263239089399576 57.0</gx:coord>
          <gx:coord>120.1110855024308 30.263283094391227 57.0</gx:coord>
          <gx:coord>120.11099824681878 30.26334579102695 57.0</gx:coord>
          <gx:coord>120.11082901619375 30.263476381078362 57.0</gx:coord>
          <gx:coord>120.11077528819442 30.26357252150774 57.0</gx:coord>
          <gx:coord>120.1107604522258 30.263617616146803 57.0</gx:coord>
          <gx:coord>120.11078174225986 30.26363546960056 57.0</gx:coord>
          <gx:coord>120.11081325821579 30.263653406873345 57.0</gx:coord>
          <gx:coord>120.11093202978373 30.263707051053643 57.0</gx:coord>
          <gx:coord>120.11102238669991 30.263817021623254 58.0</gx:coord>
          <gx:coord>120.11109354905784 30.26394677348435 58.0</gx:coord>
          <gx:coord>120.11120368726552 30.264080045744777 58.0</gx:coord>
          <gx:coord>120.11127082630992 30.26416579261422 56.0</gx:coord>
          <gx:coord>120.11140854097903 30.264317337423563 56.0</gx:coord>
          <gx:coord>120.11145346798003 30.264423033222556 56.0</gx:coord>
          <gx:coord>120.11145212687552 30.264469301328063 56.0</gx:coord>
          <gx:coord>120.11137777939439 30.264550019055605 56.0</gx:coord>
          <gx:coord>120.11133779771626 30.26455806568265 56.0</gx:coord>
          <gx:coord>120.1112734246999 30.26457767933607 56.0</gx:coord>
          <gx:coord>120.11124853044748 30.264582624658942 62.0</gx:coord>
          <gx:coord>120.11119958013296 30.264610536396503 60.0</gx:coord>
          <gx:coord>120.1111851632595 30.26460601016879 60.0</gx:coord>
          <gx:coord>120.11115758679807 30.264628306031227 60.0</gx:coord>
          <gx:coord>120.11114635504782 30.2646417170763 60.0</gx:coord>
          <gx:coord>120.11113529093564 30.264650182798505 60.0</gx:coord>
          <gx:coord>120.11108558624983 30.264694690704346 60.0</gx:coord>
          <gx:coord>120.11106127873063 30.26472369208932 60.0</gx:coord>
          <gx:coord>120.11102280579507 30.264761662110686 60.0</gx:coord>
          <gx:coord>120.11101165786386 30.26477255858481 60.0</gx:coord>
          <gx:coord>120.11096958070993 30.264802565798163 66.0</gx:coord>
          <gx:coord>120.11094971559942 30.264811869710684 66.0</gx:coord>
          <gx:coord>120.11093094013631 30.26483508758247 66.0</gx:coord>
          <gx:coord>120.11091752909124 30.264848917722702 66.0</gx:coord>
          <gx:coord>120.11090680025518 30.26485126465559 66.0</gx:coord>
          <gx:coord>120.11088257655501 30.26486048474908 66.0</gx:coord>
          <gx:coord>120.11086380109191 30.26486048474908 66.0</gx:coord>
          <gx:coord>120.11084904894233 30.264850091189146 66.0</gx:coord>
          <gx:coord>120.11082616634667 30.26485704816878 66.0</gx:coord>
          <gx:coord>120.1108127553016 30.264847744256258 66.0</gx:coord>
          <gx:coord>120.11080202646554 30.264847744256258 66.0</gx:coord>
          <gx:coord>120.11079263873398 30.26483961381018 66.0</gx:coord>
          <gx:coord>120.11077914386988 30.264837266877294 66.0</gx:coord>
          <gx:coord>120.11076707392931 30.264831483364105 66.0</gx:coord>
          <gx:coord>120.11074963957071 30.264824526384473 66.0</gx:coord>
          <gx:coord>120.11073220521212 30.264815306290984 66.0</gx:coord>
          <gx:coord>120.1107173692435 30.26480482891202 66.0</gx:coord>
          <gx:coord>120.11069591157138 30.26479904539883 66.0</gx:coord>
          <gx:coord>120.11068384163082 30.264788568019867 73.0</gx:coord>
          <gx:coord>120.11066774837673 30.26477934792638 73.0</gx:coord>
          <gx:coord>120.11064888909459 30.264768870547414 73.0</gx:coord>
          <gx:coord>120.11063413694501 30.26476191356778 73.0</gx:coord>
          <gx:coord>120.11062609031796 30.264753783121705 73.0</gx:coord>
          <gx:coord>120.1106153614819 30.264741042628884 73.0</gx:coord>
          <gx:coord>120.11061938479543 30.26472369208932 73.0</gx:coord>
          <gx:coord>120.11060731485486 30.264697037637234 73.0</gx:coord>
          <gx:coord>120.11058040894568 30.2646866440773 73.0</gx:coord>
          <gx:coord>120.11055358685553 30.264678513631225 73.0</gx:coord>
          <gx:coord>120.11052533984184 30.264653032645583 73.0</gx:coord>
          <gx:coord>120.11049583554268 30.26463911868632 73.0</gx:coord>
          <gx:coord>120.11048099957407 30.26463677175343 73.0</gx:coord>
          <gx:coord>120.11046322993934 30.264625623822212 73.0</gx:coord>
          <gx:coord>120.11042509227991 30.264620762318373 73.0</gx:coord>
          <gx:coord>120.11039382778108 30.26460835710168 77.0</gx:coord>
          <gx:coord>120.11036843061447 30.264616487547755 77.0</gx:coord>
          <gx:coord>120.1102992799133 30.264632077887654 77.0</gx:coord>
          <gx:coord>120.1102786604315 30.264631072059274 77.0</gx:coord>
          <gx:coord>120.11025410145521 30.2646366879344 77.0</gx:coord>
          <gx:coord>120.11020883917809 30.26462210342288 77.0</gx:coord>
          <gx:coord>120.11018821969628 30.264635430648923 77.0</gx:coord>
          <gx:coord>120.11016407981515 30.264648171141744 77.0</gx:coord>
          <gx:coord>120.11011705733836 30.264667868614197 82.0</gx:coord>
          <gx:coord>120.11004857718945 30.264674741774797 82.0</gx:coord>
          <gx:coord>120.11002980172634 30.264682872220874 82.0</gx:coord>
          <gx:coord>120.11002033017576 30.264692092314363 82.0</gx:coord>
          <gx:coord>120.11000557802618 30.26469443924725 82.0</gx:coord>
          <gx:coord>120.10997205041349 30.26470022276044 82.0</gx:coord>
          <gx:coord>120.10993173345923 30.26471061632037 82.0</gx:coord>
          <gx:coord>120.10989736765623 30.264726458117366 82.0</gx:coord>
          <gx:coord>120.10986241512 30.26474665850401 82.0</gx:coord>
          <gx:coord>120.10982293635607 30.264762500301003 88.0</gx:coord>
          <gx:coord>120.10981497354805 30.26477800682187 88.0</gx:coord>
          <gx:coord>120.1097799371928 30.26480432599783 88.0</gx:coord>
          <gx:coord>120.10974775068462 30.26482637040317 88.0</gx:coord>
          <gx:coord>120.10972352698445 30.264827460050583 88.0</gx:coord>
          <gx:coord>120.10970743373036 30.26483215391636 88.0</gx:coord>
          <gx:coord>120.1096882391721 30.26484740898013 88.0</gx:coord>
          <gx:coord>120.1096575614065 30.264883870258927 92.0</gx:coord>
          <gx:coord>120.10962948203087 30.26490851305425 92.0</gx:coord>
          <gx:coord>120.10959595441818 30.264923935756087 92.0</gx:coord>
          <gx:coord>120.10956452228129 30.264934580773115 104.0</gx:coord>
          <gx:coord>120.1095397118479 30.264924690127373 104.0</gx:coord>
          <gx:coord>120.1095124706626 30.264938436448574 104.0</gx:coord>
          <gx:coord>120.1094982214272 30.264952182769775 104.0</gx:coord>
          <gx:coord>120.10949268937111 30.264966851100326 104.0</gx:coord>
          <gx:coord>120.10946243070066 30.264970287680626 104.0</gx:coord>
          <gx:coord>120.10944122448564 30.26497632265091 104.0</gx:coord>
          <gx:coord>120.10940962471068 30.265008257701993 104.0</gx:coord>
          <gx:coord>120.10940115898848 30.265019573271275 104.0</gx:coord>
          <gx:coord>120.10939244180918 30.265030721202493 104.0</gx:coord>
          <gx:coord>120.10939420200884 30.265032649040222 104.0</gx:coord>
          <gx:coord>120.10938070714474 30.265034828335047 104.0</gx:coord>
          <gx:coord>120.10934885591269 30.265023093670607 104.0</gx:coord>
          <gx:coord>120.10932463221252 30.26502418331802 104.0</gx:coord>
          <gx:coord>120.10929781012237 30.265032313764095 119.0</gx:coord>
          <gx:coord>120.10927325114608 30.26504371315241 119.0</gx:coord>
          <gx:coord>120.10926595889032 30.2650389354676 119.0</gx:coord>
          <gx:coord>120.10926067829132 30.265045557171106 119.0</gx:coord>
          <gx:coord>120.1092529669404 30.26506089605391 119.0</gx:coord>
          <gx:coord>120.10924114845693 30.265066092833877 119.0</gx:coord>
          <gx:coord>120.10923469439149 30.26506584137678 119.0</gx:coord>
          <gx:coord>120.10921499691904 30.265067014843225 119.0</gx:coord>
          <gx:coord>120.10916302911937 30.265106577426195 119.0</gx:coord>
          <gx:coord>120.10911013931036 30.265142116695642 137.0</gx:coord>
          <gx:coord>120.1090957224369 30.26515276171267 137.0</gx:coord>
          <gx:coord>120.10906655341387 30.265173632651567 137.0</gx:coord>
          <gx:coord>120.10905171744525 30.26518310420215 137.0</gx:coord>
          <gx:coord>120.10904744267464 30.265183439478278 137.0</gx:coord>
          <gx:coord>120.10902757756412 30.265190145000815 156.0</gx:coord>
          <gx:coord>120.10901441797614 30.265193078666925 156.0</gx:coord>
          <gx:coord>120.109006119892 30.26521671563387 156.0</gx:coord>
          <gx:coord>120.10898105800152 30.26525443419814 156.0</gx:coord>
          <gx:coord>120.10895130224526 30.26528812944889 156.0</gx:coord>
          <gx:coord>120.10892439633608 30.265311263501644 156.0</gx:coord>
          <gx:coord>120.10891752317548 30.265332218259573 156.0</gx:coord>
          <gx:coord>120.10890629142523 30.265334146097302 156.0</gx:coord>
          <gx:coord>120.10888122953475 30.265348479151726 156.0</gx:coord>
          <gx:coord>120.10887226089835 30.265371026471257 156.0</gx:coord>
          <gx:coord>120.10884116403759 30.26540732011199 156.0</gx:coord>
          <gx:coord>120.10885189287364 30.265433974564075 160.0</gx:coord>
          <gx:coord>120.10885725729167 30.265452582389116 160.0</gx:coord>
          <gx:coord>120.10884770192206 30.265475464984775 160.0</gx:coord>
          <gx:coord>120.10884175077081 30.26548015885055 160.0</gx:coord>
          <gx:coord>120.10883387178183 30.265511088073254 160.0</gx:coord>
          <gx:coord>120.1088332850486 30.265543358400464 160.0</gx:coord>
          <gx:coord>120.10882632806897 30.265574119985104 160.0</gx:coord>
          <gx:coord>120.10884652845562 30.265767574310303 159.0</gx:coord>
          <gx:coord>120.10883026756346 30.26584762148559 159.0</gx:coord>
          <gx:coord>120.10881157591939 30.265862541273236 159.0</gx:coord>
          <gx:coord>120.1087819878012 30.265877544879913 159.0</gx:coord>
          <gx:coord>120.10875063948333 30.26587100699544 159.0</gx:coord>
          <gx:coord>120.10870420373976 30.265868743881583 158.0</gx:coord>
          <gx:coord>120.10868249461055 30.26585591956973 158.0</gx:coord>
          <gx:coord>120.1086501404643 30.265858098864555 158.0</gx:coord>
          <gx:coord>120.10859984904528 30.26585776358843 158.0</gx:coord>
          <gx:coord>120.10858224704862 30.265866480767727 158.0</gx:coord>
          <gx:coord>120.10857520624995 30.26586866006255 158.0</gx:coord>
          <gx:coord>120.10856179520488 30.265873102471232 158.0</gx:coord>
          <gx:coord>120.10853681713343 30.26586866006255 158.0</gx:coord>
          <gx:coord>120.10852927342057 30.26586178690195 158.0</gx:coord>
          <gx:coord>120.10852701030672 30.265852818265557 158.0</gx:coord>
          <gx:coord>120.10850647464395 30.265830773860216 158.0</gx:coord>
          <gx:coord>120.10848560370505 30.26583722792566 158.0</gx:coord>
          <gx:coord>120.1084791496396 30.265841837972403 158.0</gx:coord>
          <gx:coord>120.10847344994545 30.26583722792566 158.0</gx:coord>
          <gx:coord>120.10846666060388 30.26582758873701 152.0</gx:coord>
          <gx:coord>120.10845433920622 30.265809064731002 152.0</gx:coord>
          <gx:coord>120.10844361037016 30.265804454684258 152.0</gx:coord>
          <gx:coord>120.10841947048903 30.265800934284925 152.0</gx:coord>
          <gx:coord>120.10840061120689 30.26581141166389 152.0</gx:coord>
          <gx:coord>120.10838720016181 30.2658056281507 152.0</gx:coord>
          <gx:coord>120.10837110690773 30.26581484824419 152.0</gx:coord>
          <gx:coord>120.10835761204362 30.26581828482449 152.0</gx:coord>
          <gx:coord>120.1083361543715 30.265828762203455 152.0</gx:coord>
          <gx:coord>120.10830262675881 30.26584611274302 152.0</gx:coord>
          <gx:coord>120.10825065895915 30.265898248180747 152.0</gx:coord>
          <gx:coord>120.1082206517458 30.265913251787424 152.0</gx:coord>
          <gx:coord>120.10820439085364 30.265930937603116 152.0</gx:coord>
          <gx:coord>120.1081667561084 30.265947449952364 147.0</gx:coord>
          <gx:coord>120.10815544053912 30.265946947038174 147.0</gx:coord>
          <gx:coord>120.10813549160957 30.26595113798976 147.0</gx:coord>
          <gx:coord>120.10811218991876 30.26595164090395 147.0</gx:coord>
          <gx:coord>120.10809123516083 30.265961196273565 147.0</gx:coord>
          <gx:coord>120.10805184021592 30.265967650339007 147.0</gx:coord>
          <gx:coord>120.10793994180858 30.266027748584747 148.0</gx:coord>
          <gx:coord>120.10785000398755 30.266082230955362 143.0</gx:coord>
          <gx:coord>120.10782720521092 30.26610997505486 143.0</gx:coord>
          <gx:coord>120.10772779583931 30.266162026673555 143.0</gx:coord>
          <gx:coord>120.1076955255121 30.266178287565708 143.0</gx:coord>
          <gx:coord>120.1076780911535 30.266189854592085 143.0</gx:coord>
          <gx:coord>120.10765261016786 30.266193291172385 143.0</gx:coord>
          <gx:coord>120.10761899873614 30.266215251758695 142.0</gx:coord>
          <gx:coord>120.10758547112346 30.266240732744336 142.0</gx:coord>
          <gx:coord>120.10754783637822 30.266259256750345 147.0</gx:coord>
          <gx:coord>120.10749813169241 30.266262693330646 147.0</gx:coord>
          <gx:coord>120.10747130960226 30.26626043021679 147.0</gx:coord>
          <gx:coord>120.10742696933448 30.266278870403767 147.0</gx:coord>
          <gx:coord>120.10739612393081 30.266284653916955 147.0</gx:coord>
          <gx:coord>120.10737592354417 30.266291610896587 147.0</gx:coord>
          <gx:coord>120.10735178366303 30.266303177922964 138.0</gx:coord>
          <gx:coord>120.10732219554484 30.26630787178874 138.0</gx:coord>
          <gx:coord>120.10730073787272 30.26630778796971 138.0</gx:coord>
          <gx:coord>120.10727525688708 30.26631474494934 138.0</gx:coord>
          <gx:coord>120.10725103318691 30.266313571482897 138.0</gx:coord>
          <gx:coord>120.1072309166193 30.26631709188223 138.0</gx:coord>
          <gx:coord>120.10721616446972 30.266325138509274 138.0</gx:coord>
          <gx:coord>120.1072013285011 30.266329748556018 138.0</gx:coord>
          <gx:coord>120.10718389414251 30.266334442421794 138.0</gx:coord>
          <gx:coord>120.10714231990278 30.266354056075215 138.0</gx:coord>
          <gx:coord>120.10708590969443 30.266378363594413 138.0</gx:coord>
          <gx:coord>120.1070670504123 30.26641432195902 125.0</gx:coord>
          <gx:coord>120.10704291053116 30.26644323952496 125.0</gx:coord>
          <gx:coord>120.10703352279961 30.266475677490234 125.0</gx:coord>
          <gx:coord>120.1070308405906 30.26650576852262 125.0</gx:coord>
          <gx:coord>120.10702136904001 30.266530076041818 111.0</gx:coord>
          <gx:coord>120.10702413506806 30.26654977351427 111.0</gx:coord>
          <gx:coord>120.1070308405906 30.266582211479545 111.0</gx:coord>
          <gx:coord>120.10704559274018 30.26662395335734 111.0</gx:coord>
          <gx:coord>120.10705229826272 30.26664943434298 111.0</gx:coord>
          <gx:coord>120.10706973262131 30.266685308888555 111.0</gx:coord>
          <gx:coord>120.10710066184402 30.26671539992094 132.0</gx:coord>
          <gx:coord>120.1071167550981 30.266740880906582 132.0</gx:coord>
          <gx:coord>120.10713687166572 30.26676527224481 132.0</gx:coord>
          <gx:coord>120.10715028271079 30.26678723283112 132.0</gx:coord>
          <gx:coord>120.10717450641096 30.266813887283206 114.0</gx:coord>
          <gx:coord>120.10720401071012 30.26683014817536 114.0</gx:coord>
          <gx:coord>120.10722546838224 30.26684632524848 114.0</gx:coord>
          <gx:coord>120.10725103318691 30.266856802627444 114.0</gx:coord>
          <gx:coord>120.1072859019041 30.26687071658671 114.0</gx:coord>
          <gx:coord>120.10729797184467 30.266890414059162 114.0</gx:coord>
          <gx:coord>120.10733560658991 30.266910111531615 114.0</gx:coord>
          <gx:coord>120.10737726464868 30.266932155936956 138.0</gx:coord>
          <gx:coord>120.10740676894784 30.266958810389042 138.0</gx:coord>
          <gx:coord>120.10744046419859 30.266990158706903 138.0</gx:coord>
          <gx:coord>120.1074624247849 30.267005329951644 138.0</gx:coord>
          <gx:coord>120.10747927241027 30.267015555873513 138.0</gx:coord>
          <gx:coord>120.10754104703665 30.267083952203393 118.0</gx:coord>
          <gx:coord>120.10753836482763 30.267115216702223 118.0</gx:coord>
          <gx:coord>120.10756384581327 30.26715570129454 118.0</gx:coord>
          <gx:coord>120.1075813639909 30.26719626970589 118.0</gx:coord>
          <gx:coord>120.10759209282696 30.26728662662208 118.0</gx:coord>
          <gx:coord>120.10760013945401 30.26731789112091 118.0</gx:coord>
          <gx:coord>120.10761003009975 30.267389975488186 106.0</gx:coord>
          <gx:coord>120.10762025602162 30.26742333546281 106.0</gx:coord>
          <gx:coord>120.10762025602162 30.26743951253593 106.0</gx:coord>
          <gx:coord>120.10762293823063 30.267468513920903 106.0</gx:coord>
          <gx:coord>120.10760013945401 30.26751134544611 106.0</gx:coord>
          <gx:coord>120.10759469121695 30.267534479498863 106.0</gx:coord>
          <gx:coord>120.10758128017187 30.267563480883837 106.0</gx:coord>
          <gx:coord>120.10757725685835 30.267582004889846 106.0</gx:coord>
          <gx:coord>120.10754372924566 30.267631709575653 106.0</gx:coord>
          <gx:coord>120.10751682333648 30.267682671546936 91.0</gx:coord>
          <gx:coord>120.10750073008239 30.267722066491842 91.0</gx:coord>
          <gx:coord>120.10748866014183 30.267752157524228 91.0</gx:coord>
          <gx:coord>120.10747516527772 30.267782248556614 91.0</gx:coord>
          <gx:coord>120.10745638981462 30.26782742701471 91.0</gx:coord>
          <gx:coord>120.10744566097856 30.26787143200636 91.0</gx:coord>
          <gx:coord>120.10744029656053 30.267901606857777 91.0</gx:coord>
          <gx:coord>120.10742143727839 30.267923567444086 70.0</gx:coord>
          <gx:coord>120.10741741396487 30.267944438382983 70.0</gx:coord>
          <gx:coord>120.1074053440243 30.267962962388992 70.0</gx:coord>
          <gx:coord>120.10740266181529 30.267980312928557 70.0</gx:coord>
          <gx:coord>120.10739059187472 30.26799649000168 70.0</gx:coord>
          <gx:coord>120.1073865685612 30.26801275089383 70.0</gx:coord>
          <gx:coord>120.10737986303866 30.268024317920208 70.0</gx:coord>
          <gx:coord>120.10737852193415 30.26804057881236 70.0</gx:coord>
          <gx:coord>120.10737449862063 30.268056755885482 70.0</gx:coord>
          <gx:coord>120.10737039148808 30.268076453357935 70.0</gx:coord>
          <gx:coord>120.10736234486103 30.26811232790351 70.0</gx:coord>
          <gx:coord>120.10734893381596 30.268141329288483 64.0</gx:coord>
          <gx:coord>120.10734759271145 30.268167899921536 64.0</gx:coord>
          <gx:coord>120.1073382049799 30.268182987347245 64.0</gx:coord>
          <gx:coord>120.10732881724834 30.268199164420366 50.0</gx:coord>
          <gx:coord>120.10731934569776 30.26821307837963 50.0</gx:coord>
          <gx:coord>120.10730593465269 30.268226992338896 50.0</gx:coord>
          <gx:coord>120.10730057023466 30.268241995945573 50.0</gx:coord>
          <gx:coord>120.10729788802564 30.268266387283802 50.0</gx:coord>
          <gx:coord>120.10728850029409 30.26828139089048 50.0</gx:coord>
          <gx:coord>120.10727374814451 30.268290694803 50.0</gx:coord>
          <gx:coord>120.10726838372648 30.26830687187612 50.0</gx:coord>
          <gx:coord>120.10726972483099 30.268324222415686 50.0</gx:coord>
          <gx:coord>120.10727106593549 30.26835322380066 50.0</gx:coord>
          <gx:coord>120.10725488886237 30.26836018078029 50.0</gx:coord>
          <gx:coord>120.10724416002631 30.268376357853413 50.0</gx:coord>
          <gx:coord>120.10724818333983 30.26840066537261 50.0</gx:coord>
          <gx:coord>120.10724550113082 30.268421536311507 50.0</gx:coord>
          <gx:coord>120.10722136124969 30.268432265147567 50.0</gx:coord>
          <gx:coord>120.10720334015787 30.26843477971852 50.0</gx:coord>
          <gx:coord>120.10717090219259 30.268428158015013 50.0</gx:coord>
          <gx:coord>120.10715246200562 30.268429834395647 50.0</gx:coord>
          <gx:coord>120.10714039206505 30.26845003478229 50.0</gx:coord>
          <gx:coord>120.10714282281697 30.2684719953686 50.0</gx:coord>
          <gx:coord>120.10712530463934 30.268491776660085 44.0</gx:coord>
          <gx:coord>120.10711994022131 30.268508791923523 44.0</gx:coord>
          <gx:coord>120.10711792856455 30.268555814400315 44.0</gx:coord>
          <gx:coord>120.10711658746004 30.2685824688524 44.0</gx:coord>
          <gx:coord>120.107108540833 30.26861373335123 44.0</gx:coord>
          <gx:coord>120.10710585862398 30.26863577775657 44.0</gx:coord>
          <gx:coord>120.10710183531046 30.268649607896805 44.0</gx:coord>
          <gx:coord>120.10709915310144 30.26867626234889 44.0</gx:coord>
          <gx:coord>120.1071098819375 30.268712220713496 44.0</gx:coord>
          <gx:coord>120.10711524635553 30.268739964812994 44.0</gx:coord>
          <gx:coord>120.10711256414652 30.268755052238703 40.0</gx:coord>
          <gx:coord>120.10710451751947 30.268773576244712 40.0</gx:coord>
          <gx:coord>120.10710309259593 30.268796710297465 40.0</gx:coord>
          <gx:coord>120.10708565823734 30.268831495195627 40.0</gx:coord>
          <gx:coord>120.10707627050579 30.268866196274757 38.0</gx:coord>
          <gx:coord>120.10709906928241 30.26889863424003 40.0</gx:coord>
          <gx:coord>120.10710577480495 30.268947333097458 40.0</gx:coord>
          <gx:coord>120.10710577480495 30.268984381109476 40.0</gx:coord>
          <gx:coord>120.10710711590946 30.269000558182597 40.0</gx:coord>
          <gx:coord>120.10710577480495 30.269021429121494 40.0</gx:coord>
          <gx:coord>120.10710577480495 30.269039953127503 35.0</gx:coord>
          <gx:coord>120.10710845701396 30.269053867086768 35.0</gx:coord>
          <gx:coord>120.10710041038692 30.269068870693445 35.0</gx:coord>
          <gx:coord>120.10711650364101 30.269103655591607 35.0</gx:coord>
          <gx:coord>120.10712781921029 30.269252937287092 35.0</gx:coord>
          <gx:coord>120.10712186805904 30.269287806004286 35.0</gx:coord>
          <gx:coord>120.10711650364101 30.26931446045637 31.0</gx:coord>
          <gx:coord>120.10710963048041 30.26933533139527 31.0</gx:coord>
          <gx:coord>120.10709504596889 30.26936768554151 31.0</gx:coord>
          <gx:coord>120.10707886889577 30.26936768554151 29.0</gx:coord>
          <gx:coord>120.10705204680562 30.269366512075067 29.0</gx:coord>
          <gx:coord>120.10697552002966 30.269331810995936 29.0</gx:coord>
          <gx:coord>120.10693117976189 30.269309766590595 29.0</gx:coord>
          <gx:coord>120.10674862191081 30.26923089288175 30.0</gx:coord>
          <gx:coord>120.10662775486708 30.269149839878082 30.0</gx:coord>
          <gx:coord>120.10649750009179 30.269020004197955 33.0</gx:coord>
          <gx:coord>120.10642231442034 30.268960911780596 33.0</gx:coord>
          <gx:coord>120.10633639991283 30.268911123275757 33.0</gx:coord>
          <gx:coord>120.10623162612319 30.268823029473424 29.0</gx:coord>
          <gx:coord>120.10613632388413 30.26877206750214 29.0</gx:coord>
          <gx:coord>120.10605711489916 30.268748849630356 33.0</gx:coord>
          <gx:coord>120.10603020898998 30.268725715577602 33.0</gx:coord>
          <gx:coord>120.10599668137729 30.268717585131526 33.0</gx:coord>
          <gx:coord>120.1059496589005 30.268704844638705 31.0</gx:coord>
          <gx:coord>120.10581538081169 30.268634101375937 31.0</gx:coord>
          <gx:coord>120.10569719597697 30.26858967728913 31.0</gx:coord>
          <gx:coord>120.10549318045378 30.268518179655075 30.0</gx:coord>
          <gx:coord>120.10530249215662 30.268452130258083 34.0</gx:coord>
          <gx:coord>120.10519931092858 30.268416926264763 34.0</gx:coord>
          <gx:coord>120.1051171682775 30.268389517441392 34.0</gx:coord>
          <gx:coord>120.10501650162041 30.26834199205041 34.0</gx:coord>
          <gx:coord>120.10486881248653 30.268199499696493 34.0</gx:coord>
          <gx:coord>120.10472112335265 30.26800143532455 32.0</gx:coord>
          <gx:coord>120.1046834886074 30.267935385927558 32.0</gx:coord>
          <gx:coord>120.10467007756233 30.267868246883154 34.0</gx:coord>
          <gx:coord>120.1046943012625 30.26783580891788 34.0</gx:coord>
          <gx:coord>120.10471701622009 30.267794989049435 34.0</gx:coord>
          <gx:coord>120.10478155687451 30.267731621861458 34.0</gx:coord>
          <gx:coord>120.10484333150089 30.267709577456117 34.0</gx:coord>
          <gx:coord>120.10488440282643 30.267668087035418 36.0</gx:coord>
          <gx:coord>120.10489404201508 30.267643108963966 36.0</gx:coord>
          <gx:coord>120.10489362291992 30.267597008496523 32.0</gx:coord>
          <gx:coord>120.10489571839571 30.26758317835629 32.0</gx:coord>
          <gx:coord>120.1048983167857 30.26752752251923 32.0</gx:coord>
          <gx:coord>120.10483528487384 30.267408499494195 31.0</gx:coord>
          <gx:coord>120.10469027794898 30.26732618920505 36.0</gx:coord>
          <gx:coord>120.10465800762177 30.26729341596365 36.0</gx:coord>
          <gx:coord>120.10454870760441 30.267223846167326 35.0</gx:coord>
          <gx:coord>120.1044886931777 30.267214374616742 35.0</gx:coord>
          <gx:coord>120.10436547920108 30.267167184501886 35.0</gx:coord>
          <gx:coord>120.10433689691126 30.26715075597167 35.0</gx:coord>
          <gx:coord>120.10428618639708 30.267143044620752 32.0</gx:coord>
          <gx:coord>120.10420152917504 30.267119910568 32.0</gx:coord>
          <gx:coord>120.10408342815936 30.267067775130272 42.0</gx:coord>
          <gx:coord>120.10395451448858 30.266982028260827 37.0</gx:coord>
          <gx:coord>120.10390757583082 30.26692058891058 37.0</gx:coord>
          <gx:coord>120.10387664660811 30.26686384342611 37.0</gx:coord>
          <gx:coord>120.10385384783149 30.266805924475193 37.0</gx:coord>
          <gx:coord>120.10380959138274 30.266684303060174 44.0</gx:coord>
          <gx:coord>120.10381495580077 30.266662342473865 44.0</gx:coord>
          <gx:coord>120.10380146093667 30.26663568802178 44.0</gx:coord>
          <gx:coord>120.10378134436905 30.266613643616438 44.0</gx:coord>
          <gx:coord>120.10377732105553 30.26656150817871 44.0</gx:coord>
          <gx:coord>120.10369274765253 30.266461931169033 44.0</gx:coord>
          <gx:coord>120.10350482538342 30.266398144885898 44.0</gx:coord>
          <gx:coord>120.1034027338028 30.266292700544 37.0</gx:coord>
          <gx:coord>120.1034162286669 30.266254479065537 37.0</gx:coord>
          <gx:coord>120.10342963971198 30.266210474073887 46.0</gx:coord>
          <gx:coord>120.10345914401114 30.266147945076227 46.0</gx:coord>
          <gx:coord>120.10348068550229 30.26611089706421 53.0</gx:coord>
          <gx:coord>120.10351555421948 30.266064628958702 53.0</gx:coord>
          <gx:coord>120.10356123559177 30.26602062396705 53.0</gx:coord>
          <gx:coord>120.10358805768192 30.26599857956171 53.0</gx:coord>
          <gx:coord>120.10364178568125 30.26595457457006 54.0</gx:coord>
          <gx:coord>120.10371160693467 30.265890872105956 54.0</gx:coord>
          <gx:coord>120.10383808985353 30.265778973698616 63.0</gx:coord>
          <gx:coord>120.10392660275102 30.265713846310973 63.0</gx:coord>
          <gx:coord>120.10405769571662 30.265639750286937 66.0</gx:coord>
          <gx:coord>120.10410639457405 30.26558526791632 66.0</gx:coord>
          <gx:coord>120.10418560355902 30.26550647802651 66.0</gx:coord>
          <gx:coord>120.10423933155835 30.26546943001449 66.0</gx:coord>
          <gx:coord>120.104267494753 30.265433555468917 66.0</gx:coord>
          <gx:coord>120.10429171845317 30.265419641509652 66.0</gx:coord>
          <gx:coord>120.10430647060275 30.26539416052401 67.0</gx:coord>
          <gx:coord>120.10432122275233 30.265376809984446 67.0</gx:coord>
          <gx:coord>120.1043507270515 30.265338588505983 67.0</gx:coord>
          <gx:coord>120.10437092743814 30.26530271396041 67.0</gx:coord>
          <gx:coord>120.10444208979607 30.265219314023852 67.0</gx:coord>
          <gx:coord>120.1044662296772 30.2651753090322 67.0</gx:coord>
          <gx:coord>120.10451593436301 30.265001552179456 62.0</gx:coord>
          <gx:coord>120.10448911227286 30.264936676248908 62.0</gx:coord>
          <gx:coord>120.10442733764648 30.264889234676957 62.0</gx:coord>
          <gx:coord>120.10435215197504 30.264885714277625 62.0</gx:coord>
          <gx:coord>120.10431317612529 30.26485905982554 67.0</gx:coord>
          <gx:coord>120.1041937340051 30.264842798933387 66.0</gx:coord>
          <gx:coord>120.10414939373732 30.264842798933387 66.0</gx:coord>
          <gx:coord>120.10393221862614 30.26482880115509 65.0</gx:coord>
          <gx:coord>120.1038858667016 30.264827460050583 65.0</gx:coord>
          <gx:coord>120.10381126776338 30.26483559049666 65.0</gx:coord>
          <gx:coord>120.10372376069427 30.26484154164791 65.0</gx:coord>
          <gx:coord>120.10368084535003 30.264851935207844 65.0</gx:coord>
          <gx:coord>120.10347406379879 30.264895940199494 54.0</gx:coord>
          <gx:coord>120.10324674658477 30.264959391206503 54.0</gx:coord>
          <gx:coord>120.10313836857677 30.264958385378122 55.0</gx:coord>
          <gx:coord>120.1029947027564 30.26495721191168 55.0</gx:coord>
          <gx:coord>120.10290074162185 30.265019740909338 58.0</gx:coord>
          <gx:coord>120.10283092036843 30.265055615454912 58.0</gx:coord>
          <gx:coord>120.10274634696543 30.265086879953742 58.0</gx:coord>
          <gx:coord>120.10252481326461 30.265143625438213 44.0</gx:coord>
          <gx:coord>120.10224552825093 30.265146978199482 41.0</gx:coord>
          <gx:coord>120.10207235813141 30.265053184702992 44.0</gx:coord>
          <gx:coord>120.10204955935478 30.26482385583222 55.0</gx:coord>
          <gx:coord>120.10200454853475 30.26476384140551 55.0</gx:coord>
          <gx:coord>120.10181872174144 30.264698714017868 55.0</gx:coord>
          <gx:coord>120.1015945058316 30.264710281044245 48.0</gx:coord>
          <gx:coord>120.10155016556382 30.264719501137733 48.0</gx:coord>
          <gx:coord>120.10147363878787 30.264733415096998 45.0</gx:coord>
          <gx:coord>120.10128973983228 30.264735678210855 45.0</gx:coord>
          <gx:coord>120.10122125968337 30.26472176425159 43.0</gx:coord>
          <gx:coord>120.10118773207068 30.264673149213195 43.0</gx:coord>
          <gx:coord>120.10111120529473 30.26456192135811 46.0</gx:coord>
          <gx:coord>120.10114615783095 30.264435689896345 46.0</gx:coord>
          <gx:coord>120.1012749876827 30.264297891408205 53.0</gx:coord>
          <gx:coord>120.10149358771741 30.264169983565807 53.0</gx:coord>
          <gx:coord>120.10166751220822 30.264030508697033 60.0</gx:coord>
          <gx:coord>120.10174755938351 30.26397711597383 55.0</gx:coord>
          <gx:coord>120.10184428654611 30.26392389088869 60.0</gx:coord>
          <gx:coord>120.10197177529335 30.263880975544453 60.0</gx:coord>
          <gx:coord>120.10217453353107 30.263824313879013 66.0</gx:coord>
          <gx:coord>120.10236916132271 30.263736303895712 57.0</gx:coord>
          <gx:coord>120.10257770307362 30.26367067359388 57.0</gx:coord>
          <gx:coord>120.10273545049131 30.26366983540356 61.0</gx:coord>
          <gx:coord>120.10277140885592 30.26367905549705 61.0</gx:coord>
          <gx:coord>120.1029532123357 30.263692382723093 65.0</gx:coord>
          <gx:coord>120.10314658284187 30.263590291142464 65.0</gx:coord>
          <gx:coord>120.10318145155907 30.2635348867625 65.0</gx:coord>
          <gx:coord>120.10320567525923 30.263417959213257 66.0</gx:coord>
          <gx:coord>120.1031693816185 30.263339169323444 60.0</gx:coord>
          <gx:coord>120.10307542048395 30.263204807415605 60.0</gx:coord>
          <gx:coord>120.10297877714038 30.263073882088065 62.0</gx:coord>
          <gx:coord>120.10285665281117 30.262948740273714 56.0</gx:coord>
          <gx:coord>120.10271835140884 30.262810941785574 61.0</gx:coord>
          <gx:coord>120.10257468558848 30.26264062151313 54.0</gx:coord>
          <gx:coord>120.10246329009533 30.262462254613638 56.0</gx:coord>
          <gx:coord>120.10245390236378 30.26229662820697 59.0</gx:coord>
          <gx:coord>120.10249421931803 30.262212054803967 59.0</gx:coord>
          <gx:coord>120.10253847576678 30.262133264914155 59.0</gx:coord>
          <gx:coord>120.10260427370667 30.26197811588645 54.0</gx:coord>
          <gx:coord>120.10261097922921 30.261929417029023 54.0</gx:coord>
          <gx:coord>120.10262447409332 30.26168734766543 56.0</gx:coord>
          <gx:coord>120.10257879272103 30.261544855311513 56.0</gx:coord>
          <gx:coord>120.10253453627229 30.261478889733553 60.0</gx:coord>
          <gx:coord>120.10240830481052 30.26138735935092 60.0</gx:coord>
          <gx:coord>120.10235600173473 30.261339833959937 50.0</gx:coord>
          <gx:coord>120.10228886269033 30.261321309953928 50.0</gx:coord>
          <gx:coord>120.10223597288132 30.261317202821374 50.0</gx:coord>
          <gx:coord>120.10221744887531 30.26131309568882 50.0</gx:coord>
          <gx:coord>120.1021920517087 30.261318376287818 50.0</gx:coord>
          <gx:coord>120.10213715024292 30.261329356580973 50.0</gx:coord>
          <gx:coord>120.1020813267678 30.261316783726215 45.0</gx:coord>
          <gx:coord>120.10196532122791 30.26131309568882 45.0</gx:coord>
          <gx:coord>120.10192902758718 30.261315442621708 45.0</gx:coord>
          <gx:coord>120.1018310431391 30.261304965242743 45.0</gx:coord>
          <gx:coord>120.10179081000388 30.26132818311453 45.0</gx:coord>
          <gx:coord>120.10173037648201 30.261343186721206 45.0</gx:coord>
          <gx:coord>120.10169676505029 30.26134201325476 45.0</gx:coord>
          <gx:coord>120.1015406101942 30.261399429291487 45.0</gx:coord>
          <gx:coord>120.10144455358386 30.261396495625377 43.0</gx:coord>
          <gx:coord>120.10126585140824 30.261372104287148 43.0</gx:coord>
          <gx:coord>120.10123039595783 30.261313766241074 41.0</gx:coord>
          <gx:coord>120.10119619779289 30.261243861168623 46.0</gx:coord>
          <gx:coord>120.1012041606009 30.261161299422383 46.0</gx:coord>
          <gx:coord>120.10125512257218 30.261061638593674 51.0</gx:coord>
          <gx:coord>120.10126057080925 30.260907663032413 57.0</gx:coord>
          <gx:coord>120.10113165713847 30.26077556423843 49.0</gx:coord>
          <gx:coord>120.10104708373547 30.260579762980342 54.0</gx:coord>
          <gx:coord>120.10090618394315 30.260499883443117 45.0</gx:coord>
          <gx:coord>120.10071281343699 30.260472055524588 45.0</gx:coord>
          <gx:coord>120.10057057254016 30.26045118458569 39.0</gx:coord>
          <gx:coord>120.10052623227239 30.26039443910122 43.0</gx:coord>
          <gx:coord>120.100541068241 30.260290168225765 43.0</gx:coord>
          <gx:coord>120.10067366994917 30.260142730548978 43.0</gx:coord>
          <gx:coord>120.1008122228086 30.260023791342974 52.0</gx:coord>
          <gx:coord>120.10092361830175 30.25993812829256 52.0</gx:coord>
          <gx:coord>120.10092101991177 30.259850034490228 57.0</gx:coord>
          <gx:coord>120.10086595080793 30.25980720296502 57.0</gx:coord>
          <gx:coord>120.10079034604132 30.25972749106586 57.0</gx:coord>
          <gx:coord>120.1007585786283 30.2597133256495 57.0</gx:coord>
          <gx:coord>120.10054643265903 30.259693628177047 51.0</gx:coord>
          <gx:coord>120.10045917704701 30.259715672582388 51.0</gx:coord>
          <gx:coord>120.10036655701697 30.259721456095576 43.0</gx:coord>
          <gx:coord>120.10015851818025 30.259812902659178 43.0</gx:coord>
          <gx:coord>120.09996246546507 30.259852297604084 36.0</gx:coord>
          <gx:coord>120.09988862089813 30.25984768755734 36.0</gx:coord>
          <gx:coord>120.09978393092752 30.259839557111263 30.0</gx:coord>
          <gx:coord>120.09973833337426 30.259811729192734 30.0</gx:coord>
          <gx:coord>120.09967144578695 30.259753139689565 30.0</gx:coord>
          <gx:coord>120.09967127814889 30.259713158011436 30.0</gx:coord>
          <gx:coord>120.09966817684472 30.25969714857638 30.0</gx:coord>
          <gx:coord>120.09967773221433 30.25968197733164 30.0</gx:coord>
          <gx:coord>120.09966717101634 30.2596356254071 30.0</gx:coord>
          <gx:coord>120.09967387653887 30.25961601175368 30.0</gx:coord>
          <gx:coord>120.09967119432986 30.259589357301593 30.0</gx:coord>
          <gx:coord>120.09968326427042 30.259555745869875 40.0</gx:coord>
          <gx:coord>120.09970212355256 30.259515177458525 40.0</gx:coord>
          <gx:coord>120.0997088290751 30.259490869939327 40.0</gx:coord>
          <gx:coord>120.09973028674722 30.25944451801479 40.0</gx:coord>
          <gx:coord>120.09974906221032 30.25940981693566 40.0</gx:coord>
          <gx:coord>120.09977999143302 30.259346114471555 40.0</gx:coord>
          <gx:coord>120.0998431071639 30.259187445044518 42.0</gx:coord>
          <gx:coord>120.0999813247472 30.25899164378643 43.0</gx:coord>
          <gx:coord>120.10003237053752 30.258896676823497 43.0</gx:coord>
          <gx:coord>120.10014519095421 30.258740354329348 41.0</gx:coord>
          <gx:coord>120.10023068636656 30.258665420114994 41.0</gx:coord>
          <gx:coord>120.10042841546237 30.258555030450225 51.0</gx:coord>
          <gx:coord>120.10052908211946 30.2584785874933 51.0</gx:coord>
          <gx:coord>120.10072513483465 30.25840675458312 45.0</gx:coord>
          <gx:coord>120.10080568492413 30.258369706571102 45.0</gx:coord>
          <gx:coord>120.10094524361193 30.25834422558546 45.0</gx:coord>
          <gx:coord>120.10100031271577 30.258345399051905 42.0</gx:coord>
          <gx:coord>120.10103786364198 30.25835009291768 42.0</gx:coord>
          <gx:coord>120.10105940513313 30.258330395445228 42.0</gx:coord>
          <gx:coord>120.10112252086401 30.258301394060254 42.0</gx:coord>
          <gx:coord>120.10114934295416 30.258286390453577 42.0</gx:coord>
          <gx:coord>120.10116040706635 30.258275996893644 42.0</gx:coord>
          <gx:coord>120.10117884725332 30.25824699550867 42.0</gx:coord>
          <gx:coord>120.10123928077519 30.258200643584132 42.0</gx:coord>
          <gx:coord>120.10128362104297 30.258182119578123 34.0</gx:coord>
          <gx:coord>120.10131983086467 30.25816820561886 34.0</gx:coord>
          <gx:coord>120.10134531185031 30.258160158991814 34.0</gx:coord>
          <gx:coord>120.10136551223695 30.258145071566105 34.0</gx:coord>
          <gx:coord>120.10140038095415 30.258120764046907 34.0</gx:coord>
          <gx:coord>120.10142586193979 30.2581056766212 34.0</gx:coord>
          <gx:coord>120.10146886110306 30.258043985813856 34.0</gx:coord>
          <gx:coord>120.10148822329938 30.258022528141737 34.0</gx:coord>
          <gx:coord>120.10149316862226 30.257996879518032 34.0</gx:coord>
          <gx:coord>120.10150959715247 30.257965195924044 34.0</gx:coord>
          <gx:coord>120.10152267292142 30.257926136255264 34.0</gx:coord>
          <gx:coord>120.10154320858419 30.257895542308688 42.0</gx:coord>
          <gx:coord>120.10156936012208 30.257866708561778 42.0</gx:coord>
          <gx:coord>120.10157799348235 30.257863271981478 42.0</gx:coord>
          <gx:coord>120.10159316472709 30.25785111822188 42.0</gx:coord>
          <gx:coord>120.10160498321056 30.25783653371036 42.0</gx:coord>
          <gx:coord>120.10161973536015 30.257823038846254 42.0</gx:coord>
          <gx:coord>120.10162434540689 30.257809963077307 42.0</gx:coord>
          <gx:coord>120.10163582861423 30.257796132937074 42.0</gx:coord>
          <gx:coord>120.10165711864829 30.25776118040085 42.0</gx:coord>
          <gx:coord>120.101661644876 30.257752630859613 42.0</gx:coord>
          <gx:coord>120.10167153552175 30.257739052176476 42.0</gx:coord>
          <gx:coord>120.10167363099754 30.25773586705327 42.0</gx:coord>
          <gx:coord>120.1016811747104 30.257722456008196 42.0</gx:coord>
          <gx:coord>120.10168905369937 30.257712062448263 42.0</gx:coord>
          <gx:coord>120.10171981528401 30.257682725787163 42.0</gx:coord>
          <gx:coord>120.10173523798585 30.25767182931304 42.0</gx:coord>
          <gx:coord>120.10174009948969 30.25764358229935 42.0</gx:coord>
          <gx:coord>120.10174546390772 30.2576273214072 46.0</gx:coord>
          <gx:coord>120.10175753384829 30.257604187354445 46.0</gx:coord>
          <gx:coord>120.10177362710238 30.257600750774145 46.0</gx:coord>
          <gx:coord>120.10178569704294 30.25758683681488 46.0</gx:coord>
          <gx:coord>120.1018085796386 30.257575269788504 52.0</gx:coord>
          <gx:coord>120.10183942504227 30.257554398849607 52.0</gx:coord>
          <gx:coord>120.101875718683 30.257519613951445 52.0</gx:coord>
          <gx:coord>120.10190522298217 30.257497653365135 52.0</gx:coord>
          <gx:coord>120.10191863402724 30.25746865198016 52.0</gx:coord>
          <gx:coord>120.10194956324995 30.257451301440597 52.0</gx:coord>
          <gx:coord>120.1019779779017 30.25744317099452 52.0</gx:coord>
          <gx:coord>120.10199021548033 30.25743395090103 52.0</gx:coord>
          <gx:coord>120.10200513526797 30.257421378046274 52.0</gx:coord>
          <gx:coord>120.10201184079051 30.257415007799864 52.0</gx:coord>
          <gx:coord>120.10203120298684 30.25740059092641 52.0</gx:coord>
          <gx:coord>120.10204729624093 30.257388185709715 52.0</gx:coord>
          <gx:coord>120.10205760598183 30.257385252043605 52.0</gx:coord>
          <gx:coord>120.10209021158516 30.257374104112387 52.0</gx:coord>
          <gx:coord>120.10209834203124 30.257368655875325 52.0</gx:coord>
          <gx:coord>120.10213287547231 30.25735951960087 61.0</gx:coord>
          <gx:coord>120.10222683660686 30.257338732481003 61.0</gx:coord>
          <gx:coord>120.10225432924926 30.25733672082424 61.0</gx:coord>
          <gx:coord>120.10224804282188 30.257329680025578 61.0</gx:coord>
          <gx:coord>120.10227444581687 30.257330937311053 61.0</gx:coord>
          <gx:coord>120.10237243026495 30.25732741691172 60.0</gx:coord>
          <gx:coord>120.10242347605526 30.257306629791856 60.0</gx:coord>
          <gx:coord>120.10246236808598 30.257293889299035 60.0</gx:coord>
          <gx:coord>120.1024973206222 30.257283495739102 60.0</gx:coord>
          <gx:coord>120.10253487154841 30.257277628406882 60.0</gx:coord>
          <gx:coord>120.10256982408464 30.25727075524628 60.0</gx:coord>
          <gx:coord>120.1025993283838 30.257260277867317 60.0</gx:coord>
          <gx:coord>120.10264207608998 30.257246531546116 68.0</gx:coord>
          <gx:coord>120.10269328951836 30.257229013368487 68.0</gx:coord>
          <gx:coord>120.10272958315909 30.257215183228254 68.0</gx:coord>
          <gx:coord>120.10275640524924 30.25721048936248 68.0</gx:coord>
          <gx:coord>120.10277652181685 30.257203616201878 68.0</gx:coord>
          <gx:coord>120.10282756760716 30.257187355309725 68.0</gx:coord>
          <gx:coord>120.10286025702953 30.257183331996202 68.0</gx:coord>
          <gx:coord>120.10288397781551 30.25717000477016 68.0</gx:coord>
          <gx:coord>120.1029188465327 30.257159611210227 80.0</gx:coord>
          <gx:coord>120.10295916348696 30.257145697250962 80.0</gx:coord>
          <gx:coord>120.1030142325908 30.257137650623918 80.0</gx:coord>
          <gx:coord>120.10302764363587 30.257134130224586 80.0</gx:coord>
          <gx:coord>120.10304910130799 30.257127173244953 80.0</gx:coord>
          <gx:coord>120.10307860560715 30.25711677968502 80.0</gx:coord>
          <gx:coord>120.1031189225614 30.25711325928569 80.0</gx:coord>
          <gx:coord>120.10326342657208 30.257084676995873 87.0</gx:coord>
          <gx:coord>120.10327558033168 30.257076295092702 93.0</gx:coord>
          <gx:coord>120.10333240963519 30.257044192403555 93.0</gx:coord>
          <gx:coord>120.10335101746023 30.257042180746794 93.0</gx:coord>
          <gx:coord>120.10336694307625 30.257036983966827 93.0</gx:coord>
          <gx:coord>120.1033678650856 30.257043773308396 93.0</gx:coord>
          <gx:coord>120.10340625420213 30.257013766095042 93.0</gx:coord>
          <gx:coord>120.10343173518777 30.257002199068666 93.0</gx:coord>
          <gx:coord>120.10345193557441 30.25699406862259 93.0</gx:coord>
          <gx:coord>120.10347607545555 30.256987111642957 99.0</gx:coord>
          <gx:coord>120.10349510237575 30.25697210803628 99.0</gx:coord>
          <gx:coord>120.10354321449995 30.25697554461658 99.0</gx:coord>
          <gx:coord>120.1035713776946 30.256960541009903 99.0</gx:coord>
          <gx:coord>120.10359560139477 30.256948890164495 99.0</gx:coord>
          <gx:coord>120.10361303575337 30.256936149671674 99.0</gx:coord>
          <gx:coord>120.10363047011197 30.25691879913211 99.0</gx:coord>
          <gx:coord>120.10364790447056 30.256908405572176 99.0</gx:coord>
          <gx:coord>120.10365863330662 30.256885271519423 99.0</gx:coord>
          <gx:coord>120.1036681048572 30.25686901062727 99.0</gx:coord>
          <gx:coord>120.10368688032031 30.25685048662126 99.0</gx:coord>
          <gx:coord>120.10370431467891 30.25683774612844 99.0</gx:coord>
          <gx:coord>120.10371236130595 30.256808828562498 99.0</gx:coord>
          <gx:coord>120.10371906682849 30.256792567670345 103.0</gx:coord>
          <gx:coord>120.103720407933 30.256774043664336 103.0</gx:coord>
          <gx:coord>120.10373122058809 30.256761303171515 103.0</gx:coord>
          <gx:coord>120.10373792611063 30.256750909611583 103.0</gx:coord>
          <gx:coord>120.10374597273767 30.256741605699062 103.0</gx:coord>
          <gx:coord>120.10374999605119 30.256736995652318 103.0</gx:coord>
          <gx:coord>120.10377153754234 30.256712939590216 113.0</gx:coord>
          <gx:coord>120.103799700737 30.256665162742138 113.0</gx:coord>
          <gx:coord>120.1038184762001 30.25665359571576 113.0</gx:coord>
          <gx:coord>120.10382920503616 30.25664663873613 113.0</gx:coord>
          <gx:coord>120.10383054614067 30.256642028689384 113.0</gx:coord>
          <gx:coord>120.10384395718575 30.25663741864264 113.0</gx:coord>
          <gx:coord>120.10386818088591 30.25663163512945 113.0</gx:coord>
          <gx:coord>120.10389500297606 30.256630461663008 113.0</gx:coord>
          <gx:coord>120.10391243733466 30.25662233121693 113.0</gx:coord>
          <gx:coord>120.10392853058875 30.256621157750487 113.0</gx:coord>
          <gx:coord>120.10394873097539 30.25662811473012 113.0</gx:coord>
          <gx:coord>120.10396214202046 30.256627025082707 113.0</gx:coord>
          <gx:coord>120.10397957637906 30.25662124156952 113.0</gx:coord>
          <gx:coord>120.10399298742414 30.256620068103075 113.0</gx:coord>
          <gx:coord>120.1040172111243 30.256620068103075 113.0</gx:coord>
          <gx:coord>120.10403196327388 30.256616547703743 123.0</gx:coord>
          <gx:coord>120.10404939763248 30.256614284589887 123.0</gx:coord>
          <gx:coord>120.1040708553046 30.256622415035963 123.0</gx:coord>
          <gx:coord>120.1041017845273 30.256620068103075 123.0</gx:coord>
          <gx:coord>120.10414335876703 30.256620068103075 123.0</gx:coord>
          <gx:coord>120.10417428798974 30.256620068103075 123.0</gx:coord>
          <gx:coord>120.10421452112496 30.25661780498922 123.0</gx:coord>
          <gx:coord>120.1042333804071 30.2566085010767 123.0</gx:coord>
          <gx:coord>120.1042521558702 30.256609674543142 123.0</gx:coord>
          <gx:coord>120.10426598601043 30.25661302730441 123.0</gx:coord>
          <gx:coord>120.10428451001644 30.256601041182876 123.0</gx:coord>
          <gx:coord>120.10429280810058 30.256603891029954 123.0</gx:coord>
          <gx:coord>120.10429691523314 30.25660808198154 123.0</gx:coord>
          <gx:coord>120.10431074537337 30.256606321781874 124.0</gx:coord>
          <gx:coord>120.10437469929457 30.256595760583878 124.0</gx:coord>
          <gx:coord>120.10439439676702 30.25658318772912 124.0</gx:coord>
          <gx:coord>120.10441191494465 30.25658654049039 124.0</gx:coord>
          <gx:coord>120.10441660881042 30.256582517176867 124.0</gx:coord>
          <gx:coord>120.104423398152 30.256584947928786 124.0</gx:coord>
          <gx:coord>120.10443412698805 30.256583774462342 124.0</gx:coord>
          <gx:coord>120.10446296073496 30.256588887423277 124.0</gx:coord>
          <gx:coord>120.10446270927787 30.25658662430942 124.0</gx:coord>
          <gx:coord>120.10451132431626 30.256585450842977 124.0</gx:coord>
          <gx:coord>120.10454082861543 30.25656810030341 124.0</gx:coord>
          <gx:coord>120.10454887524247 30.25654261931777 124.0</gx:coord>
          <gx:coord>120.10454753413796 30.256553012877703 124.0</gx:coord>
          <gx:coord>120.10457846336067 30.256456872448325 125.0</gx:coord>
          <gx:coord>120.10459321551025 30.256438348442316 129.0</gx:coord>
          <gx:coord>120.10460528545082 30.256422171369195 129.0</gx:coord>
          <gx:coord>120.10460997931659 30.25639995932579 129.0</gx:coord>
          <gx:coord>120.10461601428688 30.256378082558513 129.0</gx:coord>
          <gx:coord>120.10470561683178 30.256290324032307 129.0</gx:coord>
          <gx:coord>120.10472942143679 30.256274063140154 129.0</gx:coord>
          <gx:coord>120.1047410722822 30.256260903552175 129.0</gx:coord>
          <gx:coord>120.10475599206984 30.256235087290406 126.0</gx:coord>
          <gx:coord>120.10477510280907 30.256210612133145 126.0</gx:coord>
          <gx:coord>120.10478541254997 30.25619854219258 126.0</gx:coord>
          <gx:coord>120.10478926822543 30.256168534979224 126.0</gx:coord>
          <gx:coord>120.10481080971658 30.256154537200928 126.0</gx:coord>
          <gx:coord>120.1048219576478 30.25612394325435 126.0</gx:coord>
          <gx:coord>120.10483059100807 30.256097791716456 126.0</gx:coord>
          <gx:coord>120.10484936647117 30.256061665713787 126.0</gx:coord>
          <gx:coord>120.10486705228686 30.25602621026337 123.0</gx:coord>
          <gx:coord>120.10487493127584 30.255967872217298 124.0</gx:coord>
          <gx:coord>120.10488951578736 30.255902241915464 124.0</gx:coord>
          <gx:coord>120.10488658212125 30.255856309086084 124.0</gx:coord>
          <gx:coord>120.10488901287317 30.255766035988927 124.0</gx:coord>
          <gx:coord>120.10488197207451 30.25568548589945 128.0</gx:coord>
          <gx:coord>120.10487794876099 30.255671571940184 128.0</gx:coord>
          <gx:coord>120.10488607920706 30.25566503405571 128.0</gx:coord>
          <gx:coord>120.1048840675503 30.25566402822733 128.0</gx:coord>
          <gx:coord>120.10486587882042 30.255647264420986 128.0</gx:coord>
          <gx:coord>120.10486361570656 30.255623627454042 128.0</gx:coord>
          <gx:coord>120.10485732927918 30.255611138418317 129.0</gx:coord>
          <gx:coord>120.10482899844646 30.25555699132383 129.0</gx:coord>
          <gx:coord>120.10482111945748 30.2555447537452 129.0</gx:coord>
          <gx:coord>120.10481080971658 30.25553318671882 129.0</gx:coord>
          <gx:coord>120.1048113964498 30.255526900291443 129.0</gx:coord>
          <gx:coord>120.1048129890114 30.255516758188605 129.0</gx:coord>
          <gx:coord>120.1048116479069 30.25550778955221 129.0</gx:coord>
          <gx:coord>120.10480485856533 30.25549697689712 129.0</gx:coord>
          <gx:coord>120.10479622520506 30.255488427355886 129.0</gx:coord>
          <gx:coord>120.10478801093996 30.25548331439495 129.0</gx:coord>
          <gx:coord>120.10478105396032 30.25547644123435 129.0</gx:coord>
          <gx:coord>120.10477636009455 30.255470322445035 129.0</gx:coord>
          <gx:coord>120.10476026684046 30.255417935550213 129.0</gx:coord>
          <gx:coord>120.10473168455064 30.25537082925439 135.0</gx:coord>
          <gx:coord>120.10470352135599 30.255337050184608 135.0</gx:coord>
          <gx:coord>120.10463177226484 30.255232695490122 135.0</gx:coord>
          <gx:coord>120.10461827740073 30.255221463739872 135.0</gx:coord>
          <gx:coord>120.10461358353496 30.255219116806984 135.0</gx:coord>
          <gx:coord>120.10457133874297 30.255214339122176 132.0</gx:coord>
          <gx:coord>120.1045563351363 30.255195731297135 132.0</gx:coord>
          <gx:coord>120.10453462600708 30.255177123472095 132.0</gx:coord>
          <gx:coord>120.1044572610408 30.25512314401567 133.0</gx:coord>
          <gx:coord>120.10443446226418 30.25511384010315 133.0</gx:coord>
          <gx:coord>120.10442390106618 30.255107637494802 133.0</gx:coord>
          <gx:coord>120.1044146809727 30.255103865638375 133.0</gx:coord>
          <gx:coord>120.10440085083246 30.255103698000312 133.0</gx:coord>
          <gx:coord>120.10439104400575 30.25510311126709 133.0</gx:coord>
          <gx:coord>120.1043832488358 30.255101351067424 133.0</gx:coord>
          <gx:coord>120.10435642674565 30.25511090643704 133.0</gx:coord>
          <gx:coord>120.10434921830893 30.255114007741213 133.0</gx:coord>
          <gx:coord>120.10434142313898 30.255118114873767 133.0</gx:coord>
          <gx:coord>120.1043140143156 30.255113085731864 133.0</gx:coord>
          <gx:coord>120.10428987443447 30.25508995167911 130.0</gx:coord>
          <gx:coord>120.10413556359708 30.25501376017928 130.0</gx:coord>
          <gx:coord>120.10406599380076 30.254968414083123 130.0</gx:coord>
          <gx:coord>120.10389542207122 30.254887947812676 130.0</gx:coord>
          <gx:coord>120.10388695634902 30.254883002489805 130.0</gx:coord>
          <gx:coord>120.10384202934802 30.2548211440444 133.0</gx:coord>
          <gx:coord>120.10383507236838 30.25480546988547 133.0</gx:coord>
          <gx:coord>120.10380414314568 30.254773199558258 133.0</gx:coord>
          <gx:coord>120.10377120226622 30.254769762977958 133.0</gx:coord>
          <gx:coord>120.10372971184552 30.25475811213255 133.0</gx:coord>
          <gx:coord>120.10371403768659 30.254741348326206 133.0</gx:coord>
          <gx:coord>120.10370733216405 30.254736989736557 133.0</gx:coord>
          <gx:coord>120.10369283147156 30.254720645025373 133.0</gx:coord>
          <gx:coord>120.10366978123784 30.254711927846074 133.0</gx:coord>
          <gx:coord>120.10365268215537 30.25470203720033 133.0</gx:coord>
          <gx:coord>120.10364354588091 30.254699354991317 133.0</gx:coord>
          <gx:coord>120.10363700799644 30.254696002230048 133.0</gx:coord>
          <gx:coord>120.10363306850195 30.254689883440733 133.0</gx:coord>
          <gx:coord>120.10361320339143 30.254675215110183 133.0</gx:coord>
          <gx:coord>120.10359141044319 30.254669850692153 133.0</gx:coord>
          <gx:coord>120.10358227416873 30.254666917026043 133.0</gx:coord>
          <gx:coord>120.10357598774135 30.25466146878898 133.0</gx:coord>
          <gx:coord>120.10356718674302 30.254660127684474 133.0</gx:coord>
          <gx:coord>120.10354153811932 30.254650739952922 133.0</gx:coord>
          <gx:coord>120.1035161409527 30.254639675840735 133.0</gx:coord>
          <gx:coord>120.10350717231631 30.254635149613023 133.0</gx:coord>
          <gx:coord>120.10348965413868 30.254615368321538 133.0</gx:coord>
          <gx:coord>120.10346844792366 30.25459206663072 134.0</gx:coord>
          <gx:coord>120.10344975627959 30.254572704434395 144.0</gx:coord>
          <gx:coord>120.10344388894737 30.254545211791992 144.0</gx:coord>
          <gx:coord>120.10344129055738 30.25452258065343 144.0</gx:coord>
          <gx:coord>120.10342544876039 30.254502799361944 144.0</gx:coord>
          <gx:coord>120.10338789783418 30.25440439581871 144.0</gx:coord>
          <gx:coord>120.1033660210669 30.25437262840569 144.0</gx:coord>
          <gx:coord>120.10335118509829 30.254353936761618 144.0</gx:coord>
          <gx:coord>120.1033417135477 30.254339184612036 144.0</gx:coord>
          <gx:coord>120.10332947596908 30.25432661175728 144.0</gx:coord>
          <gx:coord>120.10332067497075 30.254319068044424 144.0</gx:coord>
          <gx:coord>120.10331279598176 30.254307333379984 144.0</gx:coord>
          <gx:coord>120.1032951939851 30.25427003391087 151.0</gx:coord>
          <gx:coord>120.10327683761716 30.25424220599234 151.0</gx:coord>
          <gx:coord>120.10324716567993 30.254220832139254 151.0</gx:coord>
          <gx:coord>120.10322218760848 30.254198955371976 151.0</gx:coord>
          <gx:coord>120.10319201275706 30.25414681993425 155.0</gx:coord>
          <gx:coord>120.10317700915039 30.25412192568183 155.0</gx:coord>
          <gx:coord>120.10316837579012 30.25410734117031 155.0</gx:coord>
          <gx:coord>120.10315169580281 30.254104994237423 155.0</gx:coord>
          <gx:coord>120.1031091157347 30.254075909033418 155.0</gx:coord>
          <gx:coord>120.10306569747627 30.25404271669686 155.0</gx:coord>
          <gx:coord>120.10304784402251 30.25402612052858 157.0</gx:coord>
          <gx:coord>120.10302152484655 30.254002902656794 157.0</gx:coord>
          <gx:coord>120.10295815765858 30.253919921815395 157.0</gx:coord>
          <gx:coord>120.10292085818946 30.253886226564646 157.0</gx:coord>
          <gx:coord>120.10291691869497 30.25388211943209 157.0</gx:coord>
          <gx:coord>120.1029051002115 30.253859404474497 159.0</gx:coord>
          <gx:coord>120.10291096754372 30.25383995845914 159.0</gx:coord>
          <gx:coord>120.10293049737811 30.253829145804048 157.0</gx:coord>
          <gx:coord>120.10292186401784 30.253784134984016 157.0</gx:coord>
          <gx:coord>120.10293393395841 30.253752870485187 157.0</gx:coord>
          <gx:coord>120.10294600389898 30.253720432519913 161.0</gx:coord>
          <gx:coord>120.10292722843587 30.25369143113494 161.0</gx:coord>
          <gx:coord>120.10292186401784 30.253674080595374 161.0</gx:coord>
          <gx:coord>120.10292052291334 30.253653209656477 161.0</gx:coord>
          <gx:coord>120.10291784070432 30.253630075603724 161.0</gx:coord>
          <gx:coord>120.10289101861417 30.253574419766665 164.0</gx:coord>
          <gx:coord>120.10286109521985 30.25350828655064 164.0</gx:coord>
          <gx:coord>120.10283737443388 30.253481967374682 164.0</gx:coord>
          <gx:coord>120.10281901806593 30.25346042588353 169.0</gx:coord>
          <gx:coord>120.10277015157044 30.25341692380607 169.0</gx:coord>
          <gx:coord>120.10273662395775 30.253371745347977 169.0</gx:coord>
          <gx:coord>120.10272321291268 30.253352047875524 169.0</gx:coord>
          <gx:coord>120.10271918959916 30.253336960449815 169.0</gx:coord>
          <gx:coord>120.10270569473505 30.253324219956994 169.0</gx:coord>
          <gx:coord>120.102697648108 30.253303349018097 169.0</gx:coord>
          <gx:coord>120.10268557816744 30.253283651545644 169.0</gx:coord>
          <gx:coord>120.10267082601786 30.25326395407319 169.0</gx:coord>
          <gx:coord>120.10265875607729 30.253248950466514 169.0</gx:coord>
          <gx:coord>120.1026426628232 30.253237299621105 169.0</gx:coord>
          <gx:coord>120.10263327509165 30.25322573259473 171.0</gx:coord>
          <gx:coord>120.10262112133205 30.25321416556835 171.0</gx:coord>
          <gx:coord>120.10261709801853 30.253199161961675 171.0</gx:coord>
          <gx:coord>120.10255406610668 30.25313881225884 173.0</gx:coord>
          <gx:coord>120.10252447798848 30.253118025138974 173.0</gx:coord>
          <gx:coord>120.10249363258481 30.253108721226454 173.0</gx:coord>
          <gx:coord>120.10247083380818 30.253099417313933 173.0</gx:coord>
          <gx:coord>120.10244728066027 30.253080893307924 173.0</gx:coord>
          <gx:coord>120.1024264935404 30.253060022369027 173.0</gx:coord>
          <gx:coord>120.10240369476378 30.253038061782718 173.0</gx:coord>
          <gx:coord>120.10237410664558 30.253009060397744 173.0</gx:coord>
          <gx:coord>120.10230839252472 30.252983579412103 173.0</gx:coord>
          <gx:coord>120.10228416882455 30.252952314913273 173.0</gx:coord>
          <gx:coord>120.1022573467344 30.252931443974376 173.0</gx:coord>
          <gx:coord>120.10221049189568 30.25289347395301 177.0</gx:coord>
          <gx:coord>120.1021674927324 30.252856090664864 177.0</gx:coord>
          <gx:coord>120.10215693153441 30.252850139513612 177.0</gx:coord>
          <gx:coord>120.10215131565928 30.25283639319241 177.0</gx:coord>
          <gx:coord>120.10212801396847 30.252794986590743 177.0</gx:coord>
          <gx:coord>120.10211636312306 30.25278895162046 177.0</gx:coord>
          <gx:coord>120.10210161097348 30.252765733748674 177.0</gx:coord>
          <gx:coord>120.10209624655545 30.252750730141997 177.0</gx:coord>
          <gx:coord>120.1020881999284 30.252722902223468 177.0</gx:coord>
          <gx:coord>120.10208283551037 30.252706641331315 184.0</gx:coord>
          <gx:coord>120.10207478888333 30.252697421237826 184.0</gx:coord>
          <gx:coord>120.10206674225628 30.252681160345674 184.0</gx:coord>
          <gx:coord>120.10205148719251 30.252656182274222 184.0</gx:coord>
          <gx:coord>120.1020451169461 30.252640340477228 184.0</gx:coord>
          <gx:coord>120.10206246748567 30.25261159054935 190.0</gx:coord>
          <gx:coord>120.10206665843725 30.25261016562581 190.0</gx:coord>
          <gx:coord>120.10206716135144 30.252603963017464 190.0</gx:coord>
          <gx:coord>120.10207462124527 30.252594826743007 190.0</gx:coord>
          <gx:coord>120.10209088213742 30.252600107342005 172.0</gx:coord>
          <gx:coord>120.1020987611264 30.25258610956371 172.0</gx:coord>
          <gx:coord>120.10211233980954 30.252597760409117 172.0</gx:coord>
          <gx:coord>120.10214863345027 30.252589713782072 172.0</gx:coord>
          <gx:coord>120.10216740891337 30.25257345288992 172.0</gx:coord>
          <gx:coord>120.10218350216746 30.25256766937673 172.0</gx:coord>
          <gx:coord>120.10219699703157 30.252571189776063 172.0</gx:coord>
          <gx:coord>120.10220504365861 30.252565406262875 172.0</gx:coord>
          <gx:coord>120.10220856405795 30.25255685672164 172.0</gx:coord>
          <gx:coord>120.10222717188299 30.25256171822548 172.0</gx:coord>
          <gx:coord>120.10224879719317 30.252555180341005 172.0</gx:coord>
          <gx:coord>120.10225885547698 30.252553839236498 172.0</gx:coord>
          <gx:coord>120.10226882994175 30.252544786781073 172.0</gx:coord>
          <gx:coord>120.10229498147964 30.25254805572331 172.0</gx:coord>
          <gx:coord>120.10233085602522 30.252553671598434 172.0</gx:coord>
          <gx:coord>120.10233253240585 30.25256079621613 172.0</gx:coord>
          <gx:coord>120.10234870947897 30.25255149230361 172.0</gx:coord>
          <gx:coord>120.10234870947897 30.252549229189754 172.0</gx:coord>
          <gx:coord>120.10236212052405 30.252553839236498 160.0</gx:coord>
          <gx:coord>120.10237419046462 30.252558449283242 160.0</gx:coord>
          <gx:coord>120.10239296592772 30.252550318837166 160.0</gx:coord>
          <gx:coord>120.10241174139082 30.25254805572331 160.0</gx:coord>
          <gx:coord>120.10243562981486 30.252554761245847 160.0</gx:coord>
          <gx:coord>120.10245046578348 30.252557108178735 160.0</gx:coord>
          <gx:coord>120.10245733894408 30.25256079621613 160.0</gx:coord>
          <gx:coord>120.10246630758047 30.252561885863543 160.0</gx:coord>
          <gx:coord>120.10250846855342 30.2525554317981 160.0</gx:coord>
          <gx:coord>120.10252456180751 30.2525329682976 160.0</gx:coord>
          <gx:coord>120.1025406550616 30.252539925277233 160.0</gx:coord>
          <gx:coord>120.1025580894202 30.2525295317173 160.0</gx:coord>
          <gx:coord>120.10258499532938 30.252523748204112 160.0</gx:coord>
          <gx:coord>120.10259035974741 30.25251679122448 160.0</gx:coord>
          <gx:coord>120.10259840637445 30.252524921670556 160.0</gx:coord>
          <gx:coord>120.10261315852404 30.25251335464418 160.0</gx:coord>
          <gx:coord>120.1026238873601 30.252519138157368 160.0</gx:coord>
          <gx:coord>120.10263327509165 30.25251100771129 160.0</gx:coord>
          <gx:coord>120.10263595730066 30.25249826721847 160.0</gx:coord>
          <gx:coord>120.10265213437378 30.25249483063817 145.0</gx:coord>
          <gx:coord>120.10266998782754 30.252479994669557 145.0</gx:coord>
          <gx:coord>120.10267484933138 30.25247924029827 145.0</gx:coord>
          <gx:coord>120.10268834419549 30.252484353259206 145.0</gx:coord>
          <gx:coord>120.10271432809532 30.252458369359374 145.0</gx:coord>
          <gx:coord>120.1027137413621 30.252455351874232 145.0</gx:coord>
          <gx:coord>120.10274433530867 30.25245032273233 145.0</gx:coord>
          <gx:coord>120.10276755318046 30.252458872273564 145.0</gx:coord>
          <gx:coord>120.10279035195708 30.252449652180076 145.0</gx:coord>
          <gx:coord>120.10279973968863 30.252439258620143 145.0</gx:coord>
          <gx:coord>120.10281591676176 30.25242878124118 145.0</gx:coord>
          <gx:coord>120.10283201001585 30.252429954707623 145.0</gx:coord>
          <gx:coord>120.1028450857848 30.252435402944684 145.0</gx:coord>
          <gx:coord>120.10282530449331 30.252414867281914 145.0</gx:coord>
          <gx:coord>120.10284005664289 30.252402126789093 145.0</gx:coord>
          <gx:coord>120.1028413977474 30.252377819269896 145.0</gx:coord>
          <gx:coord>120.10285983793437 30.252337586134672 132.0</gx:coord>
          <gx:coord>120.10287006385624 30.252337334677577 132.0</gx:coord>
          <gx:coord>120.10290049016476 30.25231646373868 132.0</gx:coord>
          <gx:coord>120.10295153595507 30.25230372324586 121.0</gx:coord>
          <gx:coord>120.1029756758362 30.252292156219482 121.0</gx:coord>
          <gx:coord>120.10300786234438 30.25228519923985 121.0</gx:coord>
          <gx:coord>120.10303342714906 30.252282852306962 121.0</gx:coord>
          <gx:coord>120.10305622592568 30.252273632213473 121.0</gx:coord>
          <gx:coord>120.10309788398445 30.252259969711304 121.0</gx:coord>
          <gx:coord>120.10311791673303 30.25226508267224 121.0</gx:coord>
          <gx:coord>120.10314591228962 30.252281595021486 121.0</gx:coord>
          <gx:coord>120.10317038744688 30.252293329685926 121.0</gx:coord>
          <gx:coord>120.10320391505957 30.25230380706489 115.0</gx:coord>
          <gx:coord>120.10322537273169 30.252298023551702 115.0</gx:coord>
          <gx:coord>120.10323098860681 30.25230565108359 115.0</gx:coord>
          <gx:coord>120.1032589841634 30.252287546172738 115.0</gx:coord>
          <gx:coord>120.10328714735806 30.252279499545693 115.0</gx:coord>
          <gx:coord>120.10330592282116 30.25225980207324 115.0</gx:coord>
          <gx:coord>120.10333416983485 30.252258628606796 115.0</gx:coord>
          <gx:coord>120.10334758087993 30.252257455140352 115.0</gx:coord>
          <gx:coord>120.10337574407458 30.252252845093608 115.0</gx:coord>
          <gx:coord>120.1033905800432 30.25225049816072 115.0</gx:coord>
          <gx:coord>120.10340130887926 30.25224706158042 115.0</gx:coord>
          <gx:coord>120.10341606102884 30.252255192026496 115.0</gx:coord>
          <gx:coord>120.10343483649194 30.25226323865354 115.0</gx:coord>
          <gx:coord>120.10345361195505 30.25225980207324 115.0</gx:coord>
          <gx:coord>120.10346844792366 30.252264412119985 115.0</gx:coord>
          <gx:coord>120.10349124670029 30.252248235046864 111.0</gx:coord>
          <gx:coord>120.10351538658142 30.252248235046864 111.0</gx:coord>
          <gx:coord>120.10353634133935 30.25225192308426 111.0</gx:coord>
          <gx:coord>120.10356467217207 30.252242535352707 111.0</gx:coord>
          <gx:coord>120.10358973406255 30.252242786809802 111.0</gx:coord>
          <gx:coord>120.10360733605921 30.25222208350897 111.0</gx:coord>
          <gx:coord>120.1036218367517 30.25221722200513 111.0</gx:coord>
          <gx:coord>120.10362736880779 30.25221923366189 111.0</gx:coord>
          <gx:coord>120.10364279150963 30.252222251147032 111.0</gx:coord>
          <gx:coord>120.10366709902883 30.252214707434177 111.0</gx:coord>
          <gx:coord>120.1036926638335 30.252213533967733 111.0</gx:coord>
          <gx:coord>120.10370875708759 30.252210097387433 111.0</gx:coord>
          <gx:coord>120.10373692028224 30.252201966941357 111.0</gx:coord>
          <gx:coord>120.10375577956438 30.25221588090062 108.0</gx:coord>
          <gx:coord>120.10378260165453 30.25221588090062 108.0</gx:coord>
          <gx:coord>120.1038121059537 30.25221236050129 108.0</gx:coord>
          <gx:coord>120.1038430351764 30.2522031404078 108.0</gx:coord>
          <gx:coord>120.10394697077572 30.252200542017817 108.0</gx:coord>
          <gx:coord>120.10395845398307 30.252197356894612 108.0</gx:coord>
          <gx:coord>120.10399608872831 30.25221244432032 108.0</gx:coord>
          <gx:coord>120.10402022860944 30.252228705212474 108.0</gx:coord>
          <gx:coord>120.10405057109892 30.252226777374744 100.0</gx:coord>
          <gx:coord>120.10406884364784 30.2522187307477 100.0</gx:coord>
          <gx:coord>120.10409591719508 30.252210684120655 100.0</gx:coord>
          <gx:coord>120.10411041788757 30.25220364332199 100.0</gx:coord>
          <gx:coord>120.10412382893264 30.25220163166523 100.0</gx:coord>
          <gx:coord>120.10414746589959 30.25220205076039 100.0</gx:coord>
          <gx:coord>120.1042109169066 30.25218352675438 100.0</gx:coord>
          <gx:coord>120.10425115004182 30.252168523147702 100.0</gx:coord>
          <gx:coord>120.1043901219964 30.252083195373416 100.0</gx:coord>
          <gx:coord>120.10441719554365 30.25204380042851 100.0</gx:coord>
          <gx:coord>120.10452507063746 30.251978589221835 100.0</gx:coord>
          <gx:coord>120.10456002317369 30.251969285309315 100.0</gx:coord>
          <gx:coord>120.10459899902344 30.25193919427693 97.0</gx:coord>
          <gx:coord>120.10470997542143 30.251899966970086 97.0</gx:coord>
          <gx:coord>120.10480167344213 30.251818830147386 97.0</gx:coord>
          <gx:coord>120.10492798872292 30.251731323078275 95.0</gx:coord>
          <gx:coord>120.10502060875297 30.25170181877911 95.0</gx:coord>
          <gx:coord>120.10509579442441 30.251706512644887 95.0</gx:coord>
          <gx:coord>120.1051279809326 30.251692598685622 95.0</gx:coord>
          <gx:coord>120.10518573224545 30.25164163671434 91.0</gx:coord>
          <gx:coord>120.10522068478167 30.251615066081285 91.0</gx:coord>
          <gx:coord>120.10526360012591 30.251599978655577 91.0</gx:coord>
          <gx:coord>120.10530794039369 30.251558320596814 91.0</gx:coord>
          <gx:coord>120.10535362176597 30.251521272584796 90.0</gx:coord>
          <gx:coord>120.10539653711021 30.25149461813271 90.0</gx:coord>
          <gx:coord>120.10545311495662 30.251475926488638 83.0</gx:coord>
          <gx:coord>120.10549410246313 30.251464694738388 83.0</gx:coord>
          <gx:coord>120.1055178232491 30.251468885689974 83.0</gx:coord>
          <gx:coord>120.10553961619735 30.251475675031543 83.0</gx:coord>
          <gx:coord>120.10555998422205 30.251467879861593 83.0</gx:coord>
          <gx:coord>120.10558303445578 30.25145354680717 83.0</gx:coord>
          <gx:coord>120.10559946298599 30.251450445502996 83.0</gx:coord>
          <gx:coord>120.1056803483516 30.251438627019525 83.0</gx:coord>
          <gx:coord>120.10571228340268 30.251425048336387 77.0</gx:coord>
          <gx:coord>120.10577900335193 30.25139302946627 77.0</gx:coord>
          <gx:coord>120.10579601861537 30.251382803544402 77.0</gx:coord>
          <gx:coord>120.10583851486444 30.251369141042233 77.0</gx:coord>
          <gx:coord>120.10585209354758 30.251355646178126 77.0</gx:coord>
          <gx:coord>120.10586994700134 30.251348186284304 77.0</gx:coord>
          <gx:coord>120.10590121150017 30.25134013965726 77.0</gx:coord>
          <gx:coord>120.10591839440167 30.251333517953753 77.0</gx:coord>
          <gx:coord>120.10601621121168 30.251287166029215 71.0</gx:coord>
          <gx:coord>120.1060344837606 30.251289596781135 71.0</gx:coord>
          <gx:coord>120.10604035109282 30.251294374465942 71.0</gx:coord>
          <gx:coord>120.10606390424073 30.25128398090601 71.0</gx:coord>
          <gx:coord>120.10610019788146 30.251266630366445 71.0</gx:coord>
          <gx:coord>120.1061378326267 30.251245759427547 68.0</gx:coord>
          <gx:coord>120.10616465471685 30.25121801532805 68.0</gx:coord>
          <gx:coord>120.10618879459798 30.251191360875964 68.0</gx:coord>
          <gx:coord>120.10619290173054 30.251179793849587 68.0</gx:coord>
          <gx:coord>120.10620765388012 30.251157749444246 68.0</gx:coord>
          <gx:coord>120.10620228946209 30.25113696232438 68.0</gx:coord>
          <gx:coord>120.10619290173054 30.25111257098615 68.0</gx:coord>
          <gx:coord>120.10619482956827 30.251086838543415 68.0</gx:coord>
          <gx:coord>120.10617521591485 30.251066219061613 68.0</gx:coord>
          <gx:coord>120.1061566080898 30.250938814133406 67.0</gx:coord>
          <gx:coord>120.10613917373121 30.25089363567531 67.0</gx:coord>
          <gx:coord>120.10613917373121 30.250876285135746 67.0</gx:coord>
          <gx:coord>120.10612442158163 30.250854240730405 67.0</gx:coord>
          <gx:coord>120.10612710379064 30.25084032677114 67.0</gx:coord>
          <gx:coord>120.10610564611852 30.250804452225566 67.0</gx:coord>
          <gx:coord>120.10609894059598 30.250748796388507 67.0</gx:coord>
          <gx:coord>120.1060894690454 30.25071526877582 67.0</gx:coord>
          <gx:coord>120.10607337579131 30.25065030902624 67.0</gx:coord>
          <gx:coord>120.1060546003282 30.250601693987846 67.0</gx:coord>
          <gx:coord>120.10604789480567 30.25046498514712 67.0</gx:coord>
          <gx:coord>120.10605728253722 30.250426763668656 67.0</gx:coord>
          <gx:coord>120.1060532592237 30.250404719263315 67.0</gx:coord>
          <gx:coord>120.10604789480567 30.250379238277674 67.0</gx:coord>
          <gx:coord>120.10605594143271 30.250364234670997 67.0</gx:coord>
          <gx:coord>120.10605728253722 30.25035266764462 67.0</gx:coord>
          <gx:coord>120.1060532592237 30.250331796705723 67.0</gx:coord>
          <gx:coord>120.10604923591018 30.250298185274005 67.0</gx:coord>
          <gx:coord>120.10604923591018 30.250272704288363 67.0</gx:coord>
          <gx:coord>120.10604923591018 30.250247223302722 67.0</gx:coord>
          <gx:coord>120.10604521259665 30.250235656276345 67.0</gx:coord>
          <gx:coord>120.10604521259665 30.250207828357816 67.0</gx:coord>
          <gx:coord>120.10605191811919 30.25018695741892 67.0</gx:coord>
          <gx:coord>120.10604253038764 30.250174216926098 67.0</gx:coord>
          <gx:coord>120.1060358248651 30.250161476433277 67.0</gx:coord>
          <gx:coord>120.10602911934257 30.250139432027936 67.0</gx:coord>
          <gx:coord>120.10603314265609 30.25012442842126 69.0</gx:coord>
          <gx:coord>120.10603305883706 30.250100875273347 69.0</gx:coord>
          <gx:coord>120.10600766167045 30.250055193901062 69.0</gx:coord>
          <gx:coord>120.10598360560834 30.250006997957826 69.0</gx:coord>
          <gx:coord>120.10597815737128 30.249999538064003 69.0</gx:coord>
          <gx:coord>120.10595988482237 30.249984450638294 76.0</gx:coord>
          <gx:coord>120.1059203222394 30.24994857609272 76.0</gx:coord>
          <gx:coord>120.10590020567179 30.249935248866677 76.0</gx:coord>
          <gx:coord>120.10582577437162 30.249810107052326 75.0</gx:coord>
          <gx:coord>120.10579685680568 30.2497941814363 75.0</gx:coord>
          <gx:coord>120.10578612796962 30.249725868925452 75.0</gx:coord>
          <gx:coord>120.1057995390147 30.249673733487725 75.0</gx:coord>
          <gx:coord>120.10587740689516 30.249589160084724 75.0</gx:coord>
          <gx:coord>120.10589224286377 30.249572983011603 72.0</gx:coord>
          <gx:coord>120.10591277852654 30.249581784009933 72.0</gx:coord>
          <gx:coord>120.10595535859466 30.249579939991236 72.0</gx:coord>
          <gx:coord>120.10600741021335 30.249581448733807 63.0</gx:coord>
          <gx:coord>120.1060466375202 30.249569546431303 63.0</gx:coord>
          <gx:coord>120.10607211850584 30.249560242518783 63.0</gx:coord>
          <gx:coord>120.10610438883305 30.249556805938482 63.0</gx:coord>
          <gx:coord>120.10614059865475 30.249554459005594 63.0</gx:coord>
          <gx:coord>120.10616616345942 30.249545238912106 63.0</gx:coord>
          <gx:coord>120.10620907880366 30.249529061838984 63.0</gx:coord>
          <gx:coord>120.10628703050315 30.249485056847334 54.0</gx:coord>
          <gx:coord>120.10632055811584 30.24947114288807 54.0</gx:coord>
          <gx:coord>120.10634746402502 30.24944339878857 54.0</gx:coord>
          <gx:coord>120.10638501495123 30.249424874782562 54.0</gx:coord>
          <gx:coord>120.10643874295056 30.249385479837656 54.0</gx:coord>
          <gx:coord>120.10648710653186 30.249375086277723 54.0</gx:coord>
          <gx:coord>120.10654485784471 30.249353041872382 45.0</gx:coord>
          <gx:coord>120.1066109072417 30.24931825697422 45.0</gx:coord>
          <gx:coord>120.10664192028344 30.249263774603605 43.0</gx:coord>
          <gx:coord>120.10670034214854 30.249203592538834 43.0</gx:coord>
          <gx:coord>120.10676488280296 30.249155396595597 43.0</gx:coord>
          <gx:coord>120.10678818449378 30.249145422130823 43.0</gx:coord>
          <gx:coord>120.10682774707675 30.24912564083934 42.0</gx:coord>
          <gx:coord>120.10686580091715 30.249087922275066 42.0</gx:coord>
          <gx:coord>120.10689128190279 30.249065877869725 42.0</gx:coord>
          <gx:coord>120.10692355223 30.249031176790595 42.0</gx:coord>
          <gx:coord>120.10693830437958 30.24900452233851 35.0</gx:coord>
          <gx:coord>120.1069584209472 30.24897669441998 35.0</gx:coord>
          <gx:coord>120.10698264464736 30.248948950320482 35.0</gx:coord>
          <gx:coord>120.10700142011046 30.248924642801285 35.0</gx:coord>
          <gx:coord>120.10702153667808 30.248902598395944 35.0</gx:coord>
          <gx:coord>120.10702019557357 30.248872507363558 35.0</gx:coord>
          <gx:coord>120.10702162049711 30.248856246471405 35.0</gx:coord>
          <gx:coord>120.10702698491514 30.24883311241865 35.0</gx:coord>
          <gx:coord>120.10703100822866 30.2488134149462 35.0</gx:coord>
          <gx:coord>120.10706453584135 30.248819198459387 35.0</gx:coord>
          <gx:coord>120.1070752646774 30.248827328905463 35.0</gx:coord>
          <gx:coord>120.10709001682699 30.248830011114478 34.0</gx:coord>
          <gx:coord>120.1071048527956 30.24883545935154 34.0</gx:coord>
          <gx:coord>120.1071222871542 30.248841242864728 34.0</gx:coord>
          <gx:coord>120.10715589858592 30.248849373310804 34.0</gx:coord>
          <gx:coord>120.10718674398959 30.24885398335755 34.0</gx:coord>
          <gx:coord>120.10721222497523 30.24886328727007 34.0</gx:coord>
          <gx:coord>120.1073049288243 30.248888852074742 34.0</gx:coord>
          <gx:coord>120.10741481557488 30.248906202614307 34.0</gx:coord>
          <gx:coord>120.10744457133114 30.248914333060384 34.0</gx:coord>
          <gx:coord>120.10748354718089 30.248930593952537 34.0</gx:coord>
          <gx:coord>120.10751439258456 30.248927157372236 34.0</gx:coord>
          <gx:coord>120.1075385324657 30.24892833083868 34.0</gx:coord>
          <gx:coord>120.10756141506135 30.248932940885425 34.0</gx:coord>
          <gx:coord>120.10762050747871 30.248948028311133 34.0</gx:coord>
          <gx:coord>120.10764867067337 30.248945681378245 36.0</gx:coord>
          <gx:coord>120.10770105756819 30.24895037524402 36.0</gx:coord>
          <gx:coord>120.1077198330313 30.248954985290766 36.0</gx:coord>
          <gx:coord>120.1077319867909 30.248963115736842 36.0</gx:coord>
          <gx:coord>120.10775428265333 30.248975018039346 36.0</gx:coord>
          <gx:coord>120.10778278112411 30.249001756310463 36.0</gx:coord>
          <gx:coord>120.1078041549772 30.24901667609811 36.0</gx:coord>
          <gx:coord>120.1078339945525 30.249030338600278 41.0</gx:coord>
          <gx:coord>120.10788504034281 30.249053556472063 41.0</gx:coord>
          <gx:coord>120.10792125016451 30.249063950031996 39.0</gx:coord>
          <gx:coord>120.10796793736517 30.24908716790378 39.0</gx:coord>
          <gx:coord>120.10805200785398 30.249102003872395 39.0</gx:coord>
          <gx:coord>120.10809374973178 30.24909739382565 39.0</gx:coord>
          <gx:coord>120.10812861844897 30.24908264167607 39.0</gx:coord>
          <gx:coord>120.10817052796483 30.249067302793264 39.0</gx:coord>
          <gx:coord>120.10819064453244 30.24905431084335 39.0</gx:coord>
          <gx:coord>120.10826415382326 30.24905053898692 37.0</gx:coord>
          <gx:coord>120.1083483081311 30.24901667609811 34.0</gx:coord>
          <gx:coord>120.1083966717124 30.249002762138844 34.0</gx:coord>
          <gx:coord>120.10854444466531 30.248937970027328 30.0</gx:coord>
          <gx:coord>120.10864108800888 30.24886965751648 30.0</gx:coord>
          <gx:coord>120.10880093090236 30.24873772636056 29.0</gx:coord>
          <gx:coord>120.10883320122957 30.248701767995954 29.0</gx:coord>
          <gx:coord>120.10895540937781 30.248573273420334 29.0</gx:coord>
          <gx:coord>120.10898357257247 30.248488700017333 29.0</gx:coord>
          <gx:coord>120.10908029973507 30.248332377523184 27.0</gx:coord>
          <gx:coord>120.10910854674876 30.248269848525524 27.0</gx:coord>
          <gx:coord>120.10917434468865 30.248173708096147 26.0</gx:coord>
          <gx:coord>120.10924684815109 30.248011518269777 26.0</gx:coord>
          <gx:coord>120.10924684815109 30.24796172976494 26.0</gx:coord>
          <gx:coord>120.10925757698715 30.247936248779297 26.0</gx:coord>
          <gx:coord>120.10927241295576 30.247891070321202 26.0</gx:coord>
          <gx:coord>120.10933284647763 30.247732400894165 27.0</gx:coord>
          <gx:coord>120.1093636918813 30.247686048969626 27.0</gx:coord>
          <gx:coord>120.10939864441752 30.24758068844676 28.0</gx:coord>
          <gx:coord>120.10948598384857 30.247409278526902 28.0</gx:coord>
          <gx:coord>120.10951682925224 30.247329315170646 25.0</gx:coord>
          <gx:coord>120.10957323946059 30.247270306572318 25.0</gx:coord>
          <gx:coord>120.10960416868329 30.24721121415496 30.0</gx:coord>
          <gx:coord>120.10964046232402 30.247182296589017 30.0</gx:coord>
          <gx:coord>120.1096538733691 30.247127814218402 30.0</gx:coord>
          <gx:coord>120.10967533104122 30.247100070118904 30.0</gx:coord>
          <gx:coord>120.10968614369631 30.247062938287854 27.0</gx:coord>
          <gx:coord>120.10973308235407 30.246921703219414 27.0</gx:coord>
          <gx:coord>120.10982813313603 30.24674811400473 33.0</gx:coord>
          <gx:coord>120.10992519557476 30.246556838974357 37.0</gx:coord>
          <gx:coord>120.10994388721883 30.246526496484876 37.0</gx:coord>
          <gx:coord>120.10998831130564 30.246444521471858 37.0</gx:coord>
          <gx:coord>120.10996685363352 30.24640160612762 37.0</gx:coord>
          <gx:coord>120.10993600822985 30.246378472074866 37.0</gx:coord>
          <gx:coord>120.1098003052175 30.24626481346786 36.0</gx:coord>
          <gx:coord>120.10948874987662 30.246107149869204 38.0</gx:coord>
          <gx:coord>120.10954784229398 30.246009835973382 38.0</gx:coord>
          <gx:coord>120.10930744931102 30.24590900167823 39.0</gx:coord>
          <gx:coord>120.10908859781921 30.245849741622806 38.0</gx:coord>
          <gx:coord>120.10895700193942 30.24580456316471 36.0</gx:coord>
          <gx:coord>120.10875550098717 30.245743039995432 36.0</gx:coord>
          <gx:coord>120.10869774967432 30.245718648657203 36.0</gx:coord>
          <gx:coord>120.1085420139134 30.245651425793767 37.0</gx:coord>
          <gx:coord>120.10830832645297 30.245575988665223 38.0</gx:coord>
          <gx:coord>120.10808276943862 30.245494851842523 41.0</gx:coord>
          <gx:coord>120.10786919854581 30.245420588180423 43.0</gx:coord>
          <gx:coord>120.10766208171844 30.245373230427504 43.0</gx:coord>
          <gx:coord>120.1074677053839 30.245293015614152 44.0</gx:coord>
          <gx:coord>120.10725161992013 30.2452249545604 44.0</gx:coord>
          <gx:coord>120.10705254971981 30.24516351521015 45.0</gx:coord>
          <gx:coord>120.10685976594687 30.245107356458902 42.0</gx:coord>
          <gx:coord>120.10683109983802 30.245098136365414 42.0</gx:coord>
          <gx:coord>120.10672917589545 30.245070308446884 44.0</gx:coord>
          <gx:coord>120.10667544789612 30.245070308446884 44.0</gx:coord>
          <gx:coord>120.10651702992618 30.24501926265657 46.0</gx:coord>
          <gx:coord>120.106405550614 30.244986740872264 46.0</gx:coord>
          <gx:coord>120.10636900551617 30.244972240179777 46.0</gx:coord>
          <gx:coord>120.1063384115696 30.24496360681951 46.0</gx:coord>
          <gx:coord>120.10630756616592 30.24495430290699 46.0</gx:coord>
          <gx:coord>120.10626054368913 30.244940388947725 46.0</gx:coord>
          <gx:coord>120.10623363777995 30.24492647498846 47.0</gx:coord>
          <gx:coord>120.10620949789882 30.244920691475272 47.0</gx:coord>
          <gx:coord>120.10617194697261 30.244919518008828 47.0</gx:coord>
          <gx:coord>120.10600003413856 30.244868472218513 47.0</gx:coord>
          <gx:coord>120.10591411963105 30.24484877474606 44.0</gx:coord>
          <gx:coord>120.1057892292738 30.24482094682753 44.0</gx:coord>
          <gx:coord>120.10574488900602 30.24481164291501 44.0</gx:coord>
          <gx:coord>120.10573147796094 30.2447965554893 44.0</gx:coord>
          <gx:coord>120.10570063255727 30.244795382022858 44.0</gx:coord>
          <gx:coord>120.10564288124442 30.244767554104328 44.0</gx:coord>
          <gx:coord>120.10556367225945 30.244751293212175 44.0</gx:coord>
          <gx:coord>120.10547901503742 30.24473737925291 44.0</gx:coord>
          <gx:coord>120.1054105348885 30.244729248806834 44.0</gx:coord>
          <gx:coord>120.10533400811255 30.244704941287637 44.0</gx:coord>
          <gx:coord>120.10521221905947 30.24468122050166 44.0</gx:coord>
          <gx:coord>120.10511792264879 30.244656074792147 44.0</gx:coord>
          <gx:coord>120.10505614802241 30.244626319035888 44.0</gx:coord>
          <gx:coord>120.10489563457668 30.244567897170782 43.0</gx:coord>
          <gx:coord>120.1048412360251 30.244543757289648 45.0</gx:coord>
          <gx:coord>120.10483184829354 30.24451601319015 45.0</gx:coord>
          <gx:coord>120.1047701574862 30.244477707892656 45.0</gx:coord>
          <gx:coord>120.10473788715899 30.244440576061606 45.0</gx:coord>
          <gx:coord>120.10463319718838 30.24433513171971 45.0</gx:coord>
          <gx:coord>120.10459153912961 30.24427955970168 46.0</gx:coord>
          <gx:coord>120.10455667041242 30.244245948269963 50.0</gx:coord>
          <gx:coord>120.10452574118972 30.24421351030469 50.0</gx:coord>
          <gx:coord>120.10448953136802 30.244169421494007 50.0</gx:coord>
          <gx:coord>120.10445323772728 30.244128853082657 50.0</gx:coord>
          <gx:coord>120.10440764017403 30.244052410125732 50.0</gx:coord>
          <gx:coord>120.10435927659273 30.244007231667638 46.0</gx:coord>
          <gx:coord>120.10432709008455 30.243957359343767 46.0</gx:coord>
          <gx:coord>120.10428274981678 30.243894830346107 49.0</gx:coord>
          <gx:coord>120.10425995104015 30.2438588719815 49.0</gx:coord>
          <gx:coord>120.10423447005451 30.24381486698985 49.0</gx:coord>
          <gx:coord>120.1042021997273 30.24376734159887 49.0</gx:coord>
          <gx:coord>120.10411360301077 30.243654940277338 45.0</gx:coord>
          <gx:coord>120.10403707623482 30.243594674393535 45.0</gx:coord>
          <gx:coord>120.10399281978607 30.243547232821584 47.0</gx:coord>
          <gx:coord>120.10395518504083 30.243525188416243 47.0</gx:coord>
          <gx:coord>120.103900115937 30.24347766302526 47.0</gx:coord>
          <gx:coord>120.1038464717567 30.24345218203962 47.0</gx:coord>
          <gx:coord>120.10380347259343 30.2434220071882 47.0</gx:coord>
          <gx:coord>120.10374572128057 30.243401136249304 49.0</gx:coord>
          <gx:coord>120.10371219366789 30.24338034912944 49.0</gx:coord>
          <gx:coord>120.10368268936872 30.243366435170174 49.0</gx:coord>
          <gx:coord>120.1036289613694 30.243345564231277 49.0</gx:coord>
          <gx:coord>120.10356182232499 30.243321172893047 49.0</gx:coord>
          <gx:coord>120.10345445014536 30.24326903745532 49.0</gx:coord>
          <gx:coord>120.10350809432566 30.243129981681705 48.0</gx:coord>
          <gx:coord>120.10356852784753 30.242945831269026 48.0</gx:coord>
          <gx:coord>120.10358872823417 30.242926133796573 48.0</gx:coord>
          <gx:coord>120.10357255116105 30.242911046370864 50.0</gx:coord>
          <gx:coord>120.10356986895204 30.242886738851666 50.0</gx:coord>
          <gx:coord>120.10358604602516 30.24285312741995 50.0</gx:coord>
          <gx:coord>120.10358604602516 30.242796381935477 50.0</gx:coord>
          <gx:coord>120.10360750369728 30.242754723876715 50.0</gx:coord>
          <gx:coord>120.10362359695137 30.24271641857922 50.0</gx:coord>
          <gx:coord>120.10363172739744 30.242671240121126 50.0</gx:coord>
          <gx:coord>120.10365586727858 30.24261918850243 53.0</gx:coord>
          <gx:coord>120.1036773249507 30.242585577070713 53.0</gx:coord>
          <gx:coord>120.10368939489126 30.24253461509943 53.0</gx:coord>
          <gx:coord>120.10371093638241 30.242492873221636 53.0</gx:coord>
          <gx:coord>120.10371898300946 30.24245699867606 53.0</gx:coord>
          <gx:coord>120.10374982841313 30.242393296211958 53.0</gx:coord>
          <gx:coord>120.10377271100879 30.242330683395267 52.0</gx:coord>
          <gx:coord>120.10385057888925 30.242160446941853 52.0</gx:coord>
          <gx:coord>120.1038774009794 30.24211870506406 52.0</gx:coord>
          <gx:coord>120.10390296578407 30.24208744056523 52.0</gx:coord>
          <gx:coord>120.10391503572464 30.242049219086766 56.0</gx:coord>
          <gx:coord>120.10400765575469 30.24189163930714 56.0</gx:coord>
          <gx:coord>120.10398083366454 30.24189054965973 56.0</gx:coord>
          <gx:coord>120.10396339930594 30.241869678720832 56.0</gx:coord>
          <gx:coord>120.10386264882982 30.241831373423338 56.0</gx:coord>
          <gx:coord>120.10371504351497 30.24176892824471 58.0</gx:coord>
          <gx:coord>120.10358478873968 30.241701621562243 58.0</gx:coord>
          <gx:coord>120.10350021533668 30.24166683666408 58.0</gx:coord>
          <gx:coord>120.10340348817408 30.241634314879775 56.0</gx:coord>
          <gx:coord>120.10325722396374 30.24156130850315 56.0</gx:coord>
          <gx:coord>120.10320349596441 30.2415207400918 62.0</gx:coord>
          <gx:coord>120.1030866522342 30.241452427580953 57.0</gx:coord>
          <gx:coord>120.10291683487594 30.24129199795425 57.0</gx:coord>
          <gx:coord>120.10287861339748 30.241250758990645 52.0</gx:coord>
          <gx:coord>120.10286654345691 30.24122410453856 55.0</gx:coord>
          <gx:coord>120.102798063308 30.24114648811519 55.0</gx:coord>
          <gx:coord>120.1026476919651 30.240932079032063 57.0</gx:coord>
          <gx:coord>120.1026114821434 30.240873070433736 55.0</gx:coord>
          <gx:coord>120.10257518850267 30.24083711206913 55.0</gx:coord>
          <gx:coord>120.10251886211336 30.24072823114693 55.0</gx:coord>
          <gx:coord>120.10242758318782 30.240541649982333 61.0</gx:coord>
          <gx:coord>120.10240880772471 30.240489514544606 61.0</gx:coord>
          <gx:coord>120.10240620933473 30.2404760196805 61.0</gx:coord>
          <gx:coord>120.10237100534141 30.240412149578333 62.0</gx:coord>
          <gx:coord>120.10226346552372 30.240360097959638 61.0</gx:coord>
          <gx:coord>120.10224762372673 30.240356074646115 61.0</gx:coord>
          <gx:coord>120.10223999619484 30.240342998877168 61.0</gx:coord>
          <gx:coord>120.10221409611404 30.240316847339272 61.0</gx:coord>
          <gx:coord>120.1021677441895 30.240309135988355 61.0</gx:coord>
          <gx:coord>120.1020900439471 30.240282313898206 61.0</gx:coord>
          <gx:coord>120.10194830596447 30.240181228145957 60.0</gx:coord>
          <gx:coord>120.10190631262958 30.24015943519771 60.0</gx:coord>
          <gx:coord>120.10174051858485 30.240016942843795 58.0</gx:coord>
          <gx:coord>120.10167178697884 30.23996338248253 58.0</gx:coord>
          <gx:coord>120.10154907591641 30.23982265032828 57.0</gx:coord>
          <gx:coord>120.10154237039387 30.239793565124273 57.0</gx:coord>
          <gx:coord>120.10151202790439 30.23974788375199 58.0</gx:coord>
          <gx:coord>120.10142770595849 30.239656269550323 58.0</gx:coord>
          <gx:coord>120.1012660190463 30.239514280110598 58.0</gx:coord>
          <gx:coord>120.10107206180692 30.23941763676703 60.0</gx:coord>
          <gx:coord>120.1010453235358 30.239409171044827 60.0</gx:coord>
          <gx:coord>120.10095898993313 30.23933649994433 64.0</gx:coord>
          <gx:coord>120.10085295885801 30.23927397094667 61.0</gx:coord>
          <gx:coord>120.1006985642016 30.239150002598763 61.0</gx:coord>
          <gx:coord>120.10052137076855 30.2390340808779 64.0</gx:coord>
          <gx:coord>120.10047837160528 30.238997032865882 61.0</gx:coord>
          <gx:coord>120.10039656423032 30.23893442004919 62.0</gx:coord>
          <gx:coord>120.1002405770123 30.238782791420817 62.0</gx:coord>
          <gx:coord>120.10020629502833 30.238745491951704 63.0</gx:coord>
          <gx:coord>120.10003270581365 30.23862118832767 63.0</gx:coord>
          <gx:coord>120.09987705387175 30.238502249121666 63.0</gx:coord>
          <gx:coord>120.09983682073653 30.238461680710316 61.0</gx:coord>
          <gx:coord>120.09979784488678 30.23841306567192 61.0</gx:coord>
          <gx:coord>120.0997468829155 30.23834466934204 61.0</gx:coord>
          <gx:coord>120.09970522485673 30.238255485892296 61.0</gx:coord>
          <gx:coord>120.09960053488612 30.23813847452402 60.0</gx:coord>
          <gx:coord>120.0994569528848 30.237973937764764 66.0</gx:coord>
          <gx:coord>120.09936969727278 30.237827925011516 65.0</gx:coord>
          <gx:coord>120.09932141751051 30.237780399620533 65.0</gx:coord>
          <gx:coord>120.09933348745108 30.23773522116244 65.0</gx:coord>
          <gx:coord>120.09927439503372 30.23767612874508 69.0</gx:coord>
          <gx:coord>120.09920868091285 30.2375765517354 70.0</gx:coord>
          <gx:coord>120.0991334952414 30.237480327486992 70.0</gx:coord>
          <gx:coord>120.09906233288348 30.23734244517982 74.0</gx:coord>
          <gx:coord>120.09900600649416 30.237250914797187 68.0</gx:coord>
          <gx:coord>120.09898714721203 30.23722317069769 68.0</gx:coord>
          <gx:coord>120.09892545640469 30.23715829476714 68.0</gx:coord>
          <gx:coord>120.09888648055494 30.237133903428912 68.0</gx:coord>
          <gx:coord>120.09885563515127 30.237109595909715 68.0</gx:coord>
          <gx:coord>120.09882881306112 30.237088724970818 68.0</gx:coord>
          <gx:coord>120.0988086964935 30.237075984477997 68.0</gx:coord>
          <gx:coord>120.09879302233458 30.237066680565476 68.0</gx:coord>
          <gx:coord>120.098786232993 30.237044971436262 68.0</gx:coord>
          <gx:coord>120.09876603260636 30.237010354176164 68.0</gx:coord>
          <gx:coord>120.09873317554593 30.2369911596179 63.0</gx:coord>
          <gx:coord>120.09869989939034 30.23691974580288 63.0</gx:coord>
          <gx:coord>120.09868062101305 30.236873980611563 63.0</gx:coord>
          <gx:coord>120.09865346364677 30.236792927607894 66.0</gx:coord>
          <gx:coord>120.09863753803074 30.23674540221691 66.0</gx:coord>
          <gx:coord>120.09862521663308 30.236715646460652 66.0</gx:coord>
          <gx:coord>120.09862186387181 30.23669603280723 66.0</gx:coord>
          <gx:coord>120.09858917444944 30.23666233755648 66.0</gx:coord>
          <gx:coord>120.09857685305178 30.236647333949804 66.0</gx:coord>
          <gx:coord>120.09857660159469 30.23663249798119 66.0</gx:coord>
          <gx:coord>120.09857282973826 30.236627385020256 66.0</gx:coord>
          <gx:coord>120.098572159186 30.236614644527435 66.0</gx:coord>
          <gx:coord>120.09855975396931 30.236568292602897 66.0</gx:coord>
          <gx:coord>120.09854600764811 30.236518755555153 70.0</gx:coord>
          <gx:coord>120.09846244007349 30.23638766258955 69.0</gx:coord>
          <gx:coord>120.0984429102391 30.236357739195228 69.0</gx:coord>
          <gx:coord>120.09843410924077 30.236343573778868 69.0</gx:coord>
          <gx:coord>120.09842480532825 30.23633100092411 69.0</gx:coord>
          <gx:coord>120.09840292856097 30.236312141641974 69.0</gx:coord>
          <gx:coord>120.09835112839937 30.23629864677787 69.0</gx:coord>
          <gx:coord>120.09834081865847 30.236292192712426 69.0</gx:coord>
          <gx:coord>120.09833201766014 30.236288085579872 69.0</gx:coord>
          <gx:coord>120.09832179173827 30.23628070950508 69.0</gx:coord>
          <gx:coord>120.09829740040004 30.236225305125117 74.0</gx:coord>
          <gx:coord>120.09828926995397 30.23619663901627 74.0</gx:coord>
          <gx:coord>120.0982597656548 30.236182725057006 74.0</gx:coord>
          <gx:coord>120.09825574234128 30.23616537451744 74.0</gx:coord>
          <gx:coord>120.09823026135564 30.23615841753781 74.0</gx:coord>
          <gx:coord>120.09821274317801 30.23613754659891 74.0</gx:coord>
          <gx:coord>120.09817921556532 30.23610971868038 71.0</gx:coord>
          <gx:coord>120.0980771239847 30.236046686768532 71.0</gx:coord>
          <gx:coord>120.0980713404715 30.236033024266362 71.0</gx:coord>
          <gx:coord>120.09794703684747 30.235935961827636 75.0</gx:coord>
          <gx:coord>120.09780337102711 30.235808473080397 74.0</gx:coord>
          <gx:coord>120.0976799055934 30.235690288245678 74.0</gx:coord>
          <gx:coord>120.0976436957717 30.23566254414618 74.0</gx:coord>
          <gx:coord>120.0976276025176 30.235641673207283 73.0</gx:coord>
          <gx:coord>120.09761687368155 30.235623149201274 73.0</gx:coord>
          <gx:coord>120.09761419147253 30.235619628801942 73.0</gx:coord>
          <gx:coord>120.09760212153196 30.235605714842677 73.0</gx:coord>
          <gx:coord>120.09758192114532 30.235605714842677 73.0</gx:coord>
          <gx:coord>120.09757387451828 30.235591800883412 73.0</gx:coord>
          <gx:coord>120.09756180457771 30.235574450343847 73.0</gx:coord>
          <gx:coord>120.09756180457771 30.235560536384583 73.0</gx:coord>
          <gx:coord>120.09755325503647 30.235553830862045 73.0</gx:coord>
          <gx:coord>120.09753414429724 30.23554863408208 73.0</gx:coord>
          <gx:coord>120.09749684482813 30.23554469458759 73.0</gx:coord>
          <gx:coord>120.0974481459707 30.2355320379138 73.0</gx:coord>
          <gx:coord>120.09743800386786 30.235530026257038 73.0</gx:coord>
          <gx:coord>120.0974240899086 30.235526338219643 73.0</gx:coord>
          <gx:coord>120.09738192893565 30.235529271885753 73.0</gx:coord>
          <gx:coord>120.09735913015902 30.23553505539894 73.0</gx:coord>
          <gx:coord>120.09725712239742 30.235511921346188 73.0</gx:coord>
          <gx:coord>120.09716316126287 30.235445871949196 73.0</gx:coord>
          <gx:coord>120.09702360257506 30.23540999740362 73.0</gx:coord>
          <gx:coord>120.0969766639173 30.23538451641798 73.0</gx:coord>
          <gx:coord>120.096928300336 30.235367082059383 73.0</gx:coord>
          <gx:coord>120.09678337723017 30.235319640487432 72.0</gx:coord>
          <gx:coord>120.09664650075138 30.235258201137185 72.0</gx:coord>
          <gx:coord>120.09655119851232 30.235202629119158 72.0</gx:coord>
          <gx:coord>120.09647601284087 30.235188715159893 74.0</gx:coord>
          <gx:coord>120.0963243842125 30.23512501269579 75.0</gx:coord>
          <gx:coord>120.09623310528696 30.235096011310816 74.0</gx:coord>
          <gx:coord>120.09616236202419 30.235068015754223 74.0</gx:coord>
          <gx:coord>120.09609891101718 30.235057789832354 74.0</gx:coord>
          <gx:coord>120.09599019773304 30.234989477321506 74.0</gx:coord>
          <gx:coord>120.09590830653906 30.234923427924514 82.0</gx:coord>
          <gx:coord>120.09584527462721 30.234870119020343 82.0</gx:coord>
          <gx:coord>120.09576338343322 30.234799459576607 77.0</gx:coord>
          <gx:coord>120.09573924355209 30.234752018004656 77.0</gx:coord>
          <gx:coord>120.09560102596879 30.23466970771551 78.0</gx:coord>
          <gx:coord>120.09545073844492 30.23459100164473 78.0</gx:coord>
          <gx:coord>120.0953983515501 30.23455772548914 76.0</gx:coord>
          <gx:coord>120.09539499878883 30.234527802094817 76.0</gx:coord>
          <gx:coord>120.09537152945995 30.23448438383639 76.0</gx:coord>
          <gx:coord>120.0953621417284 30.23442881181836 76.0</gx:coord>
          <gx:coord>120.09535677731037 30.234399810433388 76.0</gx:coord>
          <gx:coord>120.09535677731037 30.23435689508915 76.0</gx:coord>
          <gx:coord>120.09529366157949 30.234280452132225 78.0</gx:coord>
          <gx:coord>120.0952426996082 30.234230663627386 78.0</gx:coord>
          <gx:coord>120.09522660635412 30.23420635610819 78.0</gx:coord>
          <gx:coord>120.09521051310003 30.234183138236403 78.0</gx:coord>
          <gx:coord>120.095205148682 30.234166961163282 78.0</gx:coord>
          <gx:coord>120.09520246647298 30.234143743291497 78.0</gx:coord>
          <gx:coord>120.09519710205495 30.234136786311865 78.0</gx:coord>
          <gx:coord>120.09518905542791 30.234127566218376 78.0</gx:coord>
          <gx:coord>120.0951829366386 30.234111724421382 78.0</gx:coord>
          <gx:coord>120.09517204016447 30.234095212072134 78.0</gx:coord>
          <gx:coord>120.09516474790871 30.234068306162953 78.0</gx:coord>
          <gx:coord>120.09513633325696 30.234017176553607 92.0</gx:coord>
          <gx:coord>120.09510666131973 30.233883652836084 92.0</gx:coord>
          <gx:coord>120.09503927081823 30.23367678746581 104.0</gx:coord>
          <gx:coord>120.09500465355814 30.23349490016699 104.0</gx:coord>
          <gx:coord>120.09500574320555 30.23345240391791 99.0</gx:coord>
          <gx:coord>120.09500775486231 30.233423989266157 99.0</gx:coord>
          <gx:coord>120.09491597302258 30.233145458623767 102.0</gx:coord>
          <gx:coord>120.09483307600021 30.23297413252294 101.0</gx:coord>
          <gx:coord>120.0947891548276 30.2328934147954 98.0</gx:coord>
          <gx:coord>120.09475629776716 30.232850834727287 98.0</gx:coord>
          <gx:coord>120.09465638548136 30.232675820589066 98.0</gx:coord>
          <gx:coord>120.09454188868403 30.232617734000087 101.0</gx:coord>
          <gx:coord>120.0944437365979 30.232527125626802 101.0</gx:coord>
          <gx:coord>120.09431876242161 30.232338113710284 100.0</gx:coord>
          <gx:coord>120.09430610574782 30.232292432338 100.0</gx:coord>
          <gx:coord>120.09418549016118 30.232147509232163 109.0</gx:coord>
          <gx:coord>120.0941707380116 30.2321370318532 109.0</gx:coord>
          <gx:coord>120.09415179491043 30.232116328552365 109.0</gx:coord>
          <gx:coord>120.09414022788405 30.232054134830832 100.0</gx:coord>
          <gx:coord>120.09407040663064 30.231880210340023 100.0</gx:coord>
          <gx:coord>120.0940737593919 30.231841653585434 100.0</gx:coord>
          <gx:coord>120.09403645992279 30.231809299439192 100.0</gx:coord>
          <gx:coord>120.09406697005033 30.231731263920665 97.0</gx:coord>
          <gx:coord>120.09404417127371 30.231670159846544 97.0</gx:coord>
          <gx:coord>120.09402438998222 30.231601931154728 99.0</gx:coord>
          <gx:coord>120.09401232004166 30.231535881757736 99.0</gx:coord>
          <gx:coord>120.09399220347404 30.231466311961412 94.0</gx:coord>
          <gx:coord>120.09397611021996 30.231392215937376 94.0</gx:coord>
          <gx:coord>120.09398013353348 30.23135625757277 94.0</gx:coord>
          <gx:coord>120.09398818016052 30.231335386633873 94.0</gx:coord>
          <gx:coord>120.09399086236954 30.231319209560752 94.0</gx:coord>
          <gx:coord>120.09398952126503 30.23129372857511 94.0</gx:coord>
          <gx:coord>120.09398549795151 30.2312786411494 94.0</gx:coord>
          <gx:coord>120.09398683905602 30.23125659674406 94.0</gx:coord>
          <gx:coord>120.09398013353348 30.23124041967094 94.0</gx:coord>
          <gx:coord>120.09396806359291 30.231224158778787 94.0</gx:coord>
          <gx:coord>120.09396940469742 30.23121259175241 94.0</gx:coord>
          <gx:coord>120.0939653813839 30.23120337165892 94.0</gx:coord>
          <gx:coord>120.09397476911545 30.231189457699656 94.0</gx:coord>
          <gx:coord>120.09397476911545 30.231176717206836 94.0</gx:coord>
          <gx:coord>120.09398549795151 30.23115928284824 94.0</gx:coord>
          <gx:coord>120.09401139803231 30.23113103583455 94.0</gx:coord>
          <gx:coord>120.09400025010109 30.23109675385058 94.0</gx:coord>
          <gx:coord>120.09401500225067 30.230961134657264 96.0</gx:coord>
          <gx:coord>120.09401500225067 30.230936827138066 96.0</gx:coord>
          <gx:coord>120.0940190255642 30.230902042239904 96.0</gx:coord>
          <gx:coord>120.09401232004166 30.230824425816536 96.0</gx:coord>
          <gx:coord>120.09401232004166 30.230809338390827 96.0</gx:coord>
          <gx:coord>120.09401391260326 30.23079131729901 96.0</gx:coord>
          <gx:coord>120.09399807080626 30.230728201568127 96.0</gx:coord>
          <gx:coord>120.09398013353348 30.230671539902687 97.0</gx:coord>
          <gx:coord>120.09390000253916 30.2305500023067 97.0</gx:coord>
          <gx:coord>120.0938755273819 30.23051974363625 97.0</gx:coord>
          <gx:coord>120.09381224401295 30.230453610420227 97.0</gx:coord>
          <gx:coord>120.09363974444568 30.230296701192856 97.0</gx:coord>
          <gx:coord>120.09349113330245 30.2301889937371 97.0</gx:coord>
          <gx:coord>120.09341762401164 30.230157310143113 96.0</gx:coord>
          <gx:coord>120.09327840059996 30.230058738961816 97.0</gx:coord>
          <gx:coord>120.09325291961432 30.23001004010439 97.0</gx:coord>
          <gx:coord>120.09320137090981 30.22996561601758 97.0</gx:coord>
          <gx:coord>120.09318728931248 30.229955054819584 97.0</gx:coord>
          <gx:coord>120.0930636562407 30.22985950112343 98.0</gx:coord>
          <gx:coord>120.09303155355155 30.2298126462847 98.0</gx:coord>
          <gx:coord>120.09296198375523 30.22974039427936 98.0</gx:coord>
          <gx:coord>120.0929066631943 30.229714661836624 99.0</gx:coord>
          <gx:coord>120.09287699125707 30.229669651016593 99.0</gx:coord>
          <gx:coord>120.09284312836826 30.2296538092196 99.0</gx:coord>
          <gx:coord>120.09282158687711 30.229640901088715 99.0</gx:coord>
          <gx:coord>120.092757884413 30.22958692163229 99.0</gx:coord>
          <gx:coord>120.09273810312152 30.229543168097734 102.0</gx:coord>
          <gx:coord>120.0926960259676 30.229508467018604 102.0</gx:coord>
          <gx:coord>120.09266786277294 30.22949111647904 102.0</gx:coord>
          <gx:coord>120.09264699183404 30.229464964941144 102.0</gx:coord>
          <gx:coord>120.09261011146009 30.22944124415517 101.0</gx:coord>
          <gx:coord>120.09256853722036 30.22941928356886 101.0</gx:coord>
          <gx:coord>120.0925316568464 30.229378463700414 101.0</gx:coord>
          <gx:coord>120.09249025024474 30.22935432381928 101.0</gx:coord>
          <gx:coord>120.092464517802 30.22933194413781 101.0</gx:coord>
          <gx:coord>120.09230148978531 30.229209819808602 104.0</gx:coord>
          <gx:coord>120.09221666492522 30.229171011596918 104.0</gx:coord>
          <gx:coord>120.09212337434292 30.229130778461695 104.0</gx:coord>
          <gx:coord>120.09209437295794 30.229123402386904 104.0</gx:coord>
          <gx:coord>120.09205346927047 30.22910026833415 104.0</gx:coord>
          <gx:coord>120.09202111512423 30.229077637195587 104.0</gx:coord>
          <gx:coord>120.0919325184077 30.229021981358528 108.0</gx:coord>
          <gx:coord>120.09184802882373 30.228989627212286 108.0</gx:coord>
          <gx:coord>120.09182120673358 30.228995410725474 108.0</gx:coord>
          <gx:coord>120.09179027751088 30.228991890326142 106.0</gx:coord>
          <gx:coord>120.09174467995763 30.22899080067873 106.0</gx:coord>
          <gx:coord>120.0916856713593 30.228982670232654 106.0</gx:coord>
          <gx:coord>120.09164133109152 30.228982670232654 106.0</gx:coord>
          <gx:coord>120.09155550040305 30.22898392751813 106.0</gx:coord>
          <gx:coord>120.09148970246315 30.22899088449776 106.0</gx:coord>
          <gx:coord>120.09143203496933 30.228999014943838 106.0</gx:coord>
          <gx:coord>120.09137839078903 30.22902793250978 107.0</gx:coord>
          <gx:coord>120.09128560312092 30.229047378525138 107.0</gx:coord>
          <gx:coord>120.09126984514296 30.22904159501195 107.0</gx:coord>
          <gx:coord>120.09123221039772 30.22903773933649 112.0</gx:coord>
          <gx:coord>120.0911885406822 30.22903371602297 112.0</gx:coord>
          <gx:coord>120.09117714129388 30.228994404897094 110.0</gx:coord>
          <gx:coord>120.09113682433963 30.228893654420972 110.0</gx:coord>
          <gx:coord>120.09113414213061 30.228862389922142 110.0</gx:coord>
          <gx:coord>120.09113548323512 30.228837998583913 110.0</gx:coord>
          <gx:coord>120.09112475439906 30.228811344131827 110.0</gx:coord>
          <gx:coord>120.09111670777202 30.228791646659374 110.0</gx:coord>
          <gx:coord>120.09111804887652 30.2287557721138 110.0</gx:coord>
          <gx:coord>120.09110908024013 30.228681340813637 114.0</gx:coord>
          <gx:coord>120.09108452126384 30.22862828336656 114.0</gx:coord>
          <gx:coord>120.09108452126384 30.228583104908466 114.0</gx:coord>
          <gx:coord>120.09106708690524 30.22854949347675 114.0</gx:coord>
          <gx:coord>120.09097991511226 30.228345645591617 116.0</gx:coord>
          <gx:coord>120.09095979854465 30.228261072188616 118.0</gx:coord>
          <gx:coord>120.09100807830691 30.22810692898929 121.0</gx:coord>
          <gx:coord>120.09103364311159 30.22807910107076 121.0</gx:coord>
          <gx:coord>120.09106834419072 30.228036604821682 121.0</gx:coord>
          <gx:coord>120.09107655845582 30.228011878207326 121.0</gx:coord>
          <gx:coord>120.09108058176935 30.22797600366175 121.0</gx:coord>
          <gx:coord>120.0910899695009 30.22792613133788 121.0</gx:coord>
          <gx:coord>120.09111008606851 30.22786008194089 125.0</gx:coord>
          <gx:coord>120.09113824926317 30.227799816057086 125.0</gx:coord>
          <gx:coord>120.09115308523178 30.227762768045068 125.0</gx:coord>
          <gx:coord>120.0911571085453 30.22774768061936 125.0</gx:coord>
          <gx:coord>120.0911745429039 30.22773259319365 125.0</gx:coord>
          <gx:coord>120.09118795394897 30.22771406918764 125.0</gx:coord>
          <gx:coord>120.09119465947151 30.227643409743905 125.0</gx:coord>
          <gx:coord>120.09121477603912 30.227587753906846 130.0</gx:coord>
          <gx:coord>120.09120538830757 30.227562272921205 130.0</gx:coord>
          <gx:coord>120.09120136499405 30.22754257544875 130.0</gx:coord>
          <gx:coord>120.09121343493462 30.227518267929554 130.0</gx:coord>
          <gx:coord>120.09121209383011 30.22749505005777 130.0</gx:coord>
          <gx:coord>120.0912107527256 30.22746378555894 130.0</gx:coord>
          <gx:coord>120.09122148156166 30.227438304573298 130.0</gx:coord>
          <gx:coord>120.09123086929321 30.227374518290162 130.0</gx:coord>
          <gx:coord>120.09124436415732 30.227288771420717 127.0</gx:coord>
          <gx:coord>120.09126582182944 30.22726211696863 132.0</gx:coord>
          <gx:coord>120.09126850403845 30.227244766429067 132.0</gx:coord>
          <gx:coord>120.09127520956099 30.227230852469802 132.0</gx:coord>
          <gx:coord>120.09127520956099 30.22721467539668 132.0</gx:coord>
          <gx:coord>120.0912765506655 30.227163629606366 132.0</gx:coord>
          <gx:coord>120.0912765506655 30.227135801687837 132.0</gx:coord>
          <gx:coord>120.09128727950156 30.227090623229742 132.0</gx:coord>
          <gx:coord>120.09127252735198 30.22705240175128 140.0</gx:coord>
          <gx:coord>120.09128727950156 30.2268994320184 140.0</gx:coord>
          <gx:coord>120.09129264391959 30.2268751244992 140.0</gx:coord>
          <gx:coord>120.09129306301475 30.226858612149954 140.0</gx:coord>
          <gx:coord>120.09128199890256 30.226836148649454 140.0</gx:coord>
          <gx:coord>120.0912836752832 30.226826006546617 140.0</gx:coord>
          <gx:coord>120.09128116071224 30.226814104244113 140.0</gx:coord>
          <gx:coord>120.09129180572927 30.226768339052796 146.0</gx:coord>
          <gx:coord>120.09130647405982 30.226732464507222 146.0</gx:coord>
          <gx:coord>120.09131829254329 30.22671620361507 146.0</gx:coord>
          <gx:coord>120.09131100028753 30.22665702737868 146.0</gx:coord>
          <gx:coord>120.09131183847785 30.226630037650466 146.0</gx:coord>
          <gx:coord>120.09130345657468 30.226559964939952 146.0</gx:coord>
          <gx:coord>120.09131686761975 30.226442953571677 150.0</gx:coord>
          <gx:coord>120.09131820872426 30.226386124268174 150.0</gx:coord>
          <gx:coord>120.09133161976933 30.22623784840107 157.0</gx:coord>
          <gx:coord>120.09131175465882 30.22620323114097 157.0</gx:coord>
          <gx:coord>120.09131653234363 30.22618319839239 157.0</gx:coord>
          <gx:coord>120.09131954982877 30.226146318018436 157.0</gx:coord>
          <gx:coord>120.09130345657468 30.226111533120275 157.0</gx:coord>
          <gx:coord>120.09130211547017 30.22609183564782 157.0</gx:coord>
          <gx:coord>120.09129809215665 30.22607213817537 157.0</gx:coord>
          <gx:coord>120.09129943326116 30.22602234967053 157.0</gx:coord>
          <gx:coord>120.09130345657468 30.226004915311933 157.0</gx:coord>
          <gx:coord>120.09129406884313 30.225974824279547 157.0</gx:coord>
          <gx:coord>120.09129809215665 30.225921515375376 164.0</gx:coord>
          <gx:coord>120.0912934821099 30.225900979712605 164.0</gx:coord>
          <gx:coord>120.09132080711424 30.225841468200088 164.0</gx:coord>
          <gx:coord>120.09132365696132 30.225820681080222 164.0</gx:coord>
          <gx:coord>120.09133958257735 30.225802408531308 164.0</gx:coord>
          <gx:coord>120.09132633917034 30.225730324164033 164.0</gx:coord>
          <gx:coord>120.09134109131992 30.225696712732315 164.0</gx:coord>
          <gx:coord>120.09134109131992 30.225658491253853 167.0</gx:coord>
          <gx:coord>120.09134779684246 30.225607445463538 167.0</gx:coord>
          <gx:coord>120.0913370680064 30.225550699979067 167.0</gx:coord>
          <gx:coord>120.09134804829955 30.225494038313627 167.0</gx:coord>
          <gx:coord>120.09133304469287 30.225368728861213 166.0</gx:coord>
          <gx:coord>120.09132633917034 30.225313156843185 166.0</gx:coord>
          <gx:coord>120.09133975021541 30.225238977000117 166.0</gx:coord>
          <gx:coord>120.09138006716967 30.225143926218152 166.0</gx:coord>
          <gx:coord>120.09139079600573 30.225003780797124 176.0</gx:coord>
          <gx:coord>120.09135592728853 30.22483262233436 179.0</gx:coord>
          <gx:coord>120.09136162698269 30.224818456918 179.0</gx:coord>
          <gx:coord>120.09137780405581 30.224761376157403 179.0</gx:coord>
          <gx:coord>120.09136891923845 30.224713934585452 179.0</gx:coord>
          <gx:coord>120.09133581072092 30.224632965400815 179.0</gx:coord>
          <gx:coord>120.09132105857134 30.22457269951701 180.0</gx:coord>
          <gx:coord>120.09132910519838 30.224526347592473 180.0</gx:coord>
          <gx:coord>120.0913077313453 30.224468177184463 180.0</gx:coord>
          <gx:coord>120.09130672551692 30.22444646805525 180.0</gx:coord>
          <gx:coord>120.09132348932326 30.22442853078246 180.0</gx:coord>
          <gx:coord>120.09133229032159 30.224385783076286 180.0</gx:coord>
          <gx:coord>120.09134083986282 30.22434144280851 180.0</gx:coord>
          <gx:coord>120.09134419262409 30.224277740344405 186.0</gx:coord>
          <gx:coord>120.09133740328252 30.224256366491318 186.0</gx:coord>
          <gx:coord>120.09134880267084 30.224233651533723 186.0</gx:coord>
          <gx:coord>120.09136942215264 30.22418218664825 186.0</gx:coord>
          <gx:coord>120.09139674715698 30.22410934790969 186.0</gx:coord>
          <gx:coord>120.09140429086983 30.22407674230635 186.0</gx:coord>
          <gx:coord>120.09140294976532 30.22405469790101 186.0</gx:coord>
          <gx:coord>120.09140697307885 30.224046651273966 186.0</gx:coord>
          <gx:coord>120.09140429086983 30.2240327373147 186.0</gx:coord>
          <gx:coord>120.09140294976532 30.224024606868625 187.0</gx:coord>
          <gx:coord>120.09140026755631 30.22398521192372 187.0</gx:coord>
          <gx:coord>120.09138140827417 30.223950007930398 187.0</gx:coord>
          <gx:coord>120.09137839078903 30.223957048729062 187.0</gx:coord>
          <gx:coord>120.09137830697 30.22395017556846 187.0</gx:coord>
          <gx:coord>120.09139222092927 30.223919162526727 187.0</gx:coord>
          <gx:coord>120.09139624424279 30.223893681541085 187.0</gx:coord>
          <gx:coord>120.09139490313828 30.223856549710035 187.0</gx:coord>
          <gx:coord>120.09138551540673 30.223803324624896 187.0</gx:coord>
          <gx:coord>120.09140160866082 30.223788237199187 187.0</gx:coord>
          <gx:coord>120.09140160866082 30.223762756213546 187.0</gx:coord>
          <gx:coord>120.09143111295998 30.223722187802196 192.0</gx:coord>
          <gx:coord>120.09147511795163 30.223665358498693 192.0</gx:coord>
          <gx:coord>120.09152616374195 30.2236511092633 192.0</gx:coord>
          <gx:coord>120.09155659005046 30.223606768995523 192.0</gx:coord>
          <gx:coord>120.09156522341073 30.223551532253623 192.0</gx:coord>
          <gx:coord>120.09158659726381 30.223525715991855 192.0</gx:coord>
          <gx:coord>120.09158927947283 30.223518507555127 192.0</gx:coord>
          <gx:coord>120.09163973852992 30.223506521433592 192.0</gx:coord>
          <gx:coord>120.0916668958962 30.223488500341773 192.0</gx:coord>
          <gx:coord>120.09173445403576 30.223420774564147 201.0</gx:coord>
          <gx:coord>120.09177602827549 30.22335011512041 201.0</gx:coord>
          <gx:coord>120.09181089699268 30.223292112350464 208.0</gx:coord>
          <gx:coord>120.09183780290186 30.22324115037918 208.0</gx:coord>
          <gx:coord>120.09185121394694 30.22320636548102 208.0</gx:coord>
          <gx:coord>120.09188876487315 30.22315657697618 211.0</gx:coord>
          <gx:coord>120.09190619923174 30.223129922524095 211.0</gx:coord>
          <gx:coord>120.09191298857331 30.2230207901448 211.0</gx:coord>
          <gx:coord>120.09191307239234 30.222940910607576 211.0</gx:coord>
          <gx:coord>120.09193687699735 30.222868407145143 217.0</gx:coord>
          <gx:coord>120.09196629747748 30.222822474315763 217.0</gx:coord>
          <gx:coord>120.0919639505446 30.222805459052324 217.0</gx:coord>
          <gx:coord>120.0919639505446 30.22277880460024 217.0</gx:coord>
          <gx:coord>120.09195724502206 30.222761370241642 217.0</gx:coord>
          <gx:coord>120.0919536408037 30.222738403826952 217.0</gx:coord>
          <gx:coord>120.0919364579022 30.222723064944148 217.0</gx:coord>
          <gx:coord>120.09193486534059 30.222713593393564 217.0</gx:coord>
          <gx:coord>120.0919364579022 30.22269682958722 217.0</gx:coord>
          <gx:coord>120.09193846955895 30.22264201194048 217.0</gx:coord>
          <gx:coord>120.09194115176797 30.222615357488394 224.0</gx:coord>
          <gx:coord>120.09193176403642 30.222550481557846 224.0</gx:coord>
          <gx:coord>120.09192639961839 30.222519217059016 224.0</gx:coord>
          <gx:coord>120.09192371740937 30.222500693053007 224.0</gx:coord>
          <gx:coord>120.09193176403642 30.222472865134478 224.0</gx:coord>
          <gx:coord>120.09193310514092 30.22242072969675 224.0</gx:coord>
          <gx:coord>120.09191298857331 30.222394075244665 224.0</gx:coord>
          <gx:coord>120.09189823642373 30.222353506833315 235.0</gx:coord>
          <gx:coord>120.09187485091388 30.222335401922464 235.0</gx:coord>
          <gx:coord>120.091840820387 30.22232500836253 235.0</gx:coord>
          <gx:coord>120.09182715788484 30.222320901229978 235.0</gx:coord>
          <gx:coord>120.09180343709886 30.22229064255953 235.0</gx:coord>
          <gx:coord>120.09174266830087 30.2222316339612 235.0</gx:coord>
          <gx:coord>120.09172976016998 30.222191819921136 235.0</gx:coord>
          <gx:coord>120.09173705242574 30.22217497229576 235.0</gx:coord>
          <gx:coord>120.09174216538668 30.222145384177566 235.0</gx:coord>
          <gx:coord>120.09174107573926 30.222128117457032 235.0</gx:coord>
          <gx:coord>120.09171911515296 30.222090650349855 235.0</gx:coord>
          <gx:coord>120.09170855395496 30.22205418907106 248.0</gx:coord>
          <gx:coord>120.0917102303356 30.2220313064754 248.0</gx:coord>
          <gx:coord>120.09172439575195 30.222008507698774 248.0</gx:coord>
          <gx:coord>120.09167728945613 30.221994845196605 248.0</gx:coord>
          <gx:coord>120.0916444323957 30.22197707556188 248.0</gx:coord>
          <gx:coord>120.0916375592351 30.22196525707841 248.0</gx:coord>
          <gx:coord>120.09161920286715 30.221938602626324 248.0</gx:coord>
          <gx:coord>120.09160554036498 30.221904320642352 248.0</gx:coord>
          <gx:coord>120.0915958173573 30.22188127040863 248.0</gx:coord>
          <gx:coord>120.0915889441967 30.221869284287095 248.0</gx:coord>
          <gx:coord>120.09158517234027 30.22186065092683 248.0</gx:coord>
          <gx:coord>120.09154896251857 30.22180893458426 248.0</gx:coord>
          <gx:coord>120.09153605438769 30.221766689792275 263.0</gx:coord>
          <gx:coord>120.09152188897133 30.221736766397953 266.0</gx:coord>
          <gx:coord>120.09151853621006 30.221734000369906 266.0</gx:coord>
          <gx:coord>120.09151577018201 30.221703071147203 266.0</gx:coord>
          <gx:coord>120.09151032194495 30.221694773063064 266.0</gx:coord>
          <gx:coord>120.09152390062809 30.22164775058627 266.0</gx:coord>
          <gx:coord>120.09152121841908 30.22162822075188 266.0</gx:coord>
          <gx:coord>120.0915265828371 30.221609696745872 266.0</gx:coord>
          <gx:coord>120.0915252417326 30.22158765234053 266.0</gx:coord>
          <gx:coord>120.0915252417326 30.221566781401634 266.0</gx:coord>
          <gx:coord>120.09152255952358 30.22154943086207 266.0</gx:coord>
          <gx:coord>120.09151317179203 30.221539037302136 266.0</gx:coord>
          <gx:coord>120.09151317179203 30.221522776409984 279.0</gx:coord>
          <gx:coord>120.09152121841908 30.221513556316495 279.0</gx:coord>
          <gx:coord>120.09152390062809 30.221507688984275 279.0</gx:coord>
          <gx:coord>120.09152255952358 30.22150307893753 279.0</gx:coord>
          <gx:coord>120.09151853621006 30.221492685377598 279.0</gx:coord>
          <gx:coord>120.0915252417326 30.22148455493152 279.0</gx:coord>
          <gx:coord>120.09153865277767 30.221479944884777 276.0</gx:coord>
          <gx:coord>120.09156019426882 30.221482207998633 276.0</gx:coord>
          <gx:coord>120.09158165194094 30.221485728397965 276.0</gx:coord>
          <gx:coord>120.09160445071757 30.22148799151182 276.0</gx:coord>
          <gx:coord>120.09163529612124 30.221489164978266 276.0</gx:coord>
          <gx:coord>120.09164200164378 30.22147759795189 276.0</gx:coord>
          <gx:coord>120.09165541268885 30.221472904086113 276.0</gx:coord>
          <gx:coord>120.0916648004204 30.221467120572925 276.0</gx:coord>
          <gx:coord>120.09166882373393 30.221446249634027 276.0</gx:coord>
          <gx:coord>120.09167552925646 30.22142537869513 276.0</gx:coord>
          <gx:coord>120.09165918454528 30.22140878252685 276.0</gx:coord>
          <gx:coord>120.09163923561573 30.221348265185952 276.0</gx:coord>
          <gx:coord>120.09163638576865 30.22132957354188 276.0</gx:coord>
          <gx:coord>120.0916272494942 30.221308367326856 276.0</gx:coord>
          <gx:coord>120.09163797833025 30.221282886341214 276.0</gx:coord>
          <gx:coord>120.09163797833025 30.22127249278128 276.0</gx:coord>
          <gx:coord>120.09163931943476 30.221257405355573 276.0</gx:coord>
          <gx:coord>120.09165138937533 30.22125044837594 276.0</gx:coord>
          <gx:coord>120.09168634191155 30.221244664862752 285.0</gx:coord>
          <gx:coord>120.09169975295663 30.221233014017344 285.0</gx:coord>
          <gx:coord>120.09171852841973 30.2212318405509 285.0</gx:coord>
          <gx:coord>120.0917305983603 30.22123536095023 285.0</gx:coord>
          <gx:coord>120.09175473824143 30.221233014017344 285.0</gx:coord>
          <gx:coord>120.09175876155496 30.221239970996976 285.0</gx:coord>
          <gx:coord>120.09177619591355 30.221239970996976 285.0</gx:coord>
          <gx:coord>120.09179631248116 30.221242317929864 285.0</gx:coord>
          <gx:coord>120.0918204523623 30.221249191090465 281.0</gx:coord>
          <gx:coord>120.09183662943542 30.221245754510164 281.0</gx:coord>
          <gx:coord>120.0918500404805 30.221243407577276 281.0</gx:coord>
          <gx:coord>120.0918701570481 30.221242234110832 281.0</gx:coord>
          <gx:coord>120.09191039018333 30.221237624064088 281.0</gx:coord>
          <gx:coord>120.09196269325912 30.221230667084455 281.0</gx:coord>
          <gx:coord>120.09195464663208 30.221256148070097 272.0</gx:coord>
          <gx:coord>120.0919761043042 30.22128514945507 272.0</gx:coord>
          <gx:coord>120.09197887033224 30.221305936574936 272.0</gx:coord>
          <gx:coord>120.09201508015394 30.221361592411995 272.0</gx:coord>
          <gx:coord>120.09202312678099 30.221377769485116 272.0</gx:coord>
          <gx:coord>120.09203385561705 30.221390509977937 272.0</gx:coord>
          <gx:coord>120.09204056113958 30.221418337896466 272.0</gx:coord>
          <gx:coord>120.0920445844531 30.221443818882108 272.0</gx:coord>
          <gx:coord>120.09204860776663 30.22145077586174 272.0</gx:coord>
          <gx:coord>120.09205397218466 30.221467036753893 272.0</gx:coord>
          <gx:coord>120.09206738322973 30.22148204036057 272.0</gx:coord>
          <gx:coord>120.09208213537931 30.22150752134621 272.0</gx:coord>
          <gx:coord>120.09208884090185 30.22154113277793 261.0</gx:coord>
          <gx:coord>120.0920982286334 30.221564350649714 261.0</gx:coord>
          <gx:coord>120.09208615869284 30.221582874655724 261.0</gx:coord>
          <gx:coord>120.09212907403708 30.22163157351315 261.0</gx:coord>
          <gx:coord>120.0921190995723 30.221693264320493 261.0</gx:coord>
          <gx:coord>120.09219068102539 30.221813209354877 253.0</gx:coord>
          <gx:coord>120.09220115840435 30.221860399469733 253.0</gx:coord>
          <gx:coord>120.09220442734659 30.221870709210634 253.0</gx:coord>
          <gx:coord>120.09221808984876 30.221880935132504 253.0</gx:coord>
          <gx:coord>120.09222865104675 30.221890825778246 253.0</gx:coord>
          <gx:coord>120.09225639514625 30.22191110998392 253.0</gx:coord>
          <gx:coord>120.09226150810719 30.221913792192936 253.0</gx:coord>
          <gx:coord>120.09227206930518 30.221916558220983 253.0</gx:coord>
          <gx:coord>120.09228221140802 30.22191488184035 253.0</gx:coord>
          <gx:coord>120.09229503571987 30.221917228773236 253.0</gx:coord>
          <gx:coord>120.09231154806912 30.221913624554873 253.0</gx:coord>
          <gx:coord>120.09231582283974 30.22192183881998 253.0</gx:coord>
          <gx:coord>120.09232898242772 30.22192812524736 253.0</gx:coord>
          <gx:coord>120.0923450756818 30.221919994801283 253.0</gx:coord>
          <gx:coord>120.09235714562237 30.22192468866706 253.0</gx:coord>
          <gx:coord>120.09237323887646 30.221929298713803 255.0</gx:coord>
          <gx:coord>120.09240014478564 30.22193508222699 255.0</gx:coord>
          <gx:coord>120.09241892024875 30.221936255693436 255.0</gx:coord>
          <gx:coord>120.09244976565242 30.221937345340848 255.0</gx:coord>
          <gx:coord>120.09248061105609 30.22194430232048 255.0</gx:coord>
          <gx:coord>120.0925181619823 30.221948912367225 255.0</gx:coord>
          <gx:coord>120.09254640899599 30.221952432766557 255.0</gx:coord>
          <gx:coord>120.09255998767912 30.221950002014637 255.0</gx:coord>
          <gx:coord>120.09259602986276 30.22195938974619 255.0</gx:coord>
          <gx:coord>120.0926577206701 30.22207288071513 256.0</gx:coord>
          <gx:coord>120.09277464821935 30.22220908664167 258.0</gx:coord>
          <gx:coord>120.09279635734856 30.222221156582236 258.0</gx:coord>
          <gx:coord>120.09284120053053 30.22225309163332 258.0</gx:coord>
          <gx:coord>120.09285377338529 30.222266502678394 258.0</gx:coord>
          <gx:coord>120.09286969900131 30.22229416295886 258.0</gx:coord>
          <gx:coord>120.09287690743804 30.22230447269976 258.0</gx:coord>
          <gx:coord>120.092882104218 30.222315285354853 258.0</gx:coord>
          <gx:coord>120.09290339425206 30.222349148243666 258.0</gx:coord>
          <gx:coord>120.0929256901145 30.22244947962463 253.0</gx:coord>
          <gx:coord>120.09292334318161 30.222459454089403 253.0</gx:coord>
          <gx:coord>120.09291211143136 30.22252818569541 252.0</gx:coord>
          <gx:coord>120.09291429072618 30.222569089382887 252.0</gx:coord>
          <gx:coord>120.09292619302869 30.222601275891066 253.0</gx:coord>
          <gx:coord>120.09295972064137 30.2227065525949 254.0</gx:coord>
          <gx:coord>120.09296600706875 30.2227202989161 254.0</gx:coord>
          <gx:coord>120.09298587217927 30.222747875377536 254.0</gx:coord>
          <gx:coord>120.09300347417593 30.222802609205246 254.0</gx:coord>
          <gx:coord>120.09300925768912 30.22283655591309 254.0</gx:coord>
          <gx:coord>120.0930155441165 30.222883578389883 254.0</gx:coord>
          <gx:coord>120.09302048943937 30.22290059365332 254.0</gx:coord>
          <gx:coord>120.09306374005973 30.222977371886373 254.0</gx:coord>
          <gx:coord>120.09308067150414 30.223029758781195 254.0</gx:coord>
          <gx:coord>120.09312551468611 30.223128329962492 254.0</gx:coord>
          <gx:coord>120.09314118884504 30.22314283065498 254.0</gx:coord>
          <gx:coord>120.09315024130046 30.22314777597785 254.0</gx:coord>
          <gx:coord>120.09315703064203 30.223161270841956 254.0</gx:coord>
          <gx:coord>120.09316482581198 30.223176274448633 254.0</gx:coord>
          <gx:coord>120.09322131983936 30.223258417099714 259.0</gx:coord>
          <gx:coord>120.09328837506473 30.223325388506055 259.0</gx:coord>
          <gx:coord>120.0933379959315 30.223372913897038 259.0</gx:coord>
          <gx:coord>120.09336884133518 30.2234111353755 259.0</gx:coord>
          <gx:coord>120.09343212470412 30.223462097346783 259.0</gx:coord>
          <gx:coord>120.09344427846372 30.223484309390187 263.0</gx:coord>
          <gx:coord>120.09345576167107 30.223508616909385 263.0</gx:coord>
          <gx:coord>120.0935073941946 30.223541306331754 269.0</gx:coord>
          <gx:coord>120.09359372779727 30.223619090393186 269.0</gx:coord>
          <gx:coord>120.0935990922153 30.223637782037258 269.0</gx:coord>
          <gx:coord>120.09361275471747 30.22367206402123 269.0</gx:coord>
          <gx:coord>120.09365323930979 30.22374389693141 269.0</gx:coord>
          <gx:coord>120.09367436170578 30.223788656294346 277.0</gx:coord>
          <gx:coord>120.09368785656989 30.223841462284327 277.0</gx:coord>
          <gx:coord>120.09369657374918 30.223863506689668 277.0</gx:coord>
          <gx:coord>120.09371308609843 30.223874570801854 277.0</gx:coord>
          <gx:coord>120.0937322806567 30.22387633100152 277.0</gx:coord>
          <gx:coord>120.09376388043165 30.22390709258616 275.0</gx:coord>
          <gx:coord>120.09376874193549 30.223928969353437 275.0</gx:coord>
          <gx:coord>120.09377544745803 30.223942883312702 275.0</gx:coord>
          <gx:coord>120.09379154071212 30.22397071123123 275.0</gx:coord>
          <gx:coord>120.09385054931045 30.223999628797174 275.0</gx:coord>
          <gx:coord>120.09387804195285 30.224014716222882 275.0</gx:coord>
          <gx:coord>120.09390285238624 30.224062241613865 285.0</gx:coord>
          <gx:coord>120.09399295784533 30.224179672077298 285.0</gx:coord>
          <gx:coord>120.09400603361428 30.224209930747747 285.0</gx:coord>
          <gx:coord>120.09402363561094 30.224225604906678 285.0</gx:coord>
          <gx:coord>120.09404777549207 30.22423599846661 285.0</gx:coord>
          <gx:coord>120.09406663477421 30.22425108589232 285.0</gx:coord>
          <gx:coord>120.09408809244633 30.224249912425876 285.0</gx:coord>
          <gx:coord>120.09412296116352 30.224259132519364 285.0</gx:coord>
          <gx:coord>120.09416051208973 30.22427304647863 285.0</gx:coord>
          <gx:coord>120.09432286955416 30.224328618496656 282.0</gx:coord>
          <gx:coord>120.09437257423997 30.224343705922365 282.0</gx:coord>
          <gx:coord>120.09442890062928 30.224356446415186 282.0</gx:coord>
          <gx:coord>120.0946181640029 30.224391147494316 281.0</gx:coord>
          <gx:coord>120.0946731492877 30.224393494427204 281.0</gx:coord>
          <gx:coord>120.09471883065999 30.224406234920025 281.0</gx:coord>
          <gx:coord>120.09478588588536 30.224424758926034 281.0</gx:coord>
          <gx:coord>120.09482888504863 30.22443632595241 281.0</gx:coord>
          <gx:coord>120.09488001465797 30.22447002120316 279.0</gx:coord>
          <gx:coord>120.09493885561824 30.22450815886259 279.0</gx:coord>
          <gx:coord>120.0949992891401 30.224556103348732 279.0</gx:coord>
          <gx:coord>120.09504220448434 30.224603209644556 274.0</gx:coord>
          <gx:coord>120.09519651532173 30.22471435368061 278.0</gx:coord>
          <gx:coord>120.09525493718684 30.22474997676909 278.0</gx:coord>
          <gx:coord>120.09526818059385 30.224745785817504 278.0</gx:coord>
          <gx:coord>120.09534420445561 30.224794317036867 278.0</gx:coord>
          <gx:coord>120.0954810809344 30.224838322028518 281.0</gx:coord>
          <gx:coord>120.09554411284626 30.224861539900303 279.0</gx:coord>
          <gx:coord>120.09557235985994 30.224874280393124 279.0</gx:coord>
          <gx:coord>120.09561703540385 30.224911831319332 279.0</gx:coord>
          <gx:coord>120.09566087275743 30.22493915632367 279.0</gx:coord>
          <gx:coord>120.09570655412972 30.224965810775757 285.0</gx:coord>
          <gx:coord>120.09574678726494 30.224999338388443 285.0</gx:coord>
          <gx:coord>120.09580579586327 30.22502951323986 285.0</gx:coord>
          <gx:coord>120.095842089504 30.225050300359726 285.0</gx:coord>
          <gx:coord>120.09589036926627 30.225082738325 285.0</gx:coord>
          <gx:coord>120.09592523798347 30.225108303129673 285.0</gx:coord>
          <gx:coord>120.09595214389265 30.225118696689606 285.0</gx:coord>
          <gx:coord>120.09596823714674 30.225122133269906 285.0</gx:coord>
          <gx:coord>120.09598835371435 30.225133784115314 282.0</gx:coord>
          <gx:coord>120.0959990825504 30.225153481587768 281.0</gx:coord>
          <gx:coord>120.09602003730834 30.225169993937016 281.0</gx:coord>
          <gx:coord>120.09602054022253 30.225197486579418 281.0</gx:coord>
          <gx:coord>120.09602942503989 30.22521466948092 281.0</gx:coord>
          <gx:coord>120.09604526683688 30.225227996706963 281.0</gx:coord>
          <gx:coord>120.0960476975888 30.225235288962722 281.0</gx:coord>
          <gx:coord>120.0960440095514 30.2252468559891 281.0</gx:coord>
          <gx:coord>120.09606747888029 30.225265799090266 281.0</gx:coord>
          <gx:coord>120.09610243141651 30.225277449935675 281.0</gx:coord>
          <gx:coord>120.09611316025257 30.225297147408128 281.0</gx:coord>
          <gx:coord>120.09613059461117 30.225312151014805 281.0</gx:coord>
          <gx:coord>120.09615741670132 30.22531684488058 281.0</gx:coord>
          <gx:coord>120.09619002230465 30.225320030003786 281.0</gx:coord>
          <gx:coord>120.09624333120883 30.225330758839846 281.0</gx:coord>
          <gx:coord>120.096275517717 30.225328411906958 276.0</gx:coord>
          <gx:coord>120.0963238812983 30.225331848487258 276.0</gx:coord>
          <gx:coord>120.09635179303586 30.225352635607123 276.0</gx:coord>
          <gx:coord>120.0963584985584 30.225352216511965 276.0</gx:coord>
          <gx:coord>120.09641113691032 30.225367806851864 276.0</gx:coord>
          <gx:coord>120.09653460234404 30.225443076342344 264.0</gx:coord>
          <gx:coord>120.09656142443419 30.22546973079443 264.0</gx:coord>
          <gx:coord>120.0966003164649 30.225505689159036 264.0</gx:coord>
          <gx:coord>120.09662043303251 30.2255230396986 264.0</gx:coord>
          <gx:coord>120.0966399628669 30.225539971143007 264.0</gx:coord>
          <gx:coord>120.0966486800462 30.225542737171054 264.0</gx:coord>
          <gx:coord>120.09665136225522 30.225557824596763 264.0</gx:coord>
          <gx:coord>120.09666209109128 30.22556360810995 264.0</gx:coord>
          <gx:coord>120.09667416103184 30.225571738556027 264.0</gx:coord>
          <gx:coord>120.0966848898679 30.225584479048848 264.0</gx:coord>
          <gx:coord>120.09669964201748 30.22559143602848 264.0</gx:coord>
          <gx:coord>120.09670634754002 30.225606439635158 264.0</gx:coord>
          <gx:coord>120.0967210996896 30.225618090480566 264.0</gx:coord>
          <gx:coord>120.09673182852566 30.225614570081234 264.0</gx:coord>
          <gx:coord>120.09675060398877 30.22562270052731 264.0</gx:coord>
          <gx:coord>120.09678287431598 30.225615743547678 264.0</gx:coord>
          <gx:coord>120.0968043319881 30.2256076131016 264.0</gx:coord>
          <gx:coord>120.09680902585387 30.225603757426143 259.0</gx:coord>
          <gx:coord>120.09681832976639 30.22559872828424 259.0</gx:coord>
          <gx:coord>120.09682226926088 30.22559193894267 259.0</gx:coord>
          <gx:coord>120.09682729840279 30.225586742162704 259.0</gx:coord>
          <gx:coord>120.09683576412499 30.225578863173723 259.0</gx:coord>
          <gx:coord>120.0968545395881 30.22558213211596 259.0</gx:coord>
          <gx:coord>120.09685663506389 30.22559244185686 259.0</gx:coord>
          <gx:coord>120.09688219986856 30.22560509853065 259.0</gx:coord>
          <gx:coord>120.09690382517874 30.22560459561646 259.0</gx:coord>
          <gx:coord>120.09692109189928 30.225621527060866 259.0</gx:coord>
          <gx:coord>120.09694791398942 30.225629657506943 259.0</gx:coord>
          <gx:coord>120.09698286652565 30.225637704133987 259.0</gx:coord>
          <gx:coord>120.0970284640789 30.22565740160644 259.0</gx:coord>
          <gx:coord>120.09703919291496 30.225667878985405 259.0</gx:coord>
          <gx:coord>120.09721521288157 30.225760834291577 256.0</gx:coord>
          <gx:coord>120.0972393527627 30.225762091577053 256.0</gx:coord>
          <gx:coord>120.09729190729558 30.22577374242246 256.0</gx:coord>
          <gx:coord>120.0973257701844 30.22578497417271 256.0</gx:coord>
          <gx:coord>120.09739617817104 30.22581271827221 257.0</gx:coord>
          <gx:coord>120.09744076989591 30.225824285298586 257.0</gx:coord>
          <gx:coord>120.09745795279741 30.22584163583815 257.0</gx:coord>
          <gx:coord>120.09748879820108 30.225858986377716 257.0</gx:coord>
          <gx:coord>120.09761000052094 30.225940039381385 257.0</gx:coord>
          <gx:coord>120.09768401272595 30.225970214232802 257.0</gx:coord>
          <gx:coord>120.09779825806618 30.226063169538975 255.0</gx:coord>
          <gx:coord>120.09783471934497 30.22607716731727 255.0</gx:coord>
          <gx:coord>120.09787537157536 30.226093931123614 255.0</gx:coord>
          <gx:coord>120.09796204045415 30.22613232024014 257.0</gx:coord>
          <gx:coord>120.09798274375498 30.226143468171358 257.0</gx:coord>
          <gx:coord>120.0980042014271 30.226151263341308 257.0</gx:coord>
          <gx:coord>120.098019791767 30.226162830367684 257.0</gx:coord>
          <gx:coord>120.09803144261241 30.226174229755998 257.0</gx:coord>
          <gx:coord>120.098069999367 30.226208930835128 257.0</gx:coord>
          <gx:coord>120.0981236435473 30.226244889199734 257.0</gx:coord>
          <gx:coord>120.09814518503845 30.226273806765676 249.0</gx:coord>
          <gx:coord>120.0981733482331 30.226280763745308 249.0</gx:coord>
          <gx:coord>120.09819614700973 30.22630976513028 255.0</gx:coord>
          <gx:coord>120.09823244065046 30.22634102962911 255.0</gx:coord>
          <gx:coord>120.09828474372625 30.226353770121932 255.0</gx:coord>
          <gx:coord>120.0983787048608 30.226398948580027 255.0</gx:coord>
          <gx:coord>120.09855187498033 30.226463908329606 255.0</gx:coord>
          <gx:coord>120.0985813792795 30.22647430188954 255.0</gx:coord>
          <gx:coord>120.09866863489151 30.226480085402727 255.0</gx:coord>
          <gx:coord>120.09872362017632 30.226495172828436 255.0</gx:coord>
          <gx:coord>120.09879880584776 30.226516043767333 254.0</gx:coord>
          <gx:coord>120.09889276698232 30.226535741239786 253.0</gx:coord>
          <gx:coord>120.09894381277263 30.226543871685863 253.0</gx:coord>
          <gx:coord>120.09904716163874 30.226561222225428 257.0</gx:coord>
          <gx:coord>120.09910357184708 30.226572789251804 257.0</gx:coord>
          <gx:coord>120.09917029179633 30.22658829577267 257.0</gx:coord>
          <gx:coord>120.09923240169883 30.2265936601907 257.0</gx:coord>
          <gx:coord>120.09930356405675 30.226611010730267 257.0</gx:coord>
          <gx:coord>120.09941630065441 30.22662727162242 255.0</gx:coord>
          <gx:coord>120.0994686037302 30.226637665182352 255.0</gx:coord>
          <gx:coord>120.09951428510249 30.226660883054137 255.0</gx:coord>
          <gx:coord>120.09959081187844 30.226672450080514 249.0</gx:coord>
          <gx:coord>120.0997067335993 30.2266697678715 249.0</gx:coord>
          <gx:coord>120.09977144189179 30.226672617718577 249.0</gx:coord>
          <gx:coord>120.09983288124204 30.226684352383018 249.0</gx:coord>
          <gx:coord>120.09990119375288 30.226673036813736 246.0</gx:coord>
          <gx:coord>120.09997872635722 30.226660883054137 246.0</gx:coord>
          <gx:coord>120.10003915987909 30.22665861994028 246.0</gx:coord>
          <gx:coord>120.10010227560997 30.226646969094872 246.0</gx:coord>
          <gx:coord>120.10030092671514 30.226645711809397 246.0</gx:coord>
          <gx:coord>120.10048164054751 30.226671192795038 249.0</gx:coord>
          <gx:coord>120.1006861589849 30.22668301127851 249.0</gx:coord>
          <gx:coord>120.1008330937475 30.226695500314236 253.0</gx:coord>
          <gx:coord>120.10104834102094 30.226714443415403 254.0</gx:coord>
          <gx:coord>120.10107742622495 30.226714611053467 254.0</gx:coord>
          <gx:coord>120.10118957608938 30.22674797102809 254.0</gx:coord>
          <gx:coord>120.10123793967068 30.226752581074834 254.0</gx:coord>
          <gx:coord>120.10134933516383 30.22681980393827 250.0</gx:coord>
          <gx:coord>120.10137079283595 30.22684528492391 250.0</gx:coord>
          <gx:coord>120.10140708647668 30.226852241903543 250.0</gx:coord>
          <gx:coord>120.10144195519388 30.22688241675496 250.0</gx:coord>
          <gx:coord>120.10147288441658 30.22689515724778 250.0</gx:coord>
          <gx:coord>120.10155209340155 30.226921811699867 253.0</gx:coord>
          <gx:coord>120.10155745781958 30.227012168616056 253.0</gx:coord>
          <gx:coord>120.10158964432776 30.22705039009452 253.0</gx:coord>
          <gx:coord>120.10163800790906 30.227127000689507 251.0</gx:coord>
          <gx:coord>120.10167555883527 30.22716974839568 251.0</gx:coord>
          <gx:coord>120.10168896988034 30.227191792801023 251.0</gx:coord>
          <gx:coord>120.10169433429837 30.22720688022673 251.0</gx:coord>
          <gx:coord>120.1017150375992 30.227243090048432 251.0</gx:coord>
          <gx:coord>120.10179340839386 30.227373680099845 239.0</gx:coord>
          <gx:coord>120.1018051430583 30.227415757253766 239.0</gx:coord>
          <gx:coord>120.10184738785028 30.227501168847084 244.0</gx:coord>
          <gx:coord>120.10184604674578 30.227567218244076 244.0</gx:coord>
          <gx:coord>120.10184328071773 30.227629831060767 244.0</gx:coord>
          <gx:coord>120.10184462182224 30.22770862095058 230.0</gx:coord>
          <gx:coord>120.10182986967266 30.22775840945542 230.0</gx:coord>
          <gx:coord>120.10183389298618 30.227819848805666 230.0</gx:coord>
          <gx:coord>120.10184361599386 30.227935099974275 224.0</gx:coord>
          <gx:coord>120.10186071507633 30.227962341159582 224.0</gx:coord>
          <gx:coord>120.10187370702624 30.22805563174188 224.0</gx:coord>
          <gx:coord>120.10187404230237 30.228081699460745 224.0</gx:coord>
          <gx:coord>120.10189164429903 30.228150095790625 224.0</gx:coord>
          <gx:coord>120.10189566761255 30.228304406628013 221.0</gx:coord>
          <gx:coord>120.10190228931606 30.22836676798761 221.0</gx:coord>
          <gx:coord>120.10190497152507 30.228402642533183 221.0</gx:coord>
          <gx:coord>120.10191444307566 30.228422340005636 221.0</gx:coord>
          <gx:coord>120.10192651301622 30.22844203747809 221.0</gx:coord>
          <gx:coord>120.10191670618951 30.22850406356156 220.0</gx:coord>
          <gx:coord>120.10192894376814 30.228544799610972 220.0</gx:coord>
          <gx:coord>120.10194176808 30.228566424921155 220.0</gx:coord>
          <gx:coord>120.10194646194577 30.22858528420329 220.0</gx:coord>
          <gx:coord>120.10194755159318 30.228610429912806 220.0</gx:coord>
          <gx:coord>120.10193606838584 30.228660218417645 220.0</gx:coord>
          <gx:coord>120.1019256748259 30.228680921718478 220.0</gx:coord>
          <gx:coord>120.10192835703492 30.228694919496775 220.0</gx:coord>
          <gx:coord>120.10192651301622 30.2287126891315 220.0</gx:coord>
          <gx:coord>120.10193078778684 30.228729872033 220.0</gx:coord>
          <gx:coord>120.10193271562457 30.22875434719026 219.0</gx:coord>
          <gx:coord>120.10194797068834 30.228778067976236 219.0</gx:coord>
          <gx:coord>120.10194931179285 30.228793155401945 219.0</gx:coord>
          <gx:coord>120.10195199400187 30.228802459314466 219.0</gx:coord>
          <gx:coord>120.10196004062891 30.22881637327373 219.0</gx:coord>
          <gx:coord>120.10196138173342 30.228852247819304 219.0</gx:coord>
          <gx:coord>120.10197001509368 30.228889966383576 219.0</gx:coord>
          <gx:coord>120.10197554714978 30.228894827887416 219.0</gx:coord>
          <gx:coord>120.10197026655078 30.228914776816964 219.0</gx:coord>
          <gx:coord>120.10197479277849 30.228946125134826 219.0</gx:coord>
          <gx:coord>120.10197479277849 30.228988956660032 219.0</gx:coord>
          <gx:coord>120.10198015719652 30.229012174531817 219.0</gx:coord>
          <gx:coord>120.10197881609201 30.22904461249709 218.0</gx:coord>
          <gx:coord>120.10196674615145 30.229067746549845 218.0</gx:coord>
          <gx:coord>120.1019774749875 30.229101357981563 218.0</gx:coord>
          <gx:coord>120.10199222713709 30.229169754311442 218.0</gx:coord>
          <gx:coord>120.10198728181422 30.229241587221622 218.0</gx:coord>
          <gx:coord>120.1020747050643 30.229356167837977 215.0</gx:coord>
          <gx:coord>120.10208694264293 30.229382822290063 211.0</gx:coord>
          <gx:coord>120.10211728513241 30.229421546682715 211.0</gx:coord>
          <gx:coord>120.10213094763458 30.22943747229874 211.0</gx:coord>
          <gx:coord>120.10214913636446 30.22948977537453 211.0</gx:coord>
          <gx:coord>120.10215098038316 30.229512155056 211.0</gx:coord>
          <gx:coord>120.1021508127451 30.229530595242977 211.0</gx:coord>
          <gx:coord>120.10215491987765 30.229557417333126 211.0</gx:coord>
          <gx:coord>120.10215793736279 30.229588598012924 208.0</gx:coord>
          <gx:coord>120.10217034257948 30.229645427316427 208.0</gx:coord>
          <gx:coord>120.10219607502222 30.22969496436417 208.0</gx:coord>
          <gx:coord>120.10221560485661 30.22970661520958 208.0</gx:coord>
          <gx:coord>120.10224418714643 30.22971885278821 208.0</gx:coord>
          <gx:coord>120.10230193845928 30.22975548170507 208.0</gx:coord>
          <gx:coord>120.10235885158181 30.229804767295718 208.0</gx:coord>
          <gx:coord>120.10244476608932 30.229869140312076 207.0</gx:coord>
          <gx:coord>120.1025514677167 30.22997684776783 207.0</gx:coord>
          <gx:coord>120.10255666449666 30.229999646544456 207.0</gx:coord>
          <gx:coord>120.10256018489599 30.230054715648293 207.0</gx:coord>
          <gx:coord>120.10256404057145 30.230087488889694 207.0</gx:coord>
          <gx:coord>120.10255733504891 30.230131577700377 207.0</gx:coord>
          <gx:coord>120.10254526510835 30.23017323575914 208.0</gx:coord>
          <gx:coord>120.10254124179482 30.23022076115012 208.0</gx:coord>
          <gx:coord>120.10254526510835 30.230261329561472 208.0</gx:coord>
          <gx:coord>120.10256940498948 30.230287984013557 208.0</gx:coord>
          <gx:coord>120.10259890928864 30.23033894598484 208.0</gx:coord>
          <gx:coord>120.10261232033372 30.230436259880662 210.0</gx:coord>
          <gx:coord>120.1026392262429 30.230474565178156 211.0</gx:coord>
          <gx:coord>120.1026754360646 30.23052318021655 211.0</gx:coord>
          <gx:coord>120.1026942115277 30.230564922094345 211.0</gx:coord>
          <gx:coord>120.10271977633238 30.23060431703925 211.0</gx:coord>
          <gx:coord>120.10273452848196 30.230639101937413 211.0</gx:coord>
          <gx:coord>120.10273452848196 30.230653015896678 211.0</gx:coord>
          <gx:coord>120.10273586958647 30.23067271336913 211.0</gx:coord>
          <gx:coord>120.10274928063154 30.230699367821217 215.0</gx:coord>
          <gx:coord>120.10273855179548 30.23071906529367 215.0</gx:coord>
          <gx:coord>120.1027586683631 30.23073180578649 215.0</gx:coord>
          <gx:coord>120.10279219597578 30.230773463845253 215.0</gx:coord>
          <gx:coord>120.10283787734807 30.230833729729056 215.0</gx:coord>
          <gx:coord>120.10293720290065 30.230961218476295 215.0</gx:coord>
          <gx:coord>120.1029653660953 30.2310249209404 219.0</gx:coord>
          <gx:coord>120.10300300084054 30.23106205277145 219.0</gx:coord>
          <gx:coord>120.1030123885721 30.23108409717679 219.0</gx:coord>
          <gx:coord>120.10299897752702 30.231114188209176 219.0</gx:coord>
          <gx:coord>120.10298288427293 30.23114084266126 219.0</gx:coord>
          <gx:coord>120.10297886095941 30.231160540133715 219.0</gx:coord>
          <gx:coord>120.10298011824489 30.23117445409298 219.0</gx:coord>
          <gx:coord>120.10297609493136 30.23120337165892 219.0</gx:coord>
          <gx:coord>120.10297743603587 30.231230026111007 219.0</gx:coord>
          <gx:coord>120.10297207161784 30.231261290609837 226.0</gx:coord>
          <gx:coord>120.10296804830432 30.231289118528366 226.0</gx:coord>
          <gx:coord>120.1029553078115 30.231310408562422 226.0</gx:coord>
          <gx:coord>120.1029397174716 30.23135533556342 226.0</gx:coord>
          <gx:coord>120.10293678380549 30.231367656961083 226.0</gx:coord>
          <gx:coord>120.10293510742486 30.23137285374105 226.0</gx:coord>
          <gx:coord>120.10291507467628 30.23138123564422 230.0</gx:coord>
          <gx:coord>120.10291138663888 30.231391126289964 230.0</gx:coord>
          <gx:coord>120.10291306301951 30.2314012683928 230.0</gx:coord>
          <gx:coord>120.10289956815541 30.231409650295973 230.0</gx:coord>
          <gx:coord>120.10289554484189 30.231422390788794 230.0</gx:coord>
          <gx:coord>120.1028913538903 30.231446949765086 230.0</gx:coord>
          <gx:coord>120.10289680212736 30.231457594782114 230.0</gx:coord>
          <gx:coord>120.10289269499481 30.23145600222051 230.0</gx:coord>
          <gx:coord>120.1029069442302 30.231460109353065 230.0</gx:coord>
          <gx:coord>120.10290962643921 30.231468826532364 230.0</gx:coord>
          <gx:coord>120.10290811769664 30.231476705521345 230.0</gx:coord>
          <gx:coord>120.10290769860148 30.231496738269925 230.0</gx:coord>
          <gx:coord>120.10292873717844 30.23152875714004 237.0</gx:coord>
          <gx:coord>120.10292639024556 30.23156253620982 237.0</gx:coord>
          <gx:coord>120.10293846018612 30.23159271106124 237.0</gx:coord>
          <gx:coord>120.10293711908162 30.231622802093625 237.0</gx:coord>
          <gx:coord>120.10294114239514 30.23164601996541 237.0</gx:coord>
          <gx:coord>120.10293175466359 30.23166454397142 237.0</gx:coord>
          <gx:coord>120.10291968472302 30.231685414910316 237.0</gx:coord>
          <gx:coord>120.1029344368726 30.231765378266573 237.0</gx:coord>
          <gx:coord>120.10291432030499 30.231779208406806 241.0</gx:coord>
          <gx:coord>120.1028982270509 30.231783902272582 241.0</gx:coord>
          <gx:coord>120.1028807926923 30.23177694529295 241.0</gx:coord>
          <gx:coord>120.10286193341017 30.231788512319326 241.0</gx:coord>
          <gx:coord>120.1028310880065 30.231787338852882 241.0</gx:coord>
          <gx:coord>120.10280694812536 30.23178381845355 241.0</gx:coord>
          <gx:coord>120.10279345326126 30.231794295832515 241.0</gx:coord>
          <gx:coord>120.10277316905558 30.23180142045021 241.0</gx:coord>
          <gx:coord>120.10273377411067 30.23181550204754 255.0</gx:coord>
          <gx:coord>120.10270619764924 30.23182673379779 255.0</gx:coord>
          <gx:coord>120.10270619764924 30.231844084337354 255.0</gx:coord>
          <gx:coord>120.10271156206727 30.231862608343363 255.0</gx:coord>
          <gx:coord>120.10271022096276 30.231888089329004 255.0</gx:coord>
          <gx:coord>120.10272363200784 30.231907786801457 255.0</gx:coord>
          <gx:coord>120.10272899642587 30.231931004673243 255.0</gx:coord>
          <gx:coord>120.1027357019484 30.23194257169962 255.0</gx:coord>
          <gx:coord>120.10274517349899 30.231957659125328 255.0</gx:coord>
          <gx:coord>120.10276252403855 30.23198456503451 255.0</gx:coord>
          <gx:coord>120.10276981629431 30.23198707960546 255.0</gx:coord>
          <gx:coord>120.10283645242453 30.232037622481585 255.0</gx:coord>
          <gx:coord>120.1028289925307 30.232078358531 255.0</gx:coord>
          <gx:coord>120.1028340216726 30.23208824917674 265.0</gx:coord>
          <gx:coord>120.10280686430633 30.232075843960047 255.0</gx:coord>
          <gx:coord>120.10276855900884 30.232075676321983 255.0</gx:coord>
          <gx:coord>120.10274919681251 30.23208975791931 265.0</gx:coord>
          <gx:coord>120.10272363200784 30.232100151479244 265.0</gx:coord>
          <gx:coord>120.10273301973939 30.23210828192532 265.0</gx:coord>
          <gx:coord>120.10272765532136 30.232115238904953 265.0</gx:coord>
          <gx:coord>120.10273167863488 30.23213610984385 265.0</gx:coord>
          <gx:coord>120.10274911299348 30.232156896963716 265.0</gx:coord>
          <gx:coord>120.10276126675308 30.232169637456536 265.0</gx:coord>
          <gx:coord>120.10277417488396 30.232199728488922 265.0</gx:coord>
          <gx:coord>120.10286310687661 30.232389578595757 265.0</gx:coord>
          <gx:coord>120.10289680212736 30.2324512694031 265.0</gx:coord>
          <gx:coord>120.10300417430699 30.23254514671862 270.0</gx:coord>
          <gx:coord>120.10305253788829 30.232583368197083 270.0</gx:coord>
          <gx:coord>120.1030900888145 30.232599629089236 270.0</gx:coord>
          <gx:coord>120.10315186344087 30.232630893588066 270.0</gx:coord>
          <gx:coord>120.10321900248528 30.232665678486228 266.0</gx:coord>
          <gx:coord>120.10328790172935 30.232704235240817 266.0</gx:coord>
          <gx:coord>120.10333282873034 30.232741869986057 266.0</gx:coord>
          <gx:coord>120.10335152037442 30.232752431184053 266.0</gx:coord>
          <gx:coord>120.10338798165321 30.23276844061911 266.0</gx:coord>
          <gx:coord>120.10349091142416 30.232821414247155 269.0</gx:coord>
          <gx:coord>120.10351547040045 30.232836669310927 269.0</gx:coord>
          <gx:coord>120.1036284584552 30.23290908895433 269.0</gx:coord>
          <gx:coord>120.10368620976806 30.232955440878868 262.0</gx:coord>
          <gx:coord>120.10371579788625 30.23297748528421 262.0</gx:coord>
          <gx:coord>120.10374396108091 30.23300296626985 262.0</gx:coord>
          <gx:coord>120.10379299521446 30.23303272202611 265.0</gx:coord>
          <gx:coord>120.10388175956905 30.233091060072184 265.0</gx:coord>
          <gx:coord>120.10395342484117 30.2331489790231 265.0</gx:coord>
          <gx:coord>120.10408493690193 30.233188457787037 261.0</gx:coord>
          <gx:coord>120.10416146367788 30.233210418373346 259.0</gx:coord>
          <gx:coord>120.10419088415802 30.23324084468186 259.0</gx:coord>
          <gx:coord>120.10424201376736 30.23329272866249 259.0</gx:coord>
          <gx:coord>120.10429171845317 30.233362298458815 259.0</gx:coord>
          <gx:coord>120.10430110618472 30.233391216024756 259.0</gx:coord>
          <gx:coord>120.10431049391627 30.233421390876174 246.0</gx:coord>
          <gx:coord>120.1043266709894 30.233439914882183 246.0</gx:coord>
          <gx:coord>120.10433471761644 30.233457265421748 246.0</gx:coord>
          <gx:coord>120.10433874092996 30.23347930982709 241.0</gx:coord>
          <gx:coord>120.10434276424348 30.23349548690021 241.0</gx:coord>
          <gx:coord>120.10433731600642 30.23351350799203 241.0</gx:coord>
          <gx:coord>120.104346787557 30.233531445264816 241.0</gx:coord>
          <gx:coord>120.1043454464525 30.233549969270825 241.0</gx:coord>
          <gx:coord>120.10434410534799 30.233566230162978 241.0</gx:coord>
          <gx:coord>120.1043628808111 30.233614845201373 241.0</gx:coord>
          <gx:coord>120.10437360964715 30.233669327571988 241.0</gx:coord>
          <gx:coord>120.10436690412462 30.23370754905045 241.0</gx:coord>
          <gx:coord>120.1043628808111 30.233742333948612 241.0</gx:coord>
          <gx:coord>120.104352068156 30.233768988400698 234.0</gx:coord>
          <gx:coord>120.10433597490191 30.23378868587315 234.0</gx:coord>
          <gx:coord>120.10433999821544 30.23380142636597 234.0</gx:coord>
          <gx:coord>120.10434402152896 30.23382917046547 234.0</gx:coord>
          <gx:coord>120.10434402152896 30.233848951756954 234.0</gx:coord>
          <gx:coord>120.10433731600642 30.233885999768972 234.0</gx:coord>
          <gx:coord>120.10432926937938 30.23393235169351 234.0</gx:coord>
          <gx:coord>120.10435475036502 30.233975183218718 234.0</gx:coord>
          <gx:coord>120.10439766570926 30.234028827399015 231.0</gx:coord>
          <gx:coord>120.1044109929353 30.234036706387997 231.0</gx:coord>
          <gx:coord>120.1044199615717 30.2340417355299 231.0</gx:coord>
          <gx:coord>120.10442859493196 30.234058666974306 231.0</gx:coord>
          <gx:coord>120.10444334708154 30.234067887067795 231.0</gx:coord>
          <gx:coord>120.10446220636368 30.234074844047427 231.0</gx:coord>
          <gx:coord>120.10448098182678 30.23410619236529 231.0</gx:coord>
          <gx:coord>120.10451316833496 30.23413745686412 231.0</gx:coord>
          <gx:coord>120.10453068651259 30.234176851809025 231.0</gx:coord>
          <gx:coord>120.10455616749823 30.234204679727554 231.0</gx:coord>
          <gx:coord>120.1045695785433 30.23424407467246 231.0</gx:coord>
          <gx:coord>120.10460712946951 30.234279949218035 228.0</gx:coord>
          <gx:coord>120.10463805869222 30.23431825451553 222.0</gx:coord>
          <gx:coord>120.10466915555298 30.234358236193657 222.0</gx:coord>
          <gx:coord>120.10476278141141 30.234418334439397 222.0</gx:coord>
          <gx:coord>120.10479270480573 30.2344405464828 222.0</gx:coord>
          <gx:coord>120.10481935925782 30.234470134600997 222.0</gx:coord>
          <gx:coord>120.10482489131391 30.234496034681797 222.0</gx:coord>
          <gx:coord>120.10483997873962 30.234508272260427 222.0</gx:coord>
          <gx:coord>120.10485020466149 30.23451522924006 222.0</gx:coord>
          <gx:coord>120.10485967621207 30.234522940590978 222.0</gx:coord>
          <gx:coord>120.10486227460206 30.234533585608006 213.0</gx:coord>
          <gx:coord>120.10486629791558 30.234558144584298 213.0</gx:coord>
          <gx:coord>120.10488105006516 30.234575495123863 213.0</gx:coord>
          <gx:coord>120.10489714331925 30.234594019129872 204.0</gx:coord>
          <gx:coord>120.10492404922843 30.23464967496693 204.0</gx:coord>
          <gx:coord>120.10493100620806 30.23469988256693 204.0</gx:coord>
          <gx:coord>120.10493620298803 30.23474003188312 204.0</gx:coord>
          <gx:coord>120.10493553243577 30.23478210903704 204.0</gx:coord>
          <gx:coord>120.10494332760572 30.23480205796659 204.0</gx:coord>
          <gx:coord>120.10494181886315 30.23480247706175 204.0</gx:coord>
          <gx:coord>120.1049287430942 30.234823767095804 204.0</gx:coord>
          <gx:coord>120.10494902729988 30.234835082665086 204.0</gx:coord>
          <gx:coord>120.1049667969346 30.234864000231028 197.0</gx:coord>
          <gx:coord>120.10497651994228 30.234892331063747 197.0</gx:coord>
          <gx:coord>120.10497769340873 30.23492661304772 197.0</gx:coord>
          <gx:coord>120.10499915108085 30.234953267499804 197.0</gx:coord>
          <gx:coord>120.10501264594495 30.234971791505814 197.0</gx:coord>
          <gx:coord>120.10501666925848 30.234988052397966 197.0</gx:coord>
          <gx:coord>120.10502739809453 30.235006576403975 197.0</gx:coord>
          <gx:coord>120.1050381269306 30.235019316896796 197.0</gx:coord>
          <gx:coord>120.10507299564779 30.235040187835693 197.0</gx:coord>
          <gx:coord>120.10510258376598 30.235078409314156 197.0</gx:coord>
          <gx:coord>120.10514013469219 30.235108584165573 196.0</gx:coord>
          <gx:coord>120.105189839378 30.235152589157224 192.0</gx:coord>
          <gx:coord>120.10523627512157 30.235178908333182 192.0</gx:coord>
          <gx:coord>120.10525111109018 30.23519340902567 192.0</gx:coord>
          <gx:coord>120.10526494123042 30.235204976052046 192.0</gx:coord>
          <gx:coord>120.1052799448371 30.235218135640025 192.0</gx:coord>
          <gx:coord>120.1052900031209 30.23522567935288 192.0</gx:coord>
          <gx:coord>120.10530064813793 30.235224841162562 192.0</gx:coord>
          <gx:coord>120.10532822459936 30.235255602747202 192.0</gx:coord>
          <gx:coord>120.1053383667022 30.23526524193585 192.0</gx:coord>
          <gx:coord>120.10537248104811 30.235314862802625 192.0</gx:coord>
          <gx:coord>120.10539662092924 30.235362388193607 192.0</gx:coord>
          <gx:coord>120.10541883297265 30.235401783138514 190.0</gx:coord>
          <gx:coord>120.10544657707214 30.235445704311132 188.0</gx:coord>
          <gx:coord>120.10547398589551 30.235485266894102 188.0</gx:coord>
          <gx:coord>120.10549594648182 30.23554427549243 188.0</gx:coord>
          <gx:coord>120.10550265200436 30.235573276877403 188.0</gx:coord>
          <gx:coord>120.10552008636296 30.235601104795933 188.0</gx:coord>
          <gx:coord>120.10552545078099 30.23562884889543 188.0</gx:coord>
          <gx:coord>120.10552545078099 30.235663633793592 188.0</gx:coord>
          <gx:coord>120.1055267918855 30.235692635178566 188.0</gx:coord>
          <gx:coord>120.10553215630352 30.235714595764875 186.0</gx:coord>
          <gx:coord>120.10552008636296 30.235762121155858 186.0</gx:coord>
          <gx:coord>120.10551606304944 30.235782992094755 186.0</gx:coord>
          <gx:coord>120.10551338084042 30.23580964654684 186.0</gx:coord>
          <gx:coord>120.1055093575269 30.23582817055285 186.0</gx:coord>
          <gx:coord>120.10551203973591 30.23584669455886 186.0</gx:coord>
          <gx:coord>120.10550399310887 30.235889526084065 186.0</gx:coord>
          <gx:coord>120.10548655875027 30.235930094495416 186.0</gx:coord>
          <gx:coord>120.10548379272223 30.235964879393578 186.0</gx:coord>
          <gx:coord>120.10547306388617 30.23601584136486 187.0</gx:coord>
          <gx:coord>120.10546501725912 30.236088847741485 187.0</gx:coord>
          <gx:coord>120.10545831173658 30.236167637631297 187.0</gx:coord>
          <gx:coord>120.1054784283042 30.236269561573863 179.0</gx:coord>
          <gx:coord>120.10548781603575 30.236339131370187 179.0</gx:coord>
          <gx:coord>120.10549452155828 30.236437618732452 179.0</gx:coord>
          <gx:coord>120.10549586266279 30.236525628715754 179.0</gx:coord>
          <gx:coord>120.10552268475294 30.236602071672678 177.0</gx:coord>
          <gx:coord>120.10549049824476 30.236775912344456 177.0</gx:coord>
          <gx:coord>120.10551522485912 30.236839363351464 178.0</gx:coord>
          <gx:coord>120.10552980937064 30.236853528767824 178.0</gx:coord>
          <gx:coord>120.1055693719536 30.236878339201212 178.0</gx:coord>
          <gx:coord>120.10562712326646 30.236915554851294 178.0</gx:coord>
          <gx:coord>120.10565620847046 30.236970204859972 178.0</gx:coord>
          <gx:coord>120.10568504221737 30.23702183738351 178.0</gx:coord>
          <gx:coord>120.10569166392088 30.23706139996648 178.0</gx:coord>
          <gx:coord>120.10568940080702 30.23708495311439 176.0</gx:coord>
          <gx:coord>120.10569074191153 30.237092664465308 176.0</gx:coord>
          <gx:coord>120.1056800968945 30.237100794911385 176.0</gx:coord>
          <gx:coord>120.10568244382739 30.237206909805536 176.0</gx:coord>
          <gx:coord>120.10567305609584 30.237275306135416 176.0</gx:coord>
          <gx:coord>120.10566903278232 30.237314701080322 176.0</gx:coord>
          <gx:coord>120.1056494191289 30.237333308905363 176.0</gx:coord>
          <gx:coord>120.10567364282906 30.237396005541086 183.0</gx:coord>
          <gx:coord>120.10568043217063 30.237427605316043 183.0</gx:coord>
          <gx:coord>120.10570876300335 30.237491223961115 171.0</gx:coord>
          <gx:coord>120.10572519153357 30.237539000809193 171.0</gx:coord>
          <gx:coord>120.10579383932054 30.237580072134733 171.0</gx:coord>
          <gx:coord>120.10581135749817 30.237620640546083 171.0</gx:coord>
          <gx:coord>120.10586634278297 30.237664645537734 175.0</gx:coord>
          <gx:coord>120.10587707161903 30.237705213949084 175.0</gx:coord>
          <gx:coord>120.10592367500067 30.237821387127042 175.0</gx:coord>
          <gx:coord>120.10596466250718 30.237875198945403 175.0</gx:coord>
          <gx:coord>120.10598025284708 30.237894309684634 157.0</gx:coord>
          <gx:coord>120.1060115173459 30.23793605156243 157.0</gx:coord>
          <gx:coord>120.10601185262203 30.237959939986467 157.0</gx:coord>
          <gx:coord>120.10601696558297 30.238000256940722 157.0</gx:coord>
          <gx:coord>120.10604202747345 30.238046441227198 157.0</gx:coord>
          <gx:coord>120.10605443269014 30.23807686753571 157.0</gx:coord>
          <gx:coord>120.1060638204217 30.238113244995475 157.0</gx:coord>
          <gx:coord>120.10607169941068 30.238142916932702 157.0</gx:coord>
          <gx:coord>120.10607991367579 30.23819848895073 156.0</gx:coord>
          <gx:coord>120.10610170662403 30.23824785836041 156.0</gx:coord>
          <gx:coord>120.10612919926643 30.238309632986784 156.0</gx:coord>
          <gx:coord>120.10619214735925 30.23846235126257 156.0</gx:coord>
          <gx:coord>120.10620941407979 30.238521359860897 150.0</gx:coord>
          <gx:coord>120.10622777044773 30.238535441458225 150.0</gx:coord>
          <gx:coord>120.10624897666276 30.238554552197456 150.0</gx:coord>
          <gx:coord>120.10625836439431 30.23859277367592 140.0</gx:coord>
          <gx:coord>120.10629465803504 30.238625211641192 140.0</gx:coord>
          <gx:coord>120.10629197582603 30.238654213026166 140.0</gx:coord>
          <gx:coord>120.10632148012519 30.23868086747825 140.0</gx:coord>
          <gx:coord>120.10632550343871 30.238702911883593 140.0</gx:coord>
          <gx:coord>120.10633891448379 30.238722609356046 140.0</gx:coord>
          <gx:coord>120.1063537504524 30.238750353455544 131.0</gx:coord>
          <gx:coord>120.10636582039297 30.238781701773405 131.0</gx:coord>
          <gx:coord>120.10637520812452 30.238803662359715 131.0</gx:coord>
          <gx:coord>120.10640471242368 30.238823359832168 131.0</gx:coord>
          <gx:coord>120.10642759501934 30.23883040063083 131.0</gx:coord>
          <gx:coord>120.10646782815456 30.238862838596106 131.0</gx:coord>
          <gx:coord>120.10653865523636 30.238908603787422 124.0</gx:coord>
          <gx:coord>120.10657134465873 30.238923942670226 124.0</gx:coord>
          <gx:coord>120.10662255808711 30.23892369121313 124.0</gx:coord>
          <gx:coord>120.10665943846107 30.23893249221146 124.0</gx:coord>
          <gx:coord>120.10667737573385 30.238940538838506 124.0</gx:coord>
          <gx:coord>120.10670679621398 30.238938611000776 124.0</gx:coord>
          <gx:coord>120.1067213807255 30.23894221521914 124.0</gx:coord>
          <gx:coord>120.10676220059395 30.238955290988088 124.0</gx:coord>
          <gx:coord>120.10678181424737 30.238954536616802 124.0</gx:coord>
          <gx:coord>120.10680058971047 30.23895009420812 124.0</gx:coord>
          <gx:coord>120.10682908818126 30.238959062844515 120.0</gx:coord>
          <gx:coord>120.10685725137591 30.238974150270224 120.0</gx:coord>
          <gx:coord>120.10689212009311 30.238975323736668 120.0</gx:coord>
          <gx:coord>120.10691768489778 30.238980017602444 120.0</gx:coord>
          <gx:coord>120.10695255361497 30.23900432512164 120.0</gx:coord>
          <gx:coord>120.10699957609177 30.23901941254735 120.0</gx:coord>
          <gx:coord>120.10703989304602 30.23903449997306 112.0</gx:coord>
          <gx:coord>120.10707610286772 30.239051850512624 112.0</gx:coord>
          <gx:coord>120.1071392185986 30.239086635410786 106.0</gx:coord>
          <gx:coord>120.10719831101596 30.239126114174724 106.0</gx:coord>
          <gx:coord>120.10727617889643 30.23915620520711 106.0</gx:coord>
          <gx:coord>120.10732454247773 30.23916207253933 106.0</gx:coord>
          <gx:coord>120.10735136456788 30.239164335653186 106.0</gx:coord>
          <gx:coord>120.10736620053649 30.23917715996504 100.0</gx:coord>
          <gx:coord>120.10739168152213 30.239192163571715 100.0</gx:coord>
          <gx:coord>120.10742730461061 30.239240946248174 100.0</gx:coord>
          <gx:coord>120.10745479725301 30.239264080300927 100.0</gx:coord>
          <gx:coord>120.10749729350209 30.239278245717287 100.0</gx:coord>
          <gx:coord>120.10753358714283 30.23929408751428 100.0</gx:coord>
          <gx:coord>120.1075573079288 30.239293836057186 100.0</gx:coord>
          <gx:coord>120.10759737342596 30.239313449710608 92.0</gx:coord>
          <gx:coord>120.10761665180326 30.239321580156684 92.0</gx:coord>
          <gx:coord>120.1076334156096 30.239331806078553 92.0</gx:coord>
          <gx:coord>120.10764221660793 30.2393448818475 88.0</gx:coord>
          <gx:coord>120.10763609781861 30.23937069810927 92.0</gx:coord>
          <gx:coord>120.10764414444566 30.2393985260278 88.0</gx:coord>
          <gx:coord>120.10768278501928 30.239434568211436 88.0</gx:coord>
          <gx:coord>120.10768773034215 30.239460384473205 88.0</gx:coord>
          <gx:coord>120.10769912973046 30.239484943449497 88.0</gx:coord>
          <gx:coord>120.10771681554615 30.23953196592629 88.0</gx:coord>
          <gx:coord>120.10772746056318 30.239549484103918 88.0</gx:coord>
          <gx:coord>120.10774405673146 30.23955836892128 88.0</gx:coord>
          <gx:coord>120.10775621049106 30.239575216546655 88.0</gx:coord>
          <gx:coord>120.1078596431762 30.239640679210424 83.0</gx:coord>
          <gx:coord>120.10788805782795 30.239660879597068 83.0</gx:coord>
          <gx:coord>120.10791043750942 30.239659789949656 83.0</gx:coord>
          <gx:coord>120.10795905254781 30.239702118560672 76.0</gx:coord>
          <gx:coord>120.10798520408571 30.239727683365345 76.0</gx:coord>
          <gx:coord>120.10801604948938 30.23974159732461 76.0</gx:coord>
          <gx:coord>120.10804161429405 30.239753164350986 76.0</gx:coord>
          <gx:coord>120.10807916522026 30.239761294797063 76.0</gx:coord>
          <gx:coord>120.10809534229338 30.239770598709583 76.0</gx:coord>
          <gx:coord>120.10811948217452 30.23978216573596 76.0</gx:coord>
          <gx:coord>120.10813021101058 30.239783339202404 76.0</gx:coord>
          <gx:coord>120.1081516686827 30.239794990047812 76.0</gx:coord>
          <gx:coord>120.10815979912877 30.239794990047812 76.0</gx:coord>
          <gx:coord>120.1081651635468 30.239807730540633 76.0</gx:coord>
          <gx:coord>120.1081649120897 30.23981250822544 76.0</gx:coord>
          <gx:coord>120.10818821378052 30.239817537367344 76.0</gx:coord>
          <gx:coord>120.10819500312209 30.239823572337627 73.0</gx:coord>
          <gx:coord>120.10821243748069 30.239830361679196 73.0</gx:coord>
          <gx:coord>120.10823138058186 30.239829439669847 73.0</gx:coord>
          <gx:coord>120.10824051685631 30.239833379164338 73.0</gx:coord>
          <gx:coord>120.10825007222593 30.239836648106575 73.0</gx:coord>
          <gx:coord>120.10825543664396 30.239841006696224 73.0</gx:coord>
          <gx:coord>120.10829240083694 30.239844443276525 73.0</gx:coord>
          <gx:coord>120.10834009386599 30.23986036889255 73.0</gx:coord>
          <gx:coord>120.10840413160622 30.23991107940674 69.0</gx:coord>
          <gx:coord>120.10842709802091 30.239942260086536 69.0</gx:coord>
          <gx:coord>120.10843640193343 30.239949552342296 69.0</gx:coord>
          <gx:coord>120.10845115408301 30.239957682788372 69.0</gx:coord>
          <gx:coord>120.10846213437617 30.239959359169006 69.0</gx:coord>
          <gx:coord>120.10850236751139 30.23996296338737 63.0</gx:coord>
          <gx:coord>120.10851284489036 30.23996732197702 63.0</gx:coord>
          <gx:coord>120.10853857733309 30.239981152117252 63.0</gx:coord>
          <gx:coord>120.10855198837817 30.239992467686534 63.0</gx:coord>
          <gx:coord>120.1085623819381 30.239997999742627 63.0</gx:coord>
          <gx:coord>120.10858928784728 30.240002693608403 63.0</gx:coord>
          <gx:coord>120.10864544659853 30.240033036097884 63.0</gx:coord>
          <gx:coord>120.10868970304728 30.24008709937334 63.0</gx:coord>
          <gx:coord>120.10871442966163 30.240099672228098 63.0</gx:coord>
          <gx:coord>120.10874938219786 30.24011350236833 63.0</gx:coord>
          <gx:coord>120.10879900306463 30.24014862254262 58.0</gx:coord>
          <gx:coord>120.10884460061789 30.240172930061817 58.0</gx:coord>
          <gx:coord>120.10887418873608 30.240188017487526 58.0</gx:coord>
          <gx:coord>120.10890637524426 30.24020427837968 58.0</gx:coord>
          <gx:coord>120.10895473882556 30.24023319594562 58.0</gx:coord>
          <gx:coord>120.10896731168032 30.240250546485186 58.0</gx:coord>
          <gx:coord>120.10897292755544 30.24025465361774 58.0</gx:coord>
          <gx:coord>120.10898415930569 30.24027426727116 58.0</gx:coord>
          <gx:coord>120.10898935608566 30.24027611128986 58.0</gx:coord>
          <gx:coord>120.10899974964559 30.240287091583014 58.0</gx:coord>
          <gx:coord>120.10900712572038 30.240296982228756 58.0</gx:coord>
          <gx:coord>120.10900964029133 30.24030310101807 58.0</gx:coord>
          <gx:coord>120.10901785455644 30.240313159301877 58.0</gx:coord>
          <gx:coord>120.10905699804425 30.24034216068685 60.0</gx:coord>
          <gx:coord>120.10907577350736 30.24036563001573 60.0</gx:coord>
          <gx:coord>120.10909169912338 30.2403827290982 60.0</gx:coord>
          <gx:coord>120.1091239694506 30.240431427955627 55.0</gx:coord>
          <gx:coord>120.10916026309133 30.240472415462136 55.0</gx:coord>
          <gx:coord>120.10917350649834 30.240476774051785 55.0</gx:coord>
          <gx:coord>120.10919018648565 30.240486497059464 55.0</gx:coord>
          <gx:coord>120.10921097360551 30.240505104884505 55.0</gx:coord>
          <gx:coord>120.10922832414508 30.240517258644104 55.0</gx:coord>
          <gx:coord>120.10924986563623 30.240532513707876 55.0</gx:coord>
          <gx:coord>120.10926336050034 30.24054097943008 55.0</gx:coord>
          <gx:coord>120.10927760973573 30.240552630275488 55.0</gx:coord>
          <gx:coord>120.10929571464658 30.24056687951088 55.0</gx:coord>
          <gx:coord>120.10933318175375 30.240592192858458 53.0</gx:coord>
          <gx:coord>120.10937542654574 30.24062404409051 53.0</gx:coord>
          <gx:coord>120.109399901703 30.240642400458455 53.0</gx:coord>
          <gx:coord>120.10945002548397 30.24069000966847 53.0</gx:coord>
          <gx:coord>120.1094757579267 30.24071540683508 49.0</gx:coord>
          <gx:coord>120.1094879116863 30.2407281473279 49.0</gx:coord>
          <gx:coord>120.10949864052236 30.24073745124042 49.0</gx:coord>
          <gx:coord>120.10952680371702 30.24075019173324 49.0</gx:coord>
          <gx:coord>120.10954163968563 30.240749018266797 49.0</gx:coord>
          <gx:coord>120.1095550507307 30.240766452625394 49.0</gx:coord>
          <gx:coord>120.1095711439848 30.24077458307147 49.0</gx:coord>
          <gx:coord>120.1095912605524 30.240795454010367 48.0</gx:coord>
          <gx:coord>120.10961280204356 30.240817414596677 48.0</gx:coord>
          <gx:coord>120.10966376401484 30.240866113454103 48.0</gx:coord>
          <gx:coord>120.10970952920616 30.240897964686155 48.0</gx:coord>
          <gx:coord>120.10981556028128 30.240949345752597 48.0</gx:coord>
          <gx:coord>120.10983458720148 30.240970635786653 48.0</gx:coord>
          <gx:coord>120.10985881090164 30.240993686020374 39.0</gx:coord>
          <gx:coord>120.10993801988661 30.241028890013695 40.0</gx:coord>
          <gx:coord>120.11003793217242 30.2410701289773 40.0</gx:coord>
          <gx:coord>120.11006785556674 30.24110248312354 40.0</gx:coord>
          <gx:coord>120.11008151806891 30.241128047928214 40.0</gx:coord>
          <gx:coord>120.11009844951332 30.241213962435722 40.0</gx:coord>
          <gx:coord>120.11010666377842 30.241237180307508 40.0</gx:coord>
          <gx:coord>120.11011881753802 30.24127095937729 35.0</gx:coord>
          <gx:coord>120.11012577451766 30.24130079895258 35.0</gx:coord>
          <gx:coord>120.11020582169294 30.241406746208668 35.0</gx:coord>
          <gx:coord>120.11020682752132 30.241414373740554 35.0</gx:coord>
          <gx:coord>120.11021085083485 30.241404650732875 35.0</gx:coord>
          <gx:coord>120.11016676202416 30.241558626294136 32.0</gx:coord>
          <gx:coord>120.110171623528 30.24158419109881 32.0</gx:coord>
          <gx:coord>120.11018184944987 30.241592405363917 32.0</gx:coord>
          <gx:coord>120.11017447337508 30.24157195352018 32.0</gx:coord>
          <gx:coord>120.11018620803952 30.241644959896803 32.0</gx:coord>
          <gx:coord>120.11022241786122 30.241685528308153 32.0</gx:coord>
          <gx:coord>120.11024664156139 30.241721402853727 32.0</gx:coord>
          <gx:coord>120.11029089801013 30.2417469676584 32.0</gx:coord>
          <gx:coord>120.11031109839678 30.241775885224342 32.0</gx:coord>
          <gx:coord>120.11037019081414 30.24181880056858 33.0</gx:coord>
          <gx:coord>120.11042308062315 30.241869343444705 30.0</gx:coord>
          <gx:coord>120.11045669205487 30.241905385628343 30.0</gx:coord>
          <gx:coord>120.11049239896238 30.241917371749878 30.0</gx:coord>
          <gx:coord>120.11061326600611 30.241985768079758 30.0</gx:coord>
          <gx:coord>120.11066162958741 30.24202977307141 30.0</gx:coord>
          <gx:coord>120.11069113388658 30.24204603396356 30.0</gx:coord>
          <gx:coord>120.1107125915587 30.24205181747675 26.0</gx:coord>
          <gx:coord>120.11073815636337 30.24206112138927 26.0</gx:coord>
          <gx:coord>120.11078115552664 30.2420889493078 28.0</gx:coord>
          <gx:coord>120.11080127209425 30.242104036733508 28.0</gx:coord>
          <gx:coord>120.11082272976637 30.24211677722633 28.0</gx:coord>
          <gx:coord>120.11084829457104 30.24212373420596 28.0</gx:coord>
          <gx:coord>120.1108814869076 30.242145527154207 28.0</gx:coord>
          <gx:coord>120.1108952332288 30.242140414193273 28.0</gx:coord>
          <gx:coord>120.11091677471995 30.24216086603701 28.0</gx:coord>
          <gx:coord>120.11094493791461 30.242177043110132 28.0</gx:coord>
          <gx:coord>120.11097854934633 30.24220487102866 26.0</gx:coord>
          <gx:coord>120.11099866591394 30.242287181317806 26.0</gx:coord>
          <gx:coord>120.11100302450359 30.242351638153195 26.0</gx:coord>
          <gx:coord>120.11102481745183 30.24240813218057 30.0</gx:coord>
          <gx:coord>120.1110389828682 30.242423890158534 30.0</gx:coord>
          <gx:coord>120.11106312274933 30.24242858402431 30.0</gx:coord>
          <gx:coord>120.1110765337944 30.24241928011179 30.0</gx:coord>
          <gx:coord>120.11110343970358 30.242417016997933 30.0</gx:coord>
          <gx:coord>120.11116387322545 30.242420453578234 30.0</gx:coord>
          <gx:coord>120.11123369447887 30.242391536012292 30.0</gx:coord>
          <gx:coord>120.11132329702377 30.242289444431663 23.0</gx:coord>
          <gx:coord>120.11145019903779 30.242209900170565 23.0</gx:coord>
          <gx:coord>120.11149428784847 30.242191292345524 23.0</gx:coord>
          <gx:coord>120.11164943687618 30.24211887270212 23.0</gx:coord>
          <gx:coord>120.11167030781507 30.24210504256189 23.0</gx:coord>
          <gx:coord>120.11174909770489 30.242067826911807 22.0</gx:coord>
          <gx:coord>120.11185496114194 30.242012841627 22.0</gx:coord>
          <gx:coord>120.11188253760338 30.241997921839356 22.0</gx:coord>
          <gx:coord>120.11193919926882 30.241979816928506 22.0</gx:coord>
          <gx:coord>120.11209736578166 30.2419248316437 20.0</gx:coord>
          <gx:coord>120.11211773380637 30.241923490539193 20.0</gx:coord>
          <gx:coord>120.11214975267649 30.241930950433016 20.0</gx:coord>
          <gx:coord>120.11221689172089 30.241917120292783 20.0</gx:coord>
          <gx:coord>120.11223843321204 30.24191251024604 20.0</gx:coord>
          <gx:coord>120.1122787501663 30.24191603064537 20.0</gx:coord>
          <gx:coord>120.11240766383708 30.241898680105805 18.0</gx:coord>
          <gx:coord>120.1126225758344 30.241872193291783 18.0</gx:coord>
          <gx:coord>120.11289121583104 30.24185501039028 17.0</gx:coord>
          <gx:coord>120.11313035152853 30.241842353716493 17.0</gx:coord>
          <gx:coord>120.11333017610013 30.24184461683035 17.0</gx:coord>
          <gx:coord>120.11356361210346 30.241829864680767 17.0</gx:coord>
          <gx:coord>120.11378539726138 30.241816034540534 17.0</gx:coord>
          <gx:coord>120.11388581246138 30.24181444197893 17.0</gx:coord>
          <gx:coord>120.11396585963666 30.241820896044374 17.0</gx:coord>
          <gx:coord>120.114183453843 30.241823326796293 16.0</gx:coord>
          <gx:coord>120.1144427061081 30.241828188300133 18.0</gx:coord>
          <gx:coord>120.11470061726868 30.241852663457394 17.0</gx:coord>
          <gx:coord>120.11485509574413 30.241855094209313 17.0</gx:coord>
          <gx:coord>120.11491687037051 30.2418540045619 16.0</gx:coord>
          <gx:coord>120.11516941711307 30.241863392293453 16.0</gx:coord>
          <gx:coord>120.11534677818418 30.241863559931517 16.0</gx:coord>
          <gx:coord>120.11545825749636 30.241753589361906 22.0</gx:coord>
          <gx:coord>120.1156893465668 30.241736322641373 22.0</gx:coord>
          <gx:coord>120.11573553085327 30.24173079058528 23.0</gx:coord>
          <gx:coord>120.11586830019951 30.241713607683778 23.0</gx:coord>
          <gx:coord>120.11607717722654 30.241682678461075 20.0</gx:coord>
          <gx:coord>120.11624766513705 30.241668596863747 20.0</gx:coord>
          <gx:coord>120.11647230014205 30.241637751460075 15.0</gx:coord>
          <gx:coord>120.11671411804855 30.24159894324839 13.0</gx:coord>
          <gx:coord>120.11692626401782 30.241566253826022 13.0</gx:coord>
          <gx:coord>120.11713463813066 30.241532055661082 15.0</gx:coord>
          <gx:coord>120.11737092398107 30.241493498906493 17.0</gx:coord>
          <gx:coord>120.11759966611862 30.24147824384272 17.0</gx:coord>
          <gx:coord>120.1178186852485 30.24145762436092 16.0</gx:coord>
          <gx:coord>120.11803904548287 30.241442704573274 16.0</gx:coord>
          <gx:coord>120.11826971545815 30.241419319063425 16.0</gx:coord>
          <gx:coord>120.11848638765514 30.241397861391306 16.0</gx:coord>
          <gx:coord>120.118702724576 30.24137606844306 16.0</gx:coord>
          <gx:coord>120.11881831102073 30.24137271568179 16.0</gx:coord>
          <gx:coord>120.11906147003174 30.24134388193488 15.0</gx:coord>
          <gx:coord>120.11927378363907 30.241338349878788 15.0</gx:coord>
          <gx:coord>120.1194712612778 30.241317646577954 15.0</gx:coord>
          <gx:coord>120.11954653076828 30.24131303653121 15.0</gx:coord>
          <gx:coord>120.11957067064941 30.241304989904165 15.0</gx:coord>
          <gx:coord>120.119648873806 30.24114447645843 14.0</gx:coord>
          <gx:coord>120.11967418715358 30.24096217006445 14.0</gx:coord>
          <gx:coord>120.11972791515291 30.24077215231955 14.0</gx:coord>
          <gx:coord>120.1197694055736 30.240596802905202 12.0</gx:coord>
          <gx:coord>120.11982204392552 30.240403851494193 14.0</gx:coord>
          <gx:coord>120.11983143165708 30.240233531221747 14.0</gx:coord>
          <gx:coord>120.11985029093921 30.24004359729588 17.0</gx:coord>
          <gx:coord>120.11984358541667 30.239847796037793 18.0</gx:coord>
          <gx:coord>120.1198489498347 30.23962534032762 18.0</gx:coord>
          <gx:coord>120.11985297314823 30.23950950242579 19.0</gx:coord>
          <gx:coord>120.1199974771589 30.239279167726636 15.0</gx:coord>
          <gx:coord>120.12013846077025 30.23913432843983 15.0</gx:coord>
          <gx:coord>120.12032722122967 30.23900189436972 12.0</gx:coord>
          <gx:coord>120.12050592340529 30.23887046612799 11.0</gx:coord>
          <gx:coord>120.12069250456989 30.23877407424152 11.0</gx:coord>
          <gx:coord>120.12081580236554 30.238695703446865 12.0</gx:coord>
          <gx:coord>120.1209961809218 30.238572489470243 12.0</gx:coord>
          <gx:coord>120.12117085978389 30.238441731780767 12.0</gx:coord>
          <gx:coord>120.121332379058 30.238324971869588 13.0</gx:coord>
          <gx:coord>120.12152256444097 30.238189520314336 13.0</gx:coord>
          <gx:coord>120.12173437513411 30.238097235560417 14.0</gx:coord>
          <gx:coord>120.12179606594145 30.237981900572777 14.0</gx:coord>
          <gx:coord>120.12181023135781 30.237959939986467 14.0</gx:coord>
          <gx:coord>120.12177678756416 30.23777335882187 16.0</gx:coord>
          <gx:coord>120.12175591662526 30.237595159560442 20.0</gx:coord>
          <gx:coord>120.12175625190139 30.237548472359776 20.0</gx:coord>
          <gx:coord>120.12175935320556 30.237436909228563 20.0</gx:coord>
          <gx:coord>120.1219124905765 30.23733749985695 26.0</gx:coord>
          <gx:coord>120.12202153913677 30.237283520400524 26.0</gx:coord>
          <gx:coord>120.1221149135381 30.23721981793642 29.0</gx:coord>
          <gx:coord>120.12224617414176 30.237151673063636 29.0</gx:coord>
          <gx:coord>120.12234767898917 30.23711529560387 29.0</gx:coord>
          <gx:coord>120.12246636673808 30.237044719979167 39.0</gx:coord>
          <gx:coord>120.12253786437213 30.236975820735097 39.0</gx:coord>
          <gx:coord>120.122593017295 30.236934162676334 39.0</gx:coord>
          <gx:coord>120.12262662872672 30.23688320070505 39.0</gx:coord>
          <gx:coord>120.12273140251637 30.23673157207668 44.0</gx:coord>
          <gx:coord>120.12281471863389 30.23656250908971 44.0</gx:coord>
          <gx:coord>120.12289945967495 30.23641305975616 40.0</gx:coord>
          <gx:coord>120.12298143468797 30.236204601824284 35.0</gx:coord>
          <gx:coord>120.12302443385124 30.23598801344633 35.0</gx:coord>
          <gx:coord>120.1230473164469 30.235793385654688 36.0</gx:coord>
          <gx:coord>120.12307422235608 30.23560923524201 36.0</gx:coord>
          <gx:coord>120.1233308762312 30.23548660799861 35.0</gx:coord>
          <gx:coord>120.12351226061583 30.235416116192937 30.0</gx:coord>
          <gx:coord>120.123695069924 30.23535031825304 30.0</gx:coord>
          <gx:coord>120.12374209240079 30.2353248372674 30.0</gx:coord>
          <gx:coord>120.1239207945764 30.235248561948538 28.0</gx:coord>
          <gx:coord>120.12416772544384 30.23515577428043 24.0</gx:coord>
          <gx:coord>120.12421038933098 30.235116044059396 20.0</gx:coord>
          <gx:coord>120.12433871626854 30.234981179237366 19.0</gx:coord>
          <gx:coord>120.1244049333036 30.234894677996635 19.0</gx:coord>
          <gx:coord>120.12452973984182 30.2346979547292 19.0</gx:coord>
          <gx:coord>120.12467206455767 30.234504332765937 21.0</gx:coord>
          <gx:coord>120.12470567598939 30.23446384817362 21.0</gx:coord>
          <gx:coord>120.12474490329623 30.234423615038395 21.0</gx:coord>
          <gx:coord>120.12484691105783 30.234365109354258 21.0</gx:coord>
          <gx:coord>120.1250661816448 30.2342869900167 25.0</gx:coord>
          <gx:coord>120.12516232207417 30.234247595071793 21.0</gx:coord>
          <gx:coord>120.12522711418569 30.23417701944709 21.0</gx:coord>
          <gx:coord>120.12524999678135 30.234097139909863 21.0</gx:coord>
          <gx:coord>120.1252110209316 30.233995132148266 21.0</gx:coord>
          <gx:coord>120.12514119967818 30.233817771077156 21.0</gx:coord>
          <gx:coord>120.12507397681475 30.23364300839603 23.0</gx:coord>
          <gx:coord>120.12497724965215 30.233468832448125 26.0</gx:coord>
          <gx:coord>120.12497054412961 30.233403956517577 26.0</gx:coord>
          <gx:coord>120.12502695433795 30.23326381109655 26.0</gx:coord>
          <gx:coord>120.12512544170022 30.23316415026784 32.0</gx:coord>
          <gx:coord>120.12524396181107 30.233015874400735 29.0</gx:coord>
          <gx:coord>120.12530523352325 30.232947813346982 29.0</gx:coord>
          <gx:coord>120.12531059794128 30.232818061485887 35.0</gx:coord>
          <gx:coord>120.12534823268652 30.232692919671535 35.0</gx:coord>
          <gx:coord>120.12539123184979 30.232621170580387 36.0</gx:coord>
          <gx:coord>120.12541545554996 30.232570208609104 36.0</gx:coord>
          <gx:coord>120.12542886659503 30.232516899704933 36.0</gx:coord>
          <gx:coord>120.12544772587717 30.232472894713283 36.0</gx:coord>
          <gx:coord>120.12547454796731 30.23244054056704 36.0</gx:coord>
          <gx:coord>120.12549340724945 30.23239653557539 36.0</gx:coord>
          <gx:coord>120.12551486492157 30.23236870765686 36.0</gx:coord>
          <gx:coord>120.12554445303977 30.23233400657773 35.0</gx:coord>
          <gx:coord>120.12557672336698 30.232285391539335 35.0</gx:coord>
          <gx:coord>120.12559558264911 30.23222747258842 35.0</gx:coord>
          <gx:coord>120.12561704032123 30.232169553637505 35.0</gx:coord>
          <gx:coord>120.12565735727549 30.23211859166622 35.0</gx:coord>
          <gx:coord>120.12570848688483 30.232065366581082 35.0</gx:coord>
          <gx:coord>120.12575416825712 30.232025971636176 35.0</gx:coord>
          <gx:coord>120.12579180300236 30.231928741559386 35.0</gx:coord>
          <gx:coord>120.12584553100169 30.231875516474247 35.0</gx:coord>
          <gx:coord>120.12587511911988 30.231806030496955 35.0</gx:coord>
          <gx:coord>120.12591275386512 30.231736544519663 36.0</gx:coord>
          <gx:coord>120.12592893093824 30.231680888682604 36.0</gx:coord>
          <gx:coord>120.12599875219166 30.23165088146925 34.0</gx:coord>
          <gx:coord>120.12604175135493 30.231602266430855 34.0</gx:coord>
          <gx:coord>120.1260955631733 30.231558261439204 34.0</gx:coord>
          <gx:coord>120.12628105469048 30.231417110189795 31.0</gx:coord>
          <gx:coord>120.12648800387979 30.231245867908 31.0</gx:coord>
          <gx:coord>120.12658204883337 30.231153331696987 30.0</gx:coord>
          <gx:coord>120.12687508016825 30.231107231229544 29.0</gx:coord>
          <gx:coord>120.12713181786239 30.231070518493652 26.0</gx:coord>
          <gx:coord>120.12725000269711 30.231049982830882 26.0</gx:coord>
          <gx:coord>120.12732267379761 30.231041768565774 26.0</gx:coord>
          <gx:coord>120.12754839845002 30.23098292760551 22.0</gx:coord>
          <gx:coord>120.12775409035385 30.230920566245914 19.0</gx:coord>
          <gx:coord>120.12793824076653 30.23081528954208 18.0</gx:coord>
          <gx:coord>120.12814787216485 30.230730967596173 18.0</gx:coord>
          <gx:coord>120.12827561236918 30.230603646486998 20.0</gx:coord>
          <gx:coord>120.12839253991842 30.2304567117244 20.0</gx:coord>
          <gx:coord>120.12842883355916 30.230376748368144 19.0</gx:coord>
          <gx:coord>120.12848256155849 30.230332827195525 22.0</gx:coord>
          <gx:coord>120.12855322100222 30.230237608775496 22.0</gx:coord>
          <gx:coord>120.12868045829237 30.230064690113068 21.0</gx:coord>
          <gx:coord>120.12872069142759 30.23001741617918 21.0</gx:coord>
          <gx:coord>120.12880492955446 30.22983368486166 25.0</gx:coord>
          <gx:coord>120.12884910218418 30.22975103929639 25.0</gx:coord>
          <gx:coord>120.12900542467833 30.22958843037486 25.0</gx:coord>
          <gx:coord>120.12917490676045 30.22942171432078 27.0</gx:coord>
          <gx:coord>120.12930390425026 30.229277042672038 23.0</gx:coord>
          <gx:coord>120.12942628003657 30.22909641265869 21.0</gx:coord>
          <gx:coord>120.1295579597354 30.228925086557865 14.0</gx:coord>
          <gx:coord>120.1296010427177 30.228870688006282 15.0</gx:coord>
          <gx:coord>120.1297112647444 30.228707492351532 13.0</gx:coord>
          <gx:coord>120.12981612235308 30.228552343323827 13.0</gx:coord>
          <gx:coord>120.12988736853004 30.228460896760225 15.0</gx:coord>
          <gx:coord>120.1299599558115 30.22840306162834 15.0</gx:coord>
          <gx:coord>120.13007688336074 30.22829309105873 15.0</gx:coord>
          <gx:coord>120.1301481295377 30.22822947241366 14.0</gx:coord>
          <gx:coord>120.13027846813202 30.228151939809322 15.0</gx:coord>
          <gx:coord>120.1303968206048 30.22809418849647 15.0</gx:coord>
          <gx:coord>120.13067099265754 30.228078262880445 14.0</gx:coord>
          <gx:coord>120.13090359047055 30.228051943704486 12.0</gx:coord>
          <gx:coord>120.13112403452396 30.22805219516158 12.0</gx:coord>
          <gx:coord>120.13135118409991 30.228032832965255 11.0</gx:coord>
          <gx:coord>120.13147884048522 30.228007435798645 11.0</gx:coord>
          <gx:coord>120.13156089931726 30.22796468809247 11.0</gx:coord>
          <gx:coord>120.13157296925783 30.227982122451067 11.0</gx:coord>
          <gx:coord>120.13167246244848 30.227947421371937 11.0</gx:coord>
          <gx:coord>120.13169123791158 30.227933591231704 11.0</gx:coord>
          <gx:coord>120.13182300142944 30.22786309942603 13.0</gx:coord>
          <gx:coord>120.13201930560172 30.227747429162264 13.0</gx:coord>
          <gx:coord>120.13222902081907 30.22762949578464 14.0</gx:coord>
          <gx:coord>120.13245080597699 30.227504689246416 13.0</gx:coord>
          <gx:coord>120.13263495638967 30.227369321510196 13.0</gx:coord>
          <gx:coord>120.13281642459333 30.227234037593007 11.0</gx:coord>
          <gx:coord>120.13302479870617 30.227091796696186 12.0</gx:coord>
          <gx:coord>120.13321573846042 30.226958775892854 14.0</gx:coord>
          <gx:coord>120.13341883197427 30.226872861385345 14.0</gx:coord>
          <gx:coord>120.13358068652451 30.227124067023396 19.0</gx:coord>
          <gx:coord>120.133618991822 30.227244263514876 19.0</gx:coord>
          <gx:coord>120.13363491743803 30.227436628192663 19.0</gx:coord>
          <gx:coord>120.13366718776524 30.227536875754595 19.0</gx:coord>
          <gx:coord>120.13366819359362 30.22759974002838 19.0</gx:coord>
          <gx:coord>120.13370716944337 30.227637123316526 19.0</gx:coord>
          <gx:coord>120.13371580280364 30.22769990377128 23.0</gx:coord>
          <gx:coord>120.13370146974921 30.22776293568313 23.0</gx:coord>
          <gx:coord>120.13371773064137 30.227825632318854 23.0</gx:coord>
          <gx:coord>120.13374203816056 30.227862345054746 23.0</gx:coord>
          <gx:coord>120.13385108672082 30.227937698364258 31.0</gx:coord>
          <gx:coord>120.13386676087976 30.22796276025474 31.0</gx:coord>
          <gx:coord>120.13389794155955 30.228000227361917 31.0</gx:coord>
          <gx:coord>120.13395217247307 30.228037443012 31.0</gx:coord>
          <gx:coord>120.13400640338659 30.228074742481112 31.0</gx:coord>
          <gx:coord>120.13402978889644 30.228099636733532 24.0</gx:coord>
          <gx:coord>120.13406859710813 30.228137020021677 24.0</gx:coord>
          <gx:coord>120.13409215025604 30.228174570947886 24.0</gx:coord>
          <gx:coord>120.1341374963522 30.228244559839368 27.0</gx:coord>
          <gx:coord>120.13417731039226 30.22829401306808 27.0</gx:coord>
          <gx:coord>120.13420949690044 30.228343717753887 27.0</gx:coord>
          <gx:coord>120.13423388823867 30.22838730365038 27.0</gx:coord>
          <gx:coord>120.13428702950478 30.228440025821328 27.0</gx:coord>
          <gx:coord>120.13433539308608 30.228430638089776 22.0</gx:coord>
          <gx:coord>120.13435618020594 30.228481432422996 23.0</gx:coord>
          <gx:coord>120.13449942693114 30.228653345257044 23.0</gx:coord>
          <gx:coord>120.13455986045301 30.228704810142517 23.0</gx:coord>
          <gx:coord>120.13457570225 30.228742444887757 23.0</gx:coord>
          <gx:coord>120.13471308164299 30.228796675801277 18.0</gx:coord>
          <gx:coord>120.13491994701326 30.228847302496433 19.0</gx:coord>
          <gx:coord>120.1351460069418 30.228933468461037 21.0</gx:coord>
          <gx:coord>120.13531942851841 30.229008989408612 21.0</gx:coord>
          <gx:coord>120.13537717983127 30.229027597233653 21.0</gx:coord>
          <gx:coord>120.13543903827667 30.229055508971214 20.0</gx:coord>
          <gx:coord>120.13557750731707 30.229095071554184 20.0</gx:coord>
          <gx:coord>120.13567700050771 30.22914854809642 20.0</gx:coord>
          <gx:coord>120.13583164662123 30.229199761524796 21.0</gx:coord>
          <gx:coord>120.1359230093658 30.22924041375518 21.0</gx:coord>
          <gx:coord>120.13602116145194 30.22928693331778 21.0</gx:coord>
          <gx:coord>120.13606684282422 30.229310151189566 21.0</gx:coord>
          <gx:coord>120.1361246779561 30.22933571599424 21.0</gx:coord>
          <gx:coord>120.13621335849166 30.229379888623953 21.0</gx:coord>
          <gx:coord>120.13629139401019 30.229418193921447 21.0</gx:coord>
          <gx:coord>120.13632768765092 30.2294344548136 21.0</gx:coord>
          <gx:coord>120.13635861687362 30.22945306263864 21.0</gx:coord>
          <gx:coord>120.13638141565025 30.229469323530793 21.0</gx:coord>
          <gx:coord>120.13640832155943 30.229483237490058 21.0</gx:coord>
          <gx:coord>120.13643925078213 30.22949254140258 21.0</gx:coord>
          <gx:coord>120.13651334680617 30.229514921084046 21.0</gx:coord>
          <gx:coord>120.13666304759681 30.22957284003496 18.0</gx:coord>
          <gx:coord>120.13671887107193 30.229605361819267 15.0</gx:coord>
          <gx:coord>120.13684124685824 30.229641487821937 14.0</gx:coord>
          <gx:coord>120.13687217608094 30.229656575247645 14.0</gx:coord>
          <gx:coord>120.1369003392756 30.229662358760834 14.0</gx:coord>
          <gx:coord>120.13696605339646 30.229689264670014 14.0</gx:coord>
          <gx:coord>120.13700930401683 30.229699658229947 14.0</gx:coord>
          <gx:coord>120.13704962097108 30.229712398722768 14.0</gx:coord>
          <gx:coord>120.13709262013435 30.229736790060997 14.0</gx:coord>
          <gx:coord>120.13716872781515 30.229785656556487 14.0</gx:coord>
          <gx:coord>120.1372539717704 30.22982739843428 14.0</gx:coord>
          <gx:coord>120.13731172308326 30.229849526658654 14.0</gx:coord>
          <gx:coord>120.1373789459467 30.229880874976516 12.0</gx:coord>
          <gx:coord>120.13756720349193 30.2299646101892 12.0</gx:coord>
          <gx:coord>120.13776727952063 30.230068964883685 16.0</gx:coord>
          <gx:coord>120.13781203888357 30.23008623160422 16.0</gx:coord>
          <gx:coord>120.13783131726086 30.23009126074612 16.0</gx:coord>
          <gx:coord>120.13786836527288 30.230105258524418 16.0</gx:coord>
          <gx:coord>120.13790583238006 30.230121603235602 16.0</gx:coord>
          <gx:coord>120.13803600333631 30.230185138061643 17.0</gx:coord>
          <gx:coord>120.13819785788655 30.23024062626064 15.0</gx:coord>
          <gx:coord>120.13832895085216 30.23030516691506 15.0</gx:coord>
          <gx:coord>120.13840908184648 30.230328887701035 15.0</gx:coord>
          <gx:coord>120.13843456283212 30.2303359284997 15.0</gx:coord>
          <gx:coord>120.1384598761797 30.230352859944105 15.0</gx:coord>
          <gx:coord>120.13865483924747 30.230420334264636 13.0</gx:coord>
          <gx:coord>120.13873178511858 30.230451934039593 13.0</gx:coord>
          <gx:coord>120.13877050951123 30.23047381080687 12.0</gx:coord>
          <gx:coord>120.13885382562876 30.230517983436584 12.0</gx:coord>
          <gx:coord>120.13893529772758 30.230557546019554 12.0</gx:coord>
          <gx:coord>120.13897469267249 30.230588810518384 12.0</gx:coord>
          <gx:coord>120.13899338431656 30.230592917650938 12.0</gx:coord>
          <gx:coord>120.13899338431656 30.230592917650938 12.0</gx:coord>
          <gx:coord>120.13917552307248 30.230697439983487 14.0</gx:coord>
          <gx:coord>120.13921726495028 30.23072535172105 14.0</gx:coord>
          <gx:coord>120.1392506249249 30.23074538446963 14.0</gx:coord>
          <gx:coord>120.13945053331554 30.23082895204425 16.0</gx:coord>
          <gx:coord>120.13947215862572 30.23084714077413 16.0</gx:coord>
          <gx:coord>120.13950794935226 30.230874717235565 16.0</gx:coord>
          <gx:coord>120.13950979337096 30.230875052511692 16.0</gx:coord>
          <gx:coord>120.13954348862171 30.230893241241574 16.0</gx:coord>
          <gx:coord>120.13962227851152 30.230941185727715 19.0</gx:coord>
          <gx:coord>120.13959126546979 30.230962140485644 19.0</gx:coord>
          <gx:coord>120.13951063156128 30.231089210137725 11.0</gx:coord>
          <gx:coord>120.13946168124676 30.231267493218184 12.0</gx:coord>
          <gx:coord>120.13939303345978 30.23145642131567 12.0</gx:coord>
          <gx:coord>120.13929605484009 30.231619030237198 16.0</gx:coord>
          <gx:coord>120.13916378840804 30.23179546929896 16.0</gx:coord>
          <gx:coord>120.13905918225646 30.231967633590102 17.0</gx:coord>
          <gx:coord>120.1389123313129 30.232145749032497 15.0</gx:coord>
          <gx:coord>120.13877696357667 30.23231053724885 15.0</gx:coord>
          <gx:coord>120.1386948209256 30.232493514195085 14.0</gx:coord>
          <gx:coord>120.13861376792192 30.232672384008765 13.0</gx:coord>
          <gx:coord>120.13853397220373 30.232809092849493 13.0</gx:coord>
          <gx:coord>120.1384696830064 30.232997937127948 13.0</gx:coord>
          <gx:coord>120.13837697915733 30.23317546583712 13.0</gx:coord>
          <gx:coord>120.13830355368555 30.233324328437448 15.0</gx:coord>
          <gx:coord>120.13828963972628 30.233350731432438 15.0</gx:coord>
          <gx:coord>120.13821864500642 30.233525158837438 16.0</gx:coord>
          <gx:coord>120.13819567859173 30.233593052253127 16.0</gx:coord>
          <gx:coord>120.13812032528222 30.233764462172985 15.0</gx:coord>
          <gx:coord>120.13803617097437 30.23394249379635 15.0</gx:coord>
          <gx:coord>120.13794246129692 30.234118849039078 18.0</gx:coord>
          <gx:coord>120.1378451474011 30.234300903975964 12.0</gx:coord>
          <gx:coord>120.13785998336971 30.23435002192855 14.0</gx:coord>
          <gx:coord>120.13784112408757 30.23438178934157 14.0</gx:coord>
          <gx:coord>120.13780298642814 30.23439603857696 14.0</gx:coord>
          <gx:coord>120.13776300475001 30.2344439830631 14.0</gx:coord>
          <gx:coord>120.13769100420177 30.234540961682796 14.0</gx:coord>
          <gx:coord>120.1376530341804 30.234623020514846 16.0</gx:coord>
          <gx:coord>120.13752101920545 30.234794011339545 13.0</gx:coord>
          <gx:coord>120.13743200339377 30.234926026314497 17.0</gx:coord>
          <gx:coord>120.13731800951064 30.23506097495556 15.0</gx:coord>
          <gx:coord>120.13722295872867 30.235226014629006 17.0</gx:coord>
          <gx:coord>120.13714601285756 30.2354059740901 17.0</gx:coord>
          <gx:coord>120.13703897595406 30.235590040683746 17.0</gx:coord>
          <gx:coord>120.13694903813303 30.235766982659698 16.0</gx:coord>
          <gx:coord>120.13687200844288 30.235949037596583 16.0</gx:coord>
          <gx:coord>120.1367779634893 30.236106030642986 14.0</gx:coord>
          <gx:coord>120.13664896599948 30.236274003982544 18.0</gx:coord>
          <gx:coord>120.13654603622854 30.236443988978863 18.0</gx:coord>
          <gx:coord>120.13642500154674 30.23661196231842 16.0</gx:coord>
          <gx:coord>120.13634302653372 30.236772978678346 16.0</gx:coord>
          <gx:coord>120.13629902154207 30.236861994490027 15.0</gx:coord>
          <gx:coord>120.13619198463857 30.237050000578165 16.0</gx:coord>
          <gx:coord>120.13615099713206 30.237139016389847 16.0</gx:coord>
          <gx:coord>120.13604496605694 30.237301038578153 16.0</gx:coord>
          <gx:coord>120.13594698160887 30.23748996667564 15.0</gx:coord>
          <gx:coord>120.1358950138092 30.23761603049934 15.0</gx:coord>
          <gx:coord>120.13586299493909 30.237807976081967 15.0</gx:coord>
          <gx:coord>120.13578596524894 30.237991036847234 14.0</gx:coord>
          <gx:coord>120.13570097275078 30.238161021843553 14.0</gx:coord>
          <gx:coord>120.13567700050771 30.238340981304646 14.0</gx:coord>
          <gx:coord>120.13564799912274 30.23852395825088 17.0</gx:coord>
          <gx:coord>120.13554196804762 30.23869201540947 17.0</gx:coord>
          <gx:coord>120.13547097332776 30.238880021497607 15.0</gx:coord>
          <gx:coord>120.13541498221457 30.239052018150687 14.0</gx:coord>
          <gx:coord>120.13535002246499 30.239225020632148 14.0</gx:coord>
          <gx:coord>120.13529554009438 30.239463821053505 14.0</gx:coord>
          <gx:coord>120.13524742797017 30.239639338105917 16.0</gx:coord>
          <gx:coord>120.1352028362453 30.239703794941306 16.0</gx:coord>
          <gx:coord>120.13513536192477 30.23990286514163 15.0</gx:coord>
          <gx:coord>120.13505439274013 30.240108221769333 15.0</gx:coord>
          <gx:coord>120.13494601473212 30.240342998877168 16.0</gx:coord>
          <gx:coord>120.13489102944732 30.240532010793686 17.0</gx:coord>
          <gx:coord>120.1348450127989 30.240728985518217 14.0</gx:coord>
          <gx:coord>120.13482104055583 30.240910034626722 14.0</gx:coord>
          <gx:coord>120.13482799753547 30.241109021008015 14.0</gx:coord>
          <gx:coord>120.13480100780725 30.24127498269081 17.0</gx:coord>
          <gx:coord>120.1347900275141 30.241305995732546 17.0</gx:coord>
          <gx:coord>120.13472397811711 30.241492995992303 17.0</gx:coord>
          <gx:coord>120.13464502058923 30.24169801734388 19.0</gx:coord>
          <gx:coord>120.13457503169775 30.241820979863405 17.0</gx:coord>
          <gx:coord>120.13451401144266 30.241996999830008 17.0</gx:coord>
          <gx:coord>120.13450101949275 30.24217796511948 19.0</gx:coord>
          <gx:coord>120.13446497730911 30.242373012006283 17.0</gx:coord>
          <gx:coord>120.1344189606607 30.242568980902433 17.0</gx:coord>
          <gx:coord>120.13441401533782 30.242592031136155 17.0</gx:coord>
          <gx:coord>120.13434897176921 30.242788000032306 18.0</gx:coord>
          <gx:coord>120.13427001424134 30.242963014170527 19.0</gx:coord>
          <gx:coord>120.1341980136931 30.243166023865342 19.0</gx:coord>
          <gx:coord>120.13417102396488 30.243280017748475 18.0</gx:coord>
          <gx:coord>120.13413900509477 30.243469029664993 18.0</gx:coord>
          <gx:coord>120.13409701175988 30.24365804158151 18.0</gx:coord>
          <gx:coord>120.13402199372649 30.243854010477662 15.0</gx:coord>
          <gx:coord>120.13398997485638 30.24404000490904 19.0</gx:coord>
          <gx:coord>120.13391696847975 30.244224993512034 19.0</gx:coord>
          <gx:coord>120.13382703065872 30.24440897628665 19.0</gx:coord>
          <gx:coord>120.13381898403168 30.244476031512022 19.0</gx:coord>
          <gx:coord>120.13377799652517 30.244674012064934 15.0</gx:coord>
          <gx:coord>120.13374597765505 30.24486000649631 17.0</gx:coord>
          <gx:coord>120.13369903899729 30.24504901841283 15.0</gx:coord>
          <gx:coord>120.1336279604584 30.24522696621716 20.0</gx:coord>
          <gx:coord>120.133544979617 30.245409021154046 20.0</gx:coord>
          <gx:coord>120.13351798988879 30.245598033070564 20.0</gx:coord>
          <gx:coord>120.133470967412 30.24578201584518 17.0</gx:coord>
          <gx:coord>120.13337298296392 30.245969016104937 17.0</gx:coord>
          <gx:coord>120.13336099684238 30.246122991666198 16.0</gx:coord>
          <gx:coord>120.13332797214389 30.24627403356135 17.0</gx:coord>
          <gx:coord>120.13327902182937 30.246484000235796 17.0</gx:coord>
          <gx:coord>120.1332770101726 30.246518030762672 17.0</gx:coord>
          <gx:coord>120.13319998048246 30.246693966910243 16.0</gx:coord>
          <gx:coord>120.13316201046109 30.246893037110567 14.0</gx:coord>
          <gx:coord>120.13315103016794 30.247076014056802 14.0</gx:coord>
          <gx:coord>120.13306603766978 30.24726301431656 15.0</gx:coord>
          <gx:coord>120.13296604156494 30.247454959899187 16.0</gx:coord>
          <gx:coord>120.13286797329783 30.24765000678599 16.0</gx:coord>
          <gx:coord>120.13279002159834 30.24784203618765 16.0</gx:coord>
          <gx:coord>120.13270201161504 30.24804496206343 14.0</gx:coord>
          <gx:coord>120.1326989941299 30.248221987858415 14.0</gx:coord>
          <gx:coord>120.13262397609651 30.248398007825017 12.0</gx:coord>
          <gx:coord>120.13256496749818 30.24860101751983 16.0</gx:coord>
          <gx:coord>120.13247000053525 30.248802015557885 12.0</gx:coord>
          <gx:coord>120.13240101747215 30.248989015817642 12.0</gx:coord>
          <gx:coord>120.13236002996564 30.249148020520806 16.0</gx:coord>
          <gx:coord>120.13230596669018 30.249333009123802 20.0</gx:coord>
          <gx:coord>120.1322219800204 30.249515986070037 20.0</gx:coord>
          <gx:coord>120.13218400999904 30.249699968844652 19.0</gx:coord>
          <gx:coord>120.13215098530054 30.24980197660625 19.0</gx:coord>
          <gx:coord>120.13208501972258 30.249988976866007 20.0</gx:coord>
          <gx:coord>120.13197203166783 30.25016399100423 17.0</gx:coord>
          <gx:coord>120.13193096034229 30.25038099847734 17.0</gx:coord>
          <gx:coord>120.13188502751291 30.250473031774163 19.0</gx:coord>
          <gx:coord>120.13184898532927 30.250678975135088 19.0</gx:coord>
          <gx:coord>120.13182803057134 30.25074795819819 14.0</gx:coord>
          <gx:coord>120.13176600448787 30.250909980386496 14.0</gx:coord>
          <gx:coord>120.13168000616133 30.251102009788156 9.0</gx:coord>
          <gx:coord>120.13160800561309 30.25128699839115 16.0</gx:coord>
          <gx:coord>120.13155503198504 30.25147601030767 16.0</gx:coord>
          <gx:coord>120.13156299479306 30.25167399086058 11.0</gx:coord>
          <gx:coord>120.13148596510291 30.251853028312325 10.0</gx:coord>
          <gx:coord>120.13142301701009 30.252030976116657 10.0</gx:coord>
          <gx:coord>120.13136400841177 30.252219988033175 12.0</gx:coord>
          <gx:coord>120.13128798455 30.25240497663617 15.0</gx:coord>
          <gx:coord>120.13127197511494 30.252539003267884 15.0</gx:coord>
          <gx:coord>120.13118295930326 30.252729021012783 12.0</gx:coord>
          <gx:coord>120.13112696819007 30.25291996076703 13.0</gx:coord>
          <gx:coord>120.13111003674567 30.253020962700248 13.0</gx:coord>
          <gx:coord>120.1311119645834 30.253072008490562 13.0</gx:coord>
          <gx:coord>120.1310889981687 30.253254985436797 12.0</gx:coord>
          <gx:coord>120.13108598068357 30.253270994871855 12.0</gx:coord>
          <gx:coord>120.13109897263348 30.253443997353315 12.0</gx:coord>
          <gx:coord>120.13125697150826 30.253575006499887 13.0</gx:coord>
          <gx:coord>120.13151597231627 30.253698974847794 13.0</gx:coord>
          <gx:coord>120.1317090075463 30.253748008981347 11.0</gx:coord>
          <gx:coord>120.13189600780606 30.253825038671494 16.0</gx:coord>
          <gx:coord>120.1320980116725 30.25386200286448 14.0</gx:coord>
          <gx:coord>120.13217403553426 30.253876000642776 14.0</gx:coord>
          <gx:coord>120.13234997168183 30.25388496927917 14.0</gx:coord>
          <gx:coord>120.13256203383207 30.253916988149285 15.0</gx:coord>
          <gx:coord>120.13278800994158 30.25392302311957 11.0</gx:coord>
          <gx:coord>120.13298900797963 30.25397197343409 10.0</gx:coord>
          <gx:coord>120.13316796161234 30.25410197675228 17.0</gx:coord>
          <gx:coord>120.1333464961499 30.2541268710047 16.0</gx:coord>
          <gx:coord>120.1333464961499 30.2541268710047 16.0</gx:coord>
          <gx:coord>120.13346878811717 30.25416056625545 16.0</gx:coord>
          <gx:coord>120.13352394104004 30.254167607054114 15.0</gx:coord>
          <gx:coord>120.13358043506742 30.2541908249259 15.0</gx:coord>
          <gx:coord>120.13363416306674 30.254195602610707 15.0</gx:coord>
          <gx:coord>120.13374438509345 30.25420264340937 15.0</gx:coord>
          <gx:coord>120.13380892574787 30.254193507134914 16.0</gx:coord>
          <gx:coord>120.1339649129659 30.25406274944544 16.0</gx:coord>
          <gx:coord>120.13411603868008 30.253913970664144 13.0</gx:coord>
          <gx:coord>120.13425501063466 30.25386300869286 13.0</gx:coord>
          <gx:coord>120.13444100506604 30.253813974559307 12.0</gx:coord>
          <gx:coord>120.13453203253448 30.25383803062141 12.0</gx:coord>
          <gx:coord>120.13474702835083 30.253844987601042 12.0</gx:coord>
          <gx:coord>120.1349699869752 30.253850016742945 13.0</gx:coord>
          <gx:coord>120.13517199084163 30.253876000642776 17.0</gx:coord>
          <gx:coord>120.13535496778786 30.25390399619937 17.0</gx:coord>
          <gx:coord>120.13542797416449 30.253920005634427 18.0</gx:coord>
          <gx:coord>120.13555102050304 30.253959987312555 18.0</gx:coord>
          <gx:coord>120.13572896830738 30.254025030881166 19.0</gx:coord>
          <gx:coord>120.13593499548733 30.25410298258066 16.0</gx:coord>
          <gx:coord>120.13612501323223 30.25420700199902 16.0</gx:coord>
          <gx:coord>120.13629600405693 30.25431303307414 12.0</gx:coord>
          <gx:coord>120.13647302985191 30.254415040835738 12.0</gx:coord>
          <gx:coord>120.13661895878613 30.25452903471887 11.0</gx:coord>
          <gx:coord>120.13664301484823 30.25469801388681 12.0</gx:coord>
          <gx:coord>120.13655902817845 30.25486900471151 15.0</gx:coord>
          <gx:coord>120.13647302985191 30.255093974992633 11.0</gx:coord>
          <gx:coord>120.1363059785217 30.255249962210655 19.0</gx:coord>
          <gx:coord>120.13649700209498 30.255382983013988 19.0</gx:coord>
          <gx:coord>120.13666204176843 30.255460012704134 20.0</gx:coord>
          <gx:coord>120.13688198290765 30.25553402490914 20.0</gx:coord>
          <gx:coord>120.13714601285756 30.255552968010306 19.0</gx:coord>
          <gx:coord>120.13731800951064 30.255618011578918 19.0</gx:coord>
          <gx:coord>120.13752202503383 30.2556880004704 20.0</gx:coord>
          <gx:coord>120.13777499087155 30.25574902072549 20.0</gx:coord>
          <gx:coord>120.13796299695969 30.25575396604836 18.0</gx:coord>
          <gx:coord>120.13807103969157 30.255781961604953 18.0</gx:coord>
          <gx:coord>120.13827002607286 30.255800988525152 18.0</gx:coord>
          <gx:coord>120.13849499635398 30.255847005173564 20.0</gx:coord>
          <gx:coord>120.13863497413695 30.255866032093763 20.0</gx:coord>
          <gx:coord>120.13879196718335 30.255886986851692 20.0</gx:coord>
          <gx:coord>120.13900302350521 30.255972985178232 16.0</gx:coord>
          <gx:coord>120.1392300054431 30.255972985178232 15.0</gx:coord>
          <gx:coord>120.13943301513791 30.255911964923143 11.0</gx:coord>
          <gx:coord>120.13959595933557 30.255907019600272 10.0</gx:coord>
          <gx:coord>120.13978295959532 30.255789002403617 10.0</gx:coord>
          <gx:coord>120.13995101675391 30.25564298965037 10.0</gx:coord>
          <gx:coord>120.140130976215 30.255527989938855 10.0</gx:coord>
          <gx:coord>120.14028796926141 30.255394969135523 11.0</gx:coord>
          <gx:coord>120.14044496230781 30.255266977474093 12.0</gx:coord>
          <gx:coord>120.14058804139495 30.25513102300465 11.0</gx:coord>
          <gx:coord>120.14073296450078 30.254990039393306 12.0</gx:coord>
          <gx:coord>120.14089498668909 30.254861963912845 12.0</gx:coord>
          <gx:coord>120.14100302942097 30.254755010828376 16.0</gx:coord>
          <gx:coord>120.14109598472714 30.254706982523203 16.0</gx:coord>
          <gx:coord>120.14122355729342 30.25462224148214 16.0</gx:coord>
          <gx:coord>120.14146964997053 30.254772026091814 18.0</gx:coord>
          <gx:coord>120.14162831939757 30.254892725497484 19.0</gx:coord>
          <gx:coord>120.14180174097419 30.25502390228212 19.0</gx:coord>
          <gx:coord>120.14195906929672 30.255136471241713 17.0</gx:coord>
          <gx:coord>120.14214590191841 30.255281561985612 18.0</gx:coord>
          <gx:coord>120.14220105484128 30.25535230524838 18.0</gx:coord>
          <gx:coord>120.14233952388167 30.255483482033014 19.0</gx:coord>
          <gx:coord>120.14249953441322 30.255638882517815 19.0</gx:coord>
          <gx:coord>120.14252375811338 30.255688754841685 19.0</gx:coord>
          <gx:coord>120.14263263903558 30.255809370428324 22.0</gx:coord>
          <gx:coord>120.14274830929935 30.255967117846012 22.0</gx:coord>
          <gx:coord>120.14284235425293 30.25608429685235 23.0</gx:coord>
          <gx:coord>120.14300496317446 30.256252018734813 22.0</gx:coord>
          <gx:coord>120.14303899370134 30.25629200041294 22.0</gx:coord>
          <gx:coord>120.14314703643322 30.256404988467693 22.0</gx:coord>
          <gx:coord>120.1432069670409 30.256517976522446 24.0</gx:coord>
          <gx:coord>120.14332397840917 30.256673963740468 24.0</gx:coord>
          <gx:coord>120.14334199950099 30.25669600814581 24.0</gx:coord>
          <gx:coord>120.14343998394907 30.256811007857323 25.0</gx:coord>
          <gx:coord>120.1435730047524 30.25697998702526 22.0</gx:coord>
          <gx:coord>120.14372798614204 30.257161958143115 23.0</gx:coord>
          <gx:coord>120.14387500472367 30.257351975888014 18.0</gx:coord>
          <gx:coord>120.14398296363652 30.25749002583325 21.0</gx:coord>
          <gx:coord>120.1441240310669 30.257669985294342 22.0</gx:coord>
          <gx:coord>120.14425797387958 30.25783703662455 22.0</gx:coord>
          <gx:coord>120.14439904130995 30.257995035499334 25.0</gx:coord>
          <gx:coord>120.14452996663749 30.258150016888976 25.0</gx:coord>
          <gx:coord>120.14467203989625 30.258300974965096 24.0</gx:coord>
          <gx:coord>120.14480497688055 30.258447993546724 24.0</gx:coord>
          <gx:coord>120.14492802321911 30.258603980764747 24.0</gx:coord>
          <gx:coord>120.14507303014398 30.25876298546791 21.0</gx:coord>
          <gx:coord>120.14520797878504 30.258906986564398 24.0</gx:coord>
          <gx:coord>120.14536497183144 30.259065991267562 22.0</gx:coord>
          <gx:coord>120.14549698680639 30.259237987920642 21.0</gx:coord>
          <gx:coord>120.14563000760972 30.259433034807444 22.0</gx:coord>
          <gx:coord>120.1457610167563 30.259601008147 21.0</gx:coord>
          <gx:coord>120.14589998871088 30.259763030335307 21.0</gx:coord>
          <gx:coord>120.14603996649384 30.25992002338171 21.0</gx:coord>
          <gx:coord>120.14618103392422 30.260063018649817 21.0</gx:coord>
          <gx:coord>120.14633299782872 30.260191010311246 20.0</gx:coord>
          <gx:coord>120.1464640069753 30.260332999750972 20.0</gx:coord>
          <gx:coord>120.14661001972854 30.26049602776766 18.0</gx:coord>
          <gx:coord>120.14674396254122 30.26064799167216 18.0</gx:coord>
          <gx:coord>120.14685804024339 30.260773971676826 18.0</gx:coord>
          <gx:coord>120.14697899110615 30.26093498803675 18.0</gx:coord>
          <gx:coord>120.14702400192618 30.26097496971488 15.0</gx:coord>
          <gx:coord>120.14718401245773 30.2611000277102 14.0</gx:coord>
          <gx:coord>120.1473099924624 30.261258026584983 15.0</gx:coord>
          <gx:coord>120.14737201854587 30.261313011869788 13.0</gx:coord>
          <gx:coord>120.14755298383534 30.26138400658965 13.0</gx:coord>
          <gx:coord>120.14766496606171 30.261439997702837 13.0</gx:coord>
          <gx:coord>120.14780502766371 30.261519039049745 13.0</gx:coord>
          <gx:coord>120.14783201739192 30.261690029874444 15.0</gx:coord>
          <gx:coord>120.14779186807573 30.26169380173087 15.0</gx:coord>
          <gx:coord>120.14774333685637 30.261713583022356 15.0</gx:coord>
          <gx:coord>120.14767586253583 30.2617269102484 15.0</gx:coord>
          <gx:coord>120.14760587364435 30.261780554428697 17.0</gx:coord>
          <gx:coord>120.14753093943 30.261818524450064 17.0</gx:coord>
          <gx:coord>120.14739976264536 30.261898320168257 17.0</gx:coord>
          <gx:coord>120.147211169824 30.26198398321867 19.0</gx:coord>
          <gx:coord>120.1470663305372 30.26202505454421 19.0</gx:coord>
          <gx:coord>120.14683708548546 30.262035196647048 19.0</gx:coord>
          <gx:coord>120.14669199474156 30.262015163898468 20.0</gx:coord>
          <gx:coord>120.14647029340267 30.261989515274763 21.0</gx:coord>
          <gx:coord>120.1463392842561 30.261988174170256 21.0</gx:coord>
          <gx:coord>120.14624800533056 30.26199077256024 22.0</gx:coord>
          <gx:coord>120.14623015187681 30.26198700070381 22.0</gx:coord>
          <gx:coord>120.14617667533457 30.26197819970548 22.0</gx:coord>
          <gx:coord>120.14616125263274 30.261985072866082 22.0</gx:coord>
          <gx:coord>120.14608665369451 30.2619824744761 22.0</gx:coord>
          <gx:coord>120.146006019786 30.261987671256065 22.0</gx:coord>
          <gx:coord>120.145971653983 30.26199915446341 21.0</gx:coord>
          <gx:coord>120.14590652659535 30.26201189495623 21.0</gx:coord>
          <gx:coord>120.1459058560431 30.262028742581606 21.0</gx:coord>
          <gx:coord>120.14591448940337 30.262092696502805 26.0</gx:coord>
          <gx:coord>120.14593603089452 30.262157572433352 26.0</gx:coord>
          <gx:coord>120.14590132981539 30.2622224483639 26.0</gx:coord>
          <gx:coord>120.14589755795896 30.26223611086607 26.0</gx:coord>
          <gx:coord>120.14589755795896 30.262244241312146 26.0</gx:coord>
          <gx:coord>120.1458937022835 30.26227039285004 26.0</gx:coord>
          <gx:coord>120.14587936922908 30.262287575751543 26.0</gx:coord>
          <gx:coord>120.14587299898267 30.262304758653045 26.0</gx:coord>
          <gx:coord>120.14586998149753 30.26231138035655 26.0</gx:coord>
          <gx:coord>120.14585732482374 30.262325210496783 26.0</gx:coord>
          <gx:coord>120.14585388824344 30.26233434677124 26.0</gx:coord>
          <gx:coord>120.1458487752825 30.262388745322824 29.0</gx:coord>
          <gx:coord>120.14585103839636 30.262425122782588 29.0</gx:coord>
          <gx:coord>120.14572857879102 30.26251464150846 29.0</gx:coord>
          <gx:coord>120.14559220522642 30.262546660378575 33.0</gx:coord>
          <gx:coord>120.14554409310222 30.262547247111797 33.0</gx:coord>
          <gx:coord>120.14536840841174 30.262511121109128 36.0</gx:coord>
          <gx:coord>120.14536689966917 30.262514390051365 36.0</gx:coord>
          <gx:coord>120.14535910449922 30.26251615025103 36.0</gx:coord>
          <gx:coord>120.14532499015331 30.262512965127826 36.0</gx:coord>
          <gx:coord>120.1452964078635 30.262506175786257 36.0</gx:coord>
          <gx:coord>120.14521879144013 30.26252151466906 36.0</gx:coord>
          <gx:coord>120.14520278200507 30.262509109452367 36.0</gx:coord>
          <gx:coord>120.14517185278237 30.262507684528828 36.0</gx:coord>
          <gx:coord>120.14510144479573 30.262501146644354 38.0</gx:coord>
          <gx:coord>120.14500186778605 30.262467619031668 38.0</gx:coord>
          <gx:coord>120.14487412758172 30.26245546527207 38.0</gx:coord>
          <gx:coord>120.14487203210592 30.262467032298446 38.0</gx:coord>
          <gx:coord>120.14484495855868 30.262482035905123 40.0</gx:coord>
          <gx:coord>120.14475703239441 30.26256199926138 40.0</gx:coord>
          <gx:coord>120.14475996606052 30.26262897066772 40.0</gx:coord>
          <gx:coord>120.14473901130259 30.26267498731613 39.0</gx:coord>
          <gx:coord>120.14470104128122 30.262761991471052 39.0</gx:coord>
          <gx:coord>120.14468503184617 30.26282301172614 39.0</gx:coord>
          <gx:coord>120.144644966349 30.26286299340427 39.0</gx:coord>
          <gx:coord>120.14463298022747 30.262880008667707 39.0</gx:coord>
          <gx:coord>120.14458402991295 30.262934993952513 38.0</gx:coord>
          <gx:coord>120.14454396441579 30.262962989509106 47.0</gx:coord>
          <gx:coord>120.1445120293647 30.262987967580557 47.0</gx:coord>
          <gx:coord>120.14449903741479 30.262998025864363 47.0</gx:coord>
          <gx:coord>120.14446903020144 30.26301797479391 47.0</gx:coord>
          <gx:coord>120.1444329880178 30.263044964522123 47.0</gx:coord>
          <gx:coord>120.14439401216805 30.263062985613942 47.0</gx:coord>
          <gx:coord>120.14437196776271 30.263073965907097 47.0</gx:coord>
          <gx:coord>120.14433701522648 30.263087041676044 47.0</gx:coord>
          <gx:coord>120.14429896138608 30.263096010312438 53.0</gx:coord>
          <gx:coord>120.14425797387958 30.26310296729207 53.0</gx:coord>
          <gx:coord>120.1442149747163 30.26310497894883 53.0</gx:coord>
          <gx:coord>120.1441739872098 30.26312400586903 53.0</gx:coord>
          <gx:coord>120.14414004050195 30.26314303278923 53.0</gx:coord>
          <gx:coord>120.14413098804653 30.26314496062696 53.0</gx:coord>
          <gx:coord>120.14411296695471 30.26314403861761 53.0</gx:coord>
          <gx:coord>120.14407902024686 30.26314202696085 53.0</gx:coord>
          <gx:coord>120.14404800720513 30.26314697228372 53.0</gx:coord>
          <gx:coord>120.14402998611331 30.263157030567527 53.0</gx:coord>
          <gx:coord>120.14401498250663 30.263157030567527 60.0</gx:coord>
          <gx:coord>120.14396301470697 30.26316801086068 60.0</gx:coord>
          <gx:coord>120.1439009886235 30.26319097727537 60.0</gx:coord>
          <gx:coord>120.14386402443051 30.263201035559177 63.0</gx:coord>
          <gx:coord>120.14385497197509 30.263201035559177 63.0</gx:coord>
          <gx:coord>120.14380099251866 30.26318502612412 60.0</gx:coord>
          <gx:coord>120.14378196559846 30.263158036395907 60.0</gx:coord>
          <gx:coord>120.14377098530531 30.263152001425624 60.0</gx:coord>
          <gx:coord>120.14376000501215 30.263155018910766 60.0</gx:coord>
          <gx:coord>120.14375397004187 30.26316398754716 60.0</gx:coord>
          <gx:coord>120.14373100362718 30.26318502612412 66.0</gx:coord>
          <gx:coord>120.14371499419212 30.263201035559177 65.0</gx:coord>
          <gx:coord>120.1437109708786 30.26320799253881 65.0</gx:coord>
          <gx:coord>120.14366302639246 30.263222996145487 65.0</gx:coord>
          <gx:coord>120.14362597838044 30.263224001973867 65.0</gx:coord>
          <gx:coord>120.14357996173203 30.263218972831964 65.0</gx:coord>
          <gx:coord>120.14353201724589 30.263212015852332 65.0</gx:coord>
          <gx:coord>120.14351299032569 30.263213021680713 65.0</gx:coord>
          <gx:coord>120.14349999837577 30.263213021680713 65.0</gx:coord>
          <gx:coord>120.14344702474773 30.263203969225287 65.0</gx:coord>
          <gx:coord>120.14342699199915 30.263198018074036 65.0</gx:coord>
          <gx:coord>120.14337200671434 30.26320698671043 65.0</gx:coord>
          <gx:coord>120.14333202503622 30.263255015015602 65.0</gx:coord>
          <gx:coord>120.14329698868096 30.26327596977353 65.0</gx:coord>
          <gx:coord>120.14326103031635 30.263298014178872 65.0</gx:coord>
          <gx:coord>120.1431840006262 30.263287033885717 65.0</gx:coord>
          <gx:coord>120.14316899701953 30.26327395811677 65.0</gx:coord>
          <gx:coord>120.14307503588498 30.263240011408925 65.0</gx:coord>
          <gx:coord>120.14293799176812 30.263200029730797 65.0</gx:coord>
          <gx:coord>120.14286900870502 30.263191983103752 71.0</gx:coord>
          <gx:coord>120.14266398735344 30.26314202696085 71.0</gx:coord>
          <gx:coord>120.14260699041188 30.263131968677044 70.0</gx:coord>
          <gx:coord>120.1425090059638 30.26310497894883 70.0</gx:coord>
          <gx:coord>120.14246600680053 30.263088969513774 70.0</gx:coord>
          <gx:coord>120.14244999736547 30.263092992827296 70.0</gx:coord>
          <gx:coord>120.14243197627366 30.26310397312045 70.0</gx:coord>
          <gx:coord>120.14238897711039 30.263114031404257 70.0</gx:coord>
          <gx:coord>120.14229501597583 30.26308100670576 73.0</gx:coord>
          <gx:coord>120.14228696934879 30.263083018362522 73.0</gx:coord>
          <gx:coord>120.14227900654078 30.263086035847664 73.0</gx:coord>
          <gx:coord>120.14228403568268 30.263083018362522 73.0</gx:coord>
          <gx:coord>120.1422449760139 30.263063991442323 73.0</gx:coord>
          <gx:coord>120.14221304096282 30.26306197978556 73.0</gx:coord>
          <gx:coord>120.14219895936549 30.2630599681288 73.0</gx:coord>
          <gx:coord>120.14218496158719 30.26305703446269 73.0</gx:coord>
          <gx:coord>120.14217196963727 30.26305602863431 73.0</gx:coord>
          <gx:coord>120.14216803014278 30.263042030856013 73.0</gx:coord>
          <gx:coord>120.14214397408068 30.263027027249336 73.0</gx:coord>
          <gx:coord>120.14211296103895 30.263026021420956 73.0</gx:coord>
          <gx:coord>120.14204196631908 30.26299500837922 74.0</gx:coord>
          <gx:coord>120.14199402183294 30.262976987287402 74.0</gx:coord>
          <gx:coord>120.14197901822627 30.26297396980226 74.0</gx:coord>
          <gx:coord>120.1419220212847 30.262958966195583 74.0</gx:coord>
          <gx:coord>120.14189301989973 30.26294899173081 74.0</gx:coord>
          <gx:coord>120.1418670359999 30.262935999780893 74.0</gx:coord>
          <gx:coord>120.14180199243128 30.2628889773041 77.0</gx:coord>
          <gx:coord>120.14179402962327 30.26288595981896 77.0</gx:coord>
          <gx:coord>120.1417790260166 30.262874979525805 77.0</gx:coord>
          <gx:coord>120.14176896773279 30.262870034202933 77.0</gx:coord>
          <gx:coord>120.14175698161125 30.26286399923265 77.0</gx:coord>
          <gx:coord>120.14173099771142 30.26284597814083 77.0</gx:coord>
          <gx:coord>120.14165204018354 30.262813959270716 77.0</gx:coord>
          <gx:coord>120.14163603074849 30.262805996462703 77.0</gx:coord>
          <gx:coord>120.14157601632178 30.262795016169548 77.0</gx:coord>
          <gx:coord>120.1413659658283 30.262746987864375 75.0</gx:coord>
          <gx:coord>120.14129295945168 30.262725027278066 75.0</gx:coord>
          <gx:coord>120.14110595919192 30.26269401423633 77.0</gx:coord>
          <gx:coord>120.14089599251747 30.26267498731613 75.0</gx:coord>
          <gx:coord>120.14069901779294 30.262610027566552 76.0</gx:coord>
          <gx:coord>120.14060899615288 30.262553030624986 77.0</gx:coord>
          <gx:coord>120.14050296507776 30.262485975399613 77.0</gx:coord>
          <gx:coord>120.14035200700164 30.262449011206627 83.0</gx:coord>
          <gx:coord>120.14017104171216 30.26236703619361 83.0</gx:coord>
          <gx:coord>120.14009904116392 30.262331999838352 89.0</gx:coord>
          <gx:coord>120.14003701508045 30.262297969311476 89.0</gx:coord>
          <gx:coord>120.13996803201735 30.26226301677525 89.0</gx:coord>
          <gx:coord>120.13993198983371 30.262228986248374 89.0</gx:coord>
          <gx:coord>120.13983400538564 30.262191016227007 93.0</gx:coord>
          <gx:coord>120.13974901288748 30.262168971821666 93.0</gx:coord>
          <gx:coord>120.13968296349049 30.262141982093453 93.0</gx:coord>
          <gx:coord>120.13958598487079 30.262083979323506 93.0</gx:coord>
          <gx:coord>120.13944902457297 30.26202497072518 83.0</gx:coord>
          <gx:coord>120.13941398821771 30.262011978775263 83.0</gx:coord>
          <gx:coord>120.13939001597464 30.2620099671185 83.0</gx:coord>
          <gx:coord>120.13935497961938 30.262010972946882 83.0</gx:coord>
          <gx:coord>120.13931902125478 30.26200602762401 83.0</gx:coord>
          <gx:coord>120.1392849907279 30.262008039280772 88.0</gx:coord>
          <gx:coord>120.13927903957665 30.26202597655356 88.0</gx:coord>
          <gx:coord>120.1392709929496 30.262037962675095 88.0</gx:coord>
          <gx:coord>120.13926403596997 30.26205196045339 88.0</gx:coord>
          <gx:coord>120.13926101848483 30.262077022343874 88.0</gx:coord>
          <gx:coord>120.1392519660294 30.262097977101803 105.0</gx:coord>
          <gx:coord>120.13924601487815 30.262121027335525 105.0</gx:coord>
          <gx:coord>120.13923796825111 30.26213896460831 105.0</gx:coord>
          <gx:coord>120.1392160076648 30.262147011235356 105.0</gx:coord>
          <gx:coord>120.13920896686614 30.262168971821666 105.0</gx:coord>
          <gx:coord>120.13919999822974 30.262185987085104 105.0</gx:coord>
          <gx:coord>120.13919396325946 30.26221700012684 105.0</gx:coord>
          <gx:coord>120.1391969807446 30.262233009561896 105.0</gx:coord>
          <gx:coord>120.13919496908784 30.26223996654153 105.0</gx:coord>
          <gx:coord>120.13919597491622 30.262277014553547 105.0</gx:coord>
          <gx:coord>120.13919304125011 30.262289000675082 105.0</gx:coord>
          <gx:coord>120.13918499462306 30.26230501011014 105.0</gx:coord>
          <gx:coord>120.1391829829663 30.262320013716817 105.0</gx:coord>
          <gx:coord>120.13917502015829 30.262364018708467 107.0</gx:coord>
          <gx:coord>120.13916898518801 30.262406012043357 107.0</gx:coord>
          <gx:coord>120.13917099684477 30.26243702508509 107.0</gx:coord>
          <gx:coord>120.13915599323809 30.26245596818626 107.0</gx:coord>
          <gx:coord>120.13914400711656 30.262472983449697 107.0</gx:coord>
          <gx:coord>120.1391330268234 30.26249502785504 107.0</gx:coord>
          <gx:coord>120.13912104070187 30.262529980391264 107.0</gx:coord>
          <gx:coord>120.13911098241806 30.262554958462715 107.0</gx:coord>
          <gx:coord>120.13910503126681 30.26256300508976 107.0</gx:coord>
          <gx:coord>120.13908499851823 30.262598041445017 107.0</gx:coord>
          <gx:coord>120.1390259899199 30.262612961232662 110.0</gx:coord>
          <gx:coord>120.13896396383643 30.262617990374565 110.0</gx:coord>
          <gx:coord>120.13888198882341 30.262616984546185 110.0</gx:coord>
          <gx:coord>120.13882901519537 30.262610027566552 110.0</gx:coord>
          <gx:coord>120.13881803490222 30.26262402534485 110.0</gx:coord>
          <gx:coord>120.13878400437534 30.262637017294765 110.0</gx:coord>
          <gx:coord>120.13874603435397 30.26265101507306 122.0</gx:coord>
          <gx:coord>120.1387339644134 30.262657972052693 122.0</gx:coord>
          <gx:coord>120.13869700022042 30.262683033943176 122.0</gx:coord>
          <gx:coord>120.13868702575564 30.26268999092281 122.0</gx:coord>
          <gx:coord>120.13865198940039 30.2627179864794 122.0</gx:coord>
          <gx:coord>120.1385820005089 30.262725027278066 122.0</gx:coord>
          <gx:coord>120.13850698247552 30.262743970379233 122.0</gx:coord>
          <gx:coord>120.13850002549589 30.26275302283466 122.0</gx:coord>
          <gx:coord>120.13848602771759 30.262752017006278 122.0</gx:coord>
          <gx:coord>120.13844998553395 30.26275503449142 121.0</gx:coord>
          <gx:coord>120.1383560243994 30.26276098564267 121.0</gx:coord>
          <gx:coord>120.13831101357937 30.262765008956194 121.0</gx:coord>
          <gx:coord>120.13828603550792 30.262766014784575 121.0</gx:coord>
          <gx:coord>120.13818696141243 30.262767020612955 120.0</gx:coord>
          <gx:coord>120.13803097419441 30.262746987864375 120.0</gx:coord>
          <gx:coord>120.1379759889096 30.262762997299433 120.0</gx:coord>
          <gx:coord>120.13792200945318 30.26278101839125 120.0</gx:coord>
          <gx:coord>120.1378380227834 30.262770038098097 121.0</gx:coord>
          <gx:coord>120.13769301585853 30.262743970379233 121.0</gx:coord>
          <gx:coord>120.13760701753199 30.262727960944176 117.0</gx:coord>
          <gx:coord>120.13757801614702 30.26273299008608 117.0</gx:coord>
          <gx:coord>120.13755697757006 30.262725027278066 117.0</gx:coord>
          <gx:coord>120.13753099367023 30.26271203532815 117.0</gx:coord>
          <gx:coord>120.13749302364886 30.262704994529486 117.0</gx:coord>
          <gx:coord>120.13747097924352 30.262706000357866 117.0</gx:coord>
          <gx:coord>120.13738598674536 30.26268999092281 117.0</gx:coord>
          <gx:coord>120.1373060233891 30.262637017294765 116.0</gx:coord>
          <gx:coord>120.13712598010898 30.262577002868056 116.0</gx:coord>
          <gx:coord>120.13696496374905 30.262486981227994 115.0</gx:coord>
          <gx:coord>120.13682004064322 30.26241498067975 115.0</gx:coord>
          <gx:coord>120.13667997904122 30.26232697069645 118.0</gx:coord>
          <gx:coord>120.13660496100783 30.262226974591613 118.0</gx:coord>
          <gx:coord>120.13660999014974 30.26215698570013 118.0</gx:coord>
          <gx:coord>120.13662298209965 30.262126978486776 118.0</gx:coord>
          <gx:coord>120.13662298209965 30.262085990980268 118.0</gx:coord>
          <gx:coord>120.13661803677678 30.262060007080436 121.0</gx:coord>
          <gx:coord>120.1366069726646 30.26202497072518 121.0</gx:coord>
          <gx:coord>120.13659900985658 30.262032011523843 121.0</gx:coord>
          <gx:coord>120.13661300763488 30.26198599487543 121.0</gx:coord>
          <gx:coord>120.13661501929164 30.261927992105484 121.0</gx:coord>
          <gx:coord>120.1366069726646 30.26189303956926 121.0</gx:coord>
          <gx:coord>120.13659398071468 30.26183101348579 121.0</gx:coord>
          <gx:coord>120.13652600347996 30.261697992682457 120.0</gx:coord>
          <gx:coord>120.13641703873873 30.261587016284466 120.0</gx:coord>
          <gx:coord>120.1364079862833 30.2615799754858 120.0</gx:coord>
          <gx:coord>120.13633296824992 30.261538987979293 120.0</gx:coord>
          <gx:coord>120.13614001683891 30.261431029066443 118.0</gx:coord>
          <gx:coord>120.13594396412373 30.261324997991323 114.0</gx:coord>
          <gx:coord>120.13576903380454 30.261217961087823 123.0</gx:coord>
          <gx:coord>120.13559997081757 30.261107990518212 125.0</gx:coord>
          <gx:coord>120.13550098054111 30.261093992739916 125.0</gx:coord>
          <gx:coord>120.13543400913477 30.261070020496845 125.0</gx:coord>
          <gx:coord>120.13523301109672 30.260979998856783 125.0</gx:coord>
          <gx:coord>120.13506897725165 30.260861981660128 128.0</gx:coord>
          <gx:coord>120.13490703888237 30.26071404106915 128.0</gx:coord>
          <gx:coord>120.13482900336385 30.2605439722538 122.0</gx:coord>
          <gx:coord>120.13480301946402 30.26049896143377 122.0</gx:coord>
          <gx:coord>120.13475901447237 30.26043701916933 122.0</gx:coord>
          <gx:coord>120.13472699560225 30.26039603166282 122.0</gx:coord>
          <gx:coord>120.13472598977387 30.260388990864158 122.0</gx:coord>
          <gx:coord>120.13470402918756 30.260366024449468 122.0</gx:coord>
          <gx:coord>120.13467603363097 30.260338028892875 122.0</gx:coord>
          <gx:coord>120.134647032246 30.260296035557985 122.0</gx:coord>
          <gx:coord>120.13446103781462 30.260183969512582 123.0</gx:coord>
          <gx:coord>120.13426900841296 30.260063018649817 129.0</gx:coord>
          <gx:coord>120.13411302119493 30.259925974532962 129.0</gx:coord>
          <gx:coord>120.13406599871814 30.25987702421844 129.0</gx:coord>
          <gx:coord>120.13406197540462 30.259840982034802 124.0</gx:coord>
          <gx:coord>120.134062981233 30.259797982871532 124.0</gx:coord>
          <gx:coord>120.13406599871814 30.259777028113604 124.0</gx:coord>
          <gx:coord>120.13405904173851 30.25975096039474 124.0</gx:coord>
          <gx:coord>120.13404998928308 30.259738974273205 124.0</gx:coord>
          <gx:coord>120.13403498567641 30.259721959009767 124.0</gx:coord>
          <gx:coord>120.13400296680629 30.259675020352006 127.0</gx:coord>
          <gx:coord>120.13397899456322 30.25964199565351 127.0</gx:coord>
          <gx:coord>120.13395301066339 30.259603019803762 127.0</gx:coord>
          <gx:coord>120.13392702676356 30.259546022862196 128.0</gx:coord>
          <gx:coord>120.13389299623668 30.259501012042165 128.0</gx:coord>
          <gx:coord>120.13386500068009 30.259473016485572 128.0</gx:coord>
          <gx:coord>120.13382602483034 30.259434962645173 128.0</gx:coord>
          <gx:coord>120.13376098126173 30.259353993460536 128.0</gx:coord>
          <gx:coord>120.1337209995836 30.25927998125553 112.0</gx:coord>
          <gx:coord>120.1336879748851 30.259203035384417 112.0</gx:coord>
          <gx:coord>120.13363097794354 30.25905702263117 112.0</gx:coord>
          <gx:coord>120.13353701680899 30.258875973522663 109.0</gx:coord>
          <gx:coord>120.13338899239898 30.258706994354725 101.0</gx:coord>
          <gx:coord>120.13336703181267 30.25867598131299 101.0</gx:coord>
          <gx:coord>120.1332719810307 30.258509013801813 101.0</gx:coord>
          <gx:coord>120.13317097909749 30.25830700993538 97.0</gx:coord>
          <gx:coord>120.13312102295458 30.258130989968777 97.0</gx:coord>
          <gx:coord>120.13310300186276 30.257930997759104 97.0</gx:coord>
          <gx:coord>120.13299403712153 30.25777199305594 98.0</gx:coord>
          <gx:coord>120.13296796940267 30.25770401582122 98.0</gx:coord>
          <gx:coord>120.13293704017997 30.25758096948266 96.0</gx:coord>
          <gx:coord>120.13294500298798 30.257563032209873 96.0</gx:coord>
          <gx:coord>120.13294500298798 30.257524978369474 96.0</gx:coord>
          <gx:coord>120.13293402269483 30.257506035268307 96.0</gx:coord>
          <gx:coord>120.13291700743139 30.25749497115612 96.0</gx:coord>
          <gx:coord>120.1329109724611 30.25749103166163 91.0</gx:coord>
          <gx:coord>120.13290602713823 30.257488014176488 91.0</gx:coord>
          <gx:coord>120.13290502130985 30.257481979206204 91.0</gx:coord>
          <gx:coord>120.13289303518832 30.257455995306373 91.0</gx:coord>
          <gx:coord>120.1328890118748 30.2574460208416 91.0</gx:coord>
          <gx:coord>120.13288398273289 30.257440991699696 91.0</gx:coord>
          <gx:coord>120.1328610163182 30.257422970607877 91.0</gx:coord>
          <gx:coord>120.13284903019667 30.257416013628244 91.0</gx:coord>
          <gx:coord>120.13283302076161 30.25740696117282 91.0</gx:coord>
          <gx:coord>120.1328229624778 30.257396986708045 91.0</gx:coord>
          <gx:coord>120.13281701132655 30.257390029728413 91.0</gx:coord>
          <gx:coord>120.13280301354825 30.257375026121736 91.0</gx:coord>
          <gx:coord>120.13279999606311 30.25736396200955 91.0</gx:coord>
          <gx:coord>120.13277501799166 30.257347030565143 92.0</gx:coord>
          <gx:coord>120.13276001438498 30.25733998976648 92.0</gx:coord>
          <gx:coord>120.13274098746479 30.257346024736762 92.0</gx:coord>
          <gx:coord>120.13272103853524 30.257347030565143 92.0</gx:coord>
          <gx:coord>120.13272196054459 30.257351975888014 92.0</gx:coord>
          <gx:coord>120.13270997442305 30.257350970059633 92.0</gx:coord>
          <gx:coord>120.13270796276629 30.257354993373156 92.0</gx:coord>
          <gx:coord>120.13270201161504 30.257353987544775 92.0</gx:coord>
          <gx:coord>120.13269798830152 30.257359016686678 92.0</gx:coord>
          <gx:coord>120.13268097303808 30.257357005029917 92.0</gx:coord>
          <gx:coord>120.13265498913825 30.257352981716394 92.0</gx:coord>
          <gx:coord>120.13263797387481 30.25736496783793 87.0</gx:coord>
          <gx:coord>120.13264199718833 30.25736002251506 92.0</gx:coord>
          <gx:coord>120.13261198997498 30.257359016686678 89.0</gx:coord>
          <gx:coord>120.13259296305478 30.257359016686678 89.0</gx:coord>
          <gx:coord>120.13256697915494 30.257349964231253 89.0</gx:coord>
          <gx:coord>120.13254602439702 30.257351975888014 89.0</gx:coord>
          <gx:coord>120.1325280033052 30.257347030565143 89.0</gx:coord>
          <gx:coord>120.13250696472824 30.25734401308 89.0</gx:coord>
          <gx:coord>120.13249103911221 30.257337978109717 89.0</gx:coord>
          <gx:coord>120.13247603550553 30.257332026958466 89.0</gx:coord>
          <gx:coord>120.13245197944343 30.25732297450304 89.0</gx:coord>
          <gx:coord>120.13243496417999 30.257315011695027 89.0</gx:coord>
          <gx:coord>120.13242398388684 30.257307970896363 89.0</gx:coord>
          <gx:coord>120.13240898028016 30.25730201974511 89.0</gx:coord>
          <gx:coord>120.1323789730668 30.257292967289686 89.0</gx:coord>
          <gx:coord>120.13236698694527 30.257287016138434 89.0</gx:coord>
          <gx:coord>120.13234603218734 30.25728098116815 83.0</gx:coord>
          <gx:coord>120.13233102858067 30.257262038066983 83.0</gx:coord>
          <gx:coord>120.13231803663075 30.25725499726832 83.0</gx:coord>
          <gx:coord>120.13229699805379 30.257239993661642 83.0</gx:coord>
          <gx:coord>120.13227595947683 30.257225995883346 83.0</gx:coord>
          <gx:coord>120.13224301859736 30.25719397701323 83.0</gx:coord>
          <gx:coord>120.13222801499069 30.25718903169036 83.0</gx:coord>
          <gx:coord>120.13220798224211 30.257184002548456 83.0</gx:coord>
          <gx:coord>120.13218903914094 30.257174028083682 83.0</gx:coord>
          <gx:coord>120.13217302970588 30.25717201642692 83.0</gx:coord>
          <gx:coord>120.13215199112892 30.2571730222553 83.0</gx:coord>
          <gx:coord>120.13211301527917 30.257163969799876 83.0</gx:coord>
          <gx:coord>120.13203104026616 30.257142009213567 73.0</gx:coord>
          <gx:coord>120.13199298642576 30.257135974243283 73.0</gx:coord>
          <gx:coord>120.13196599669755 30.257133962586522 73.0</gx:coord>
          <gx:coord>120.13194403611124 30.257133962586522 73.0</gx:coord>
          <gx:coord>120.1319130230695 30.257133040577173 73.0</gx:coord>
          <gx:coord>120.13186801224947 30.25715097784996 73.0</gx:coord>
          <gx:coord>120.1318250130862 30.257159024477005 73.0</gx:coord>
          <gx:coord>120.13182098977268 30.257177967578173 73.0</gx:coord>
          <gx:coord>120.131805986166 30.257184002548456 73.0</gx:coord>
          <gx:coord>120.13177396729589 30.257185008376837 62.0</gx:coord>
          <gx:coord>120.13175804167986 30.257185008376837 62.0</gx:coord>
          <gx:coord>120.1317420322448 30.257185008376837 62.0</gx:coord>
          <gx:coord>120.1317280344665 30.257182996720076 62.0</gx:coord>
          <gx:coord>120.1317230053246 30.25719196535647 62.0</gx:coord>
          <gx:coord>120.1317179761827 30.257201017811894 62.0</gx:coord>
          <gx:coord>120.13171495869756 30.257209986448288 62.0</gx:coord>
          <gx:coord>120.1317090075463 30.257240999490023 62.0</gx:coord>
          <gx:coord>120.13168897479773 30.257248962298036 62.0</gx:coord>
          <gx:coord>120.13168000616133 30.257251979783177 62.0</gx:coord>
          <gx:coord>120.13166198506951 30.257261032238603 62.0</gx:coord>
          <gx:coord>120.13160699978471 30.257273018360138 62.0</gx:coord>
          <gx:coord>120.13156400062144 30.257287016138434 62.0</gx:coord>
          <gx:coord>120.13150197453797 30.25729699060321 53.0</gx:coord>
          <gx:coord>120.1314500067383 30.25729699060321 53.0</gx:coord>
          <gx:coord>120.1314090192318 30.257305959239602 53.0</gx:coord>
          <gx:coord>120.13134196400642 30.257304031401873 53.0</gx:coord>
          <gx:coord>120.13124699704349 30.25729699060321 44.0</gx:coord>
          <gx:coord>120.13112302869558 30.25727402418852 44.0</gx:coord>
          <gx:coord>120.13102998957038 30.25719397701323 44.0</gx:coord>
          <gx:coord>120.13100501149893 30.257163969799876 44.0</gx:coord>
          <gx:coord>120.13096100650728 30.25706104002893 41.0</gx:coord>
          <gx:coord>120.13083603233099 30.256921984255314 41.0</gx:coord>
          <gx:coord>120.13083703815937 30.25691200979054 41.0</gx:coord>
          <gx:coord>120.13073402456939 30.256855012848973 41.0</gx:coord>
          <gx:coord>120.13060502707958 30.256730960682034 41.0</gx:coord>
          <gx:coord>120.13060301542282 30.25671998038888 41.0</gx:coord>
          <gx:coord>120.13052699156106 30.25665602646768 41.0</gx:coord>
          <gx:coord>120.13049396686256 30.256630964577198 41.0</gx:coord>
          <gx:coord>120.13043998740613 30.256535997614264 41.0</gx:coord>
          <gx:coord>120.130400005728 30.256391996517777 38.0</gx:coord>
          <gx:coord>120.13036496937275 30.25628998875618 38.0</gx:coord>
          <gx:coord>120.13025499880314 30.256126038730145 39.0</gx:coord>
          <gx:coord>120.13006900437176 30.25594901293516 33.0</gx:coord>
          <gx:coord>120.12999398633838 30.255864020437002 33.0</gx:coord>
          <gx:coord>120.12983900494874 30.255727982148528 30.0</gx:coord>
          <gx:coord>120.12972199358046 30.255543999373913 29.0</gx:coord>
          <gx:coord>120.12957497499883 30.255413996055722 26.0</gx:coord>
          <gx:coord>120.12940800748765 30.255266977474093 26.0</gx:coord>
          <gx:coord>120.12925202026963 30.25515398941934 26.0</gx:coord>
          <gx:coord>120.1290830411017 30.255009988322854 25.0</gx:coord>
          <gx:coord>120.12894197367132 30.25485198944807 25.0</gx:coord>
          <gx:coord>120.12884600088 30.25465996004641 25.0</gx:coord>
          <gx:coord>120.12881398200989 30.254544038325548 27.0</gx:coord>
          <gx:coord>120.12879998423159 30.25442400947213 27.0</gx:coord>
          <gx:coord>120.12878196313977 30.25437497533858 27.0</gx:coord>
          <gx:coord>120.1287220325321 30.254368018358946 27.0</gx:coord>
          <gx:coord>120.12858498841524 30.254368018358946 27.0</gx:coord>
          <gx:coord>120.1283969823271 30.25440196506679 26.0</gx:coord>
          <gx:coord>120.12820000760257 30.25438000448048 26.0</gx:coord>
          <gx:coord>120.12811996042728 30.254413029178977 27.0</gx:coord>
          <gx:coord>120.1280880253762 30.254425015300512 27.0</gx:coord>
          <gx:coord>120.12804502621293 30.254431972280145 27.0</gx:coord>
          <gx:coord>120.12800697237253 30.254429960623384 27.0</gx:coord>
          <gx:coord>120.12795098125935 30.25442300364375 27.0</gx:coord>
          <gx:coord>120.1278570201248 30.254453010857105 26.0</gx:coord>
          <gx:coord>120.12780002318323 30.254433983936906 26.0</gx:coord>
          <gx:coord>120.12774897739291 30.254415962845087 26.0</gx:coord>
          <gx:coord>120.12764596380293 30.25442199781537 26.0</gx:coord>
          <gx:coord>120.12756801210344 30.254425015300512 26.0</gx:coord>
          <gx:coord>120.12733197771013 30.25444203056395 26.0</gx:coord>
          <gx:coord>120.12727104127407 30.254476983100176 26.0</gx:coord>
          <gx:coord>120.12704900465906 30.254520988091826 24.0</gx:coord>
          <gx:coord>120.12686301022768 30.254599023610353 28.0</gx:coord>
          <gx:coord>120.1267599966377 30.254610003903508 24.0</gx:coord>
          <gx:coord>120.12656000442803 30.254710000008345 24.0</gx:coord>
          <gx:coord>120.12640703469515 30.254813013598323 22.0</gx:coord>
          <gx:coord>120.12622699141502 30.254931030794978 20.0</gx:coord>
          <gx:coord>120.12610998004675 30.254984004423022 20.0</gx:coord>
          <gx:coord>120.12589699588716 30.255006970837712 21.0</gx:coord>
          <gx:coord>120.12585600838065 30.255004037171602 21.0</gx:coord>
          <gx:coord>120.1257789786905 30.254994984716177 21.0</gx:coord>
          <gx:coord>120.12571795843542 30.255015017464757 21.0</gx:coord>
          <gx:coord>120.12570396065712 30.255033960565925 21.0</gx:coord>
          <gx:coord>120.12567697092891 30.255090035498142 23.0</gx:coord>
          <gx:coord>120.12567202560604 30.25512699969113 23.0</gx:coord>
          <gx:coord>120.12564696371555 30.255159018561244 26.0</gx:coord>
          <gx:coord>120.12561796233058 30.255187014117837 26.0</gx:coord>
          <gx:coord>120.1255720295012 30.25519397109747 26.0</gx:coord>
          <gx:coord>120.12552601285279 30.2551750279963 26.0</gx:coord>
          <gx:coord>120.12551796622574 30.255123982205987 23.0</gx:coord>
          <gx:coord>120.1254509948194 30.25514703243971 26.0</gx:coord>
          <gx:coord>120.12541897594929 30.255161030218005 26.0</gx:coord>
          <gx:coord>120.12536197900772 30.2551750279963 25.0</gx:coord>
          <gx:coord>120.12532501481473 30.25519296526909 25.0</gx:coord>
          <gx:coord>120.1252660062164 30.25519598275423 25.0</gx:coord>
          <gx:coord>120.125219989568 30.255200006067753 25.0</gx:coord>
          <gx:coord>120.12519299983978 30.255211992189288 25.0</gx:coord>
          <gx:coord>120.12515796348453 30.25521601550281 25.0</gx:coord>
          <gx:coord>120.12512602843344 30.255219032987952 24.0</gx:coord>
          <gx:coord>120.12509996071458 30.25522096082568 24.0</gx:coord>
          <gx:coord>120.1250680256635 30.255219032987952 24.0</gx:coord>
          <gx:coord>120.12504103593528 30.255226995795965 24.0</gx:coord>
          <gx:coord>120.12499703094363 30.255223978310823 24.0</gx:coord>
          <gx:coord>120.12496501207352 30.255224984139204 24.0</gx:coord>
          <gx:coord>120.12493399903178 30.255223978310823 24.0</gx:coord>
          <gx:coord>120.1248999685049 30.2552389819175 24.0</gx:coord>
          <gx:coord>120.12486501596868 30.255244011059403 24.0</gx:coord>
          <gx:coord>120.12482000514865 30.255241999402642 22.0</gx:coord>
          <gx:coord>120.12476803734899 30.25526002049446 22.0</gx:coord>
          <gx:coord>120.12470399960876 30.255264965817332 22.0</gx:coord>
          <gx:coord>120.12465303763747 30.255266977474093 22.0</gx:coord>
          <gx:coord>120.12456201016903 30.25527804158628 21.0</gx:coord>
          <gx:coord>120.12447802349925 30.25527602992952 21.0</gx:coord>
          <gx:coord>120.12443502433598 30.25528298690915 21.0</gx:coord>
          <gx:coord>120.12437299825251 30.255296984687448 21.0</gx:coord>
          <gx:coord>120.1242630276829 30.25527996942401 21.0</gx:coord>
          <gx:coord>120.12419898994267 30.25527804158628 21.0</gx:coord>
          <gx:coord>120.12407200410962 30.25528198108077 21.0</gx:coord>
          <gx:coord>120.12401601299644 30.255288016051054 22.0</gx:coord>
          <gx:coord>120.1237310282886 30.255293967202306 22.0</gx:coord>
          <gx:coord>120.12357797473669 30.255291033536196 22.0</gx:coord>
          <gx:coord>120.12351896613836 30.255292961373925 22.0</gx:coord>
          <gx:coord>120.12343799695373 30.255312994122505 19.0</gx:coord>
          <gx:coord>120.12332199141383 30.255330009385943 19.0</gx:coord>
          <gx:coord>120.12308101169765 30.255361022427678 18.0</gx:coord>
          <gx:coord>120.1228469889611 30.255372002720833 18.0</gx:coord>
          <gx:coord>120.12269401922822 30.255421958863735 19.0</gx:coord>
          <gx:coord>120.12261196039617 30.25542799383402 21.0</gx:coord>
          <gx:coord>120.12258396483958 30.255421958863735 21.0</gx:coord>
          <gx:coord>120.12244096957147 30.255439979955554 21.0</gx:coord>
          <gx:coord>120.12234399095178 30.255421958863735 23.0</gx:coord>
          <gx:coord>120.1221529673785 30.25549102574587 23.0</gx:coord>
          <gx:coord>120.12194400653243 30.255543999373913 22.0</gx:coord>
          <gx:coord>120.12184702791274 30.255594961345196 22.0</gx:coord>
          <gx:coord>120.12172096408904 30.255635026842356 19.0</gx:coord>
          <gx:coord>120.12166396714747 30.255652964115143 19.0</gx:coord>
          <gx:coord>120.1215760409832 30.25571096688509 20.0</gx:coord>
          <gx:coord>120.12140597216785 30.255766035988927 18.0</gx:coord>
          <gx:coord>120.12135199271142 30.255806017667055 18.0</gx:coord>
          <gx:coord>120.12129901908338 30.255811968818307 18.0</gx:coord>
          <gx:coord>120.12114303186536 30.255888998508453 20.0</gx:coord>
          <gx:coord>120.12111101299524 30.25590500794351 20.0</gx:coord>
          <gx:coord>120.12105703353882 30.255911964923143 20.0</gx:coord>
          <gx:coord>120.12099500745535 30.255939960479736 20.0</gx:coord>
          <gx:coord>120.1209230069071 30.255963010713458 21.0</gx:coord>
          <gx:coord>120.12071899138391 30.25601296685636 24.0</gx:coord>
          <gx:coord>120.12059703469276 30.2560299821198 27.0</gx:coord>
          <gx:coord>120.12051103636622 30.25605596601963 27.0</gx:coord>
          <gx:coord>120.12029604054987 30.256083039566875 27.0</gx:coord>
          <gx:coord>120.1201650314033 30.25609401986003 27.0</gx:coord>
          <gx:coord>120.12010300531983 30.2562889829278 25.0</gx:coord>
          <gx:coord>120.1200529653579 30.25635696016252 25.0</gx:coord>
          <gx:coord>120.11998599395156 30.256491992622614 25.0</gx:coord>
          <gx:coord>120.11994198895991 30.25671503506601 26.0</gx:coord>
          <gx:coord>120.11989102698863 30.25689298287034 24.0</gx:coord>
          <gx:coord>120.11983403004706 30.257089035585523 26.0</gx:coord>
          <gx:coord>120.11979597620666 30.2572750300169 26.0</gx:coord>
          <gx:coord>120.11976697482169 30.257455995306373 27.0</gx:coord>
          <gx:coord>120.11975297704339 30.257544005289674 27.0</gx:coord>
          <gx:coord>120.11970997788012 30.25772999972105 27.0</gx:coord>
          <gx:coord>120.1196969859302 30.257809963077307 27.0</gx:coord>
          <gx:coord>120.11970997788012 30.257870983332396 27.0</gx:coord>
          <gx:coord>120.1196969859302 30.258063012734056 30.0</gx:coord>
          <gx:coord>120.1196969859302 30.258207013830543 26.0</gx:coord>
          <gx:coord>120.11967603117228 30.258389990776777 26.0</gx:coord>
          <gx:coord>120.119633032009 30.258598029613495 25.0</gx:coord>
          <gx:coord>120.1196140050888 30.258790981024504 24.0</gx:coord>
          <gx:coord>120.11961501091719 30.2589120157063 24.0</gx:coord>
          <gx:coord>120.11961702257395 30.25912600569427 23.0</gx:coord>
          <gx:coord>120.1196229737252 30.25916900485754 23.0</gx:coord>
          <gx:coord>120.11963495984674 30.25935801677406 16.0</gx:coord>
          <gx:coord>120.11965901590884 30.259520038962364 16.0</gx:coord>
          <gx:coord>120.11969103477895 30.259689018130302 13.0</gx:coord>
          <gx:coord>120.11978298425674 30.2598790358752 12.0</gx:coord>
          <gx:coord>120.1197849959135 30.260024964809418 12.0</gx:coord>
          <gx:coord>120.11970997788012 30.260060001164675 12.0</gx:coord>
          <gx:coord>120.11965801008046 30.26011004112661 12.0</gx:coord>
          <gx:coord>120.11946899816394 30.26020299643278 15.0</gx:coord>
          <gx:coord>120.1192860212177 30.260230991989374 15.0</gx:coord>
          <gx:coord>120.11920203454792 30.260249013081193 15.0</gx:coord>
          <gx:coord>120.11913196183741 30.260279020294547 15.0</gx:coord>
          <gx:coord>120.11917303316295 30.260296035557985 15.0</gx:coord>
          <gx:coord>120.11929197236896 30.260300980880857 15.0</gx:coord>
          <gx:coord>120.11949699372053 30.26033199392259 15.0</gx:coord>
          <gx:coord>120.11969103477895 30.260399971157312 15.0</gx:coord>
          <gx:coord>120.11973403394222 30.260441964492202 16.0</gx:coord>
          <gx:coord>120.11979103088379 30.26060901582241 16.0</gx:coord>
          <gx:coord>120.11987702921033 30.260829040780663 16.0</gx:coord>
          <gx:coord>120.11990896426141 30.2609100099653 16.0</gx:coord>
          <when>1970-01-07T22:51:40Z</when>
          <when>1970-01-07T22:51:55Z</when>
          <when>1970-01-07T22:51:57Z</when>
          <when>1970-01-07T22:51:58Z</when>
          <when>1970-01-07T22:52:01Z</when>
          <when>1970-01-07T22:52:14Z</when>
          <when>1970-01-07T22:52:23Z</when>
          <when>1970-01-07T22:52:32Z</when>
          <when>1970-01-07T22:52:36Z</when>
          <when>1970-01-07T22:52:47Z</when>
          <when>1970-01-07T22:52:56Z</when>
          <when>1970-01-07T22:53:01Z</when>
          <when>1970-01-07T22:53:08Z</when>
          <when>1970-01-07T22:53:17Z</when>
          <when>1970-01-07T22:53:22Z</when>
          <when>1970-01-07T22:53:32Z</when>
          <when>1970-01-07T22:53:41Z</when>
          <when>1970-01-07T22:53:42Z</when>
          <when>1970-01-07T22:53:51Z</when>
          <when>1970-01-07T22:53:59Z</when>
          <when>1970-01-07T22:54:08Z</when>
          <when>1970-01-07T22:54:17Z</when>
          <when>1970-01-07T22:54:26Z</when>
          <when>1970-01-07T22:54:29Z</when>
          <when>1970-01-07T22:54:41Z</when>
          <when>1970-01-07T22:54:43Z</when>
          <when>1970-01-07T22:54:52Z</when>
          <when>1970-01-07T22:54:53Z</when>
          <when>1970-01-07T22:55:01Z</when>
          <when>1970-01-07T22:55:08Z</when>
          <when>1970-01-07T22:55:17Z</when>
          <when>1970-01-07T22:55:18Z</when>
          <when>1970-01-07T22:55:26Z</when>
          <when>1970-01-07T22:55:34Z</when>
          <when>1970-01-07T22:55:36Z</when>
          <when>1970-01-07T22:55:45Z</when>
          <when>1970-01-07T22:55:52Z</when>
          <when>1970-01-07T22:55:59Z</when>
          <when>1970-01-07T22:56:07Z</when>
          <when>1970-01-07T22:56:12Z</when>
          <when>1970-01-07T22:56:15Z</when>
          <when>1970-01-07T22:56:17Z</when>
          <when>1970-01-07T22:56:21Z</when>
          <when>1970-01-07T22:56:24Z</when>
          <when>1970-01-07T22:56:27Z</when>
          <when>1970-01-07T22:56:28Z</when>
          <when>1970-01-07T22:56:32Z</when>
          <when>1970-01-07T22:56:37Z</when>
          <when>1970-01-07T22:56:46Z</when>
          <when>1970-01-07T22:56:55Z</when>
          <when>1970-01-07T22:57:02Z</when>
          <when>1970-01-07T22:57:11Z</when>
          <when>1970-01-07T22:57:20Z</when>
          <when>1970-01-07T22:57:22Z</when>
          <when>1970-01-07T22:57:23Z</when>
          <when>1970-01-07T22:57:27Z</when>
          <when>1970-01-07T22:57:29Z</when>
          <when>1970-01-07T22:57:37Z</when>
          <when>1970-01-07T22:57:49Z</when>
          <when>1970-01-07T22:57:54Z</when>
          <when>1970-01-07T22:57:55Z</when>
          <when>1970-01-07T22:57:58Z</when>
          <when>1970-01-07T22:58:09Z</when>
          <when>1970-01-07T22:58:14Z</when>
          <when>1970-01-07T22:58:15Z</when>
          <when>1970-01-07T22:58:19Z</when>
          <when>1970-01-07T22:58:29Z</when>
          <when>1970-01-07T22:58:30Z</when>
          <when>1970-01-07T22:58:31Z</when>
          <when>1970-01-07T22:58:34Z</when>
          <when>1970-01-07T22:58:38Z</when>
          <when>1970-01-07T22:58:42Z</when>
          <when>1970-01-07T22:58:45Z</when>
          <when>1970-01-07T22:58:50Z</when>
          <when>1970-01-07T22:58:51Z</when>
          <when>1970-01-07T22:58:55Z</when>
          <when>1970-01-07T22:58:56Z</when>
          <when>1970-01-07T22:59:00Z</when>
          <when>1970-01-07T22:59:03Z</when>
          <when>1970-01-07T22:59:07Z</when>
          <when>1970-01-07T22:59:10Z</when>
          <when>1970-01-07T22:59:12Z</when>
          <when>1970-01-07T22:59:14Z</when>
          <when>1970-01-07T22:59:17Z</when>
          <when>1970-01-07T22:59:20Z</when>
          <when>1970-01-07T22:59:25Z</when>
          <when>1970-01-07T22:59:28Z</when>
          <when>1970-01-07T22:59:34Z</when>
          <when>1970-01-07T22:59:35Z</when>
          <when>1970-01-07T22:59:38Z</when>
          <when>1970-01-07T22:59:40Z</when>
          <when>1970-01-07T22:59:42Z</when>
          <when>1970-01-07T22:59:44Z</when>
          <when>1970-01-07T22:59:46Z</when>
          <when>1970-01-07T22:59:48Z</when>
          <when>1970-01-07T22:59:50Z</when>
          <when>1970-01-07T22:59:52Z</when>
          <when>1970-01-07T22:59:55Z</when>
          <when>1970-01-07T22:59:56Z</when>
          <when>1970-01-07T22:59:59Z</when>
          <when>1970-01-07T23:00:01Z</when>
          <when>1970-01-07T23:00:03Z</when>
          <when>1970-01-07T23:00:04Z</when>
          <when>1970-01-07T23:00:08Z</when>
          <when>1970-01-07T23:00:13Z</when>
          <when>1970-01-07T23:00:16Z</when>
          <when>1970-01-07T23:00:18Z</when>
          <when>1970-01-07T23:00:22Z</when>
          <when>1970-01-07T23:00:24Z</when>
          <when>1970-01-07T23:00:29Z</when>
          <when>1970-01-07T23:00:39Z</when>
          <when>1970-01-07T23:00:47Z</when>
          <when>1970-01-07T23:00:50Z</when>
          <when>1970-01-07T23:00:51Z</when>
          <when>1970-01-07T23:00:54Z</when>
          <when>1970-01-07T23:01:00Z</when>
          <when>1970-01-07T23:01:05Z</when>
          <when>1970-01-07T23:01:12Z</when>
          <when>1970-01-07T23:01:21Z</when>
          <when>1970-01-07T23:01:26Z</when>
          <when>1970-01-07T23:01:35Z</when>
          <when>1970-01-07T23:01:40Z</when>
          <when>1970-01-07T23:01:42Z</when>
          <when>1970-01-07T23:01:53Z</when>
          <when>1970-01-07T23:01:56Z</when>
          <when>1970-01-07T23:02:02Z</when>
          <when>1970-01-07T23:02:04Z</when>
          <when>1970-01-07T23:02:11Z</when>
          <when>1970-01-07T23:02:13Z</when>
          <when>1970-01-07T23:02:16Z</when>
          <when>1970-01-07T23:02:17Z</when>
          <when>1970-01-07T23:02:18Z</when>
          <when>1970-01-07T23:02:25Z</when>
          <when>1970-01-07T23:02:28Z</when>
          <when>1970-01-07T23:02:31Z</when>
          <when>1970-01-07T23:02:32Z</when>
          <when>1970-01-07T23:02:36Z</when>
          <when>1970-01-07T23:02:37Z</when>
          <when>1970-01-07T23:02:40Z</when>
          <when>1970-01-07T23:02:43Z</when>
          <when>1970-01-07T23:02:45Z</when>
          <when>1970-01-07T23:02:49Z</when>
          <when>1970-01-07T23:02:51Z</when>
          <when>1970-01-07T23:02:55Z</when>
          <when>1970-01-07T23:02:58Z</when>
          <when>1970-01-07T23:02:59Z</when>
          <when>1970-01-07T23:03:02Z</when>
          <when>1970-01-07T23:03:04Z</when>
          <when>1970-01-07T23:03:06Z</when>
          <when>1970-01-07T23:03:09Z</when>
          <when>1970-01-07T23:03:14Z</when>
          <when>1970-01-07T23:03:15Z</when>
          <when>1970-01-07T23:03:19Z</when>
          <when>1970-01-07T23:03:22Z</when>
          <when>1970-01-07T23:03:23Z</when>
          <when>1970-01-07T23:03:26Z</when>
          <when>1970-01-07T23:03:28Z</when>
          <when>1970-01-07T23:03:30Z</when>
          <when>1970-01-07T23:03:32Z</when>
          <when>1970-01-07T23:03:36Z</when>
          <when>1970-01-07T23:03:40Z</when>
          <when>1970-01-07T23:03:43Z</when>
          <when>1970-01-07T23:03:47Z</when>
          <when>1970-01-07T23:03:52Z</when>
          <when>1970-01-07T23:03:56Z</when>
          <when>1970-01-07T23:04:00Z</when>
          <when>1970-01-07T23:04:01Z</when>
          <when>1970-01-07T23:04:06Z</when>
          <when>1970-01-07T23:04:10Z</when>
          <when>1970-01-07T23:04:14Z</when>
          <when>1970-01-07T23:04:18Z</when>
          <when>1970-01-07T23:04:24Z</when>
          <when>1970-01-07T23:04:28Z</when>
          <when>1970-01-07T23:04:32Z</when>
          <when>1970-01-07T23:04:37Z</when>
          <when>1970-01-07T23:04:41Z</when>
          <when>1970-01-07T23:04:46Z</when>
          <when>1970-01-07T23:04:51Z</when>
          <when>1970-01-07T23:04:55Z</when>
          <when>1970-01-07T23:04:56Z</when>
          <when>1970-01-07T23:04:58Z</when>
          <when>1970-01-07T23:05:01Z</when>
          <when>1970-01-07T23:05:05Z</when>
          <when>1970-01-07T23:05:10Z</when>
          <when>1970-01-07T23:05:15Z</when>
          <when>1970-01-07T23:05:20Z</when>
          <when>1970-01-07T23:05:25Z</when>
          <when>1970-01-07T23:05:29Z</when>
          <when>1970-01-07T23:05:34Z</when>
          <when>1970-01-07T23:05:40Z</when>
          <when>1970-01-07T23:05:44Z</when>
          <when>1970-01-07T23:05:50Z</when>
          <when>1970-01-07T23:05:55Z</when>
          <when>1970-01-07T23:06:00Z</when>
          <when>1970-01-07T23:06:04Z</when>
          <when>1970-01-07T23:06:09Z</when>
          <when>1970-01-07T23:06:13Z</when>
          <when>1970-01-07T23:06:18Z</when>
          <when>1970-01-07T23:06:22Z</when>
          <when>1970-01-07T23:06:26Z</when>
          <when>1970-01-07T23:06:30Z</when>
          <when>1970-01-07T23:06:35Z</when>
          <when>1970-01-07T23:06:39Z</when>
          <when>1970-01-07T23:06:44Z</when>
          <when>1970-01-07T23:06:49Z</when>
          <when>1970-01-07T23:06:53Z</when>
          <when>1970-01-07T23:06:56Z</when>
          <when>1970-01-07T23:07:01Z</when>
          <when>1970-01-07T23:07:05Z</when>
          <when>1970-01-07T23:07:09Z</when>
          <when>1970-01-07T23:07:13Z</when>
          <when>1970-01-07T23:07:19Z</when>
          <when>1970-01-07T23:07:22Z</when>
          <when>1970-01-07T23:07:25Z</when>
          <when>1970-01-07T23:07:30Z</when>
          <when>1970-01-07T23:07:35Z</when>
          <when>1970-01-07T23:07:39Z</when>
          <when>1970-01-07T23:07:43Z</when>
          <when>1970-01-07T23:07:48Z</when>
          <when>1970-01-07T23:07:51Z</when>
          <when>1970-01-07T23:07:52Z</when>
          <when>1970-01-07T23:07:55Z</when>
          <when>1970-01-07T23:07:57Z</when>
          <when>1970-01-07T23:07:58Z</when>
          <when>1970-01-07T23:08:01Z</when>
          <when>1970-01-07T23:08:06Z</when>
          <when>1970-01-07T23:08:13Z</when>
          <when>1970-01-07T23:08:16Z</when>
          <when>1970-01-07T23:08:21Z</when>
          <when>1970-01-07T23:08:25Z</when>
          <when>1970-01-07T23:08:29Z</when>
          <when>1970-01-07T23:08:34Z</when>
          <when>1970-01-07T23:08:39Z</when>
          <when>1970-01-07T23:08:44Z</when>
          <when>1970-01-07T23:08:50Z</when>
          <when>1970-01-07T23:08:56Z</when>
          <when>1970-01-07T23:09:00Z</when>
          <when>1970-01-07T23:09:06Z</when>
          <when>1970-01-07T23:09:09Z</when>
          <when>1970-01-07T23:09:14Z</when>
          <when>1970-01-07T23:09:19Z</when>
          <when>1970-01-07T23:09:23Z</when>
          <when>1970-01-07T23:09:54Z</when>
          <when>1970-01-07T23:10:09Z</when>
          <when>1970-01-07T23:10:13Z</when>
          <when>1970-01-07T23:10:18Z</when>
          <when>1970-01-07T23:10:22Z</when>
          <when>1970-01-07T23:10:26Z</when>
          <when>1970-01-07T23:10:30Z</when>
          <when>1970-01-07T23:10:33Z</when>
          <when>1970-01-07T23:10:36Z</when>
          <when>1970-01-07T23:10:38Z</when>
          <when>1970-01-07T23:10:39Z</when>
          <when>1970-01-07T23:10:41Z</when>
          <when>1970-01-07T23:10:43Z</when>
          <when>1970-01-07T23:10:44Z</when>
          <when>1970-01-07T23:10:45Z</when>
          <when>1970-01-07T23:10:49Z</when>
          <when>1970-01-07T23:10:51Z</when>
          <when>1970-01-07T23:10:52Z</when>
          <when>1970-01-07T23:10:54Z</when>
          <when>1970-01-07T23:10:55Z</when>
          <when>1970-01-07T23:10:58Z</when>
          <when>1970-01-07T23:11:01Z</when>
          <when>1970-01-07T23:11:02Z</when>
          <when>1970-01-07T23:11:04Z</when>
          <when>1970-01-07T23:11:05Z</when>
          <when>1970-01-07T23:11:08Z</when>
          <when>1970-01-07T23:11:10Z</when>
          <when>1970-01-07T23:11:11Z</when>
          <when>1970-01-07T23:11:14Z</when>
          <when>1970-01-07T23:11:18Z</when>
          <when>1970-01-07T23:11:20Z</when>
          <when>1970-01-07T23:11:24Z</when>
          <when>1970-01-07T23:11:27Z</when>
          <when>1970-01-07T23:11:28Z</when>
          <when>1970-01-07T23:11:30Z</when>
          <when>1970-01-07T23:11:32Z</when>
          <when>1970-01-07T23:11:34Z</when>
          <when>1970-01-07T23:11:36Z</when>
          <when>1970-01-07T23:11:43Z</when>
          <when>1970-01-07T23:11:47Z</when>
          <when>1970-01-07T23:11:48Z</when>
          <when>1970-01-07T23:11:55Z</when>
          <when>1970-01-07T23:11:56Z</when>
          <when>1970-01-07T23:11:59Z</when>
          <when>1970-01-07T23:12:00Z</when>
          <when>1970-01-07T23:12:02Z</when>
          <when>1970-01-07T23:12:05Z</when>
          <when>1970-01-07T23:12:06Z</when>
          <when>1970-01-07T23:12:10Z</when>
          <when>1970-01-07T23:12:12Z</when>
          <when>1970-01-07T23:12:14Z</when>
          <when>1970-01-07T23:12:16Z</when>
          <when>1970-01-07T23:12:17Z</when>
          <when>1970-01-07T23:12:18Z</when>
          <when>1970-01-07T23:12:20Z</when>
          <when>1970-01-07T23:12:21Z</when>
          <when>1970-01-07T23:12:23Z</when>
          <when>1970-01-07T23:12:25Z</when>
          <when>1970-01-07T23:12:26Z</when>
          <when>1970-01-07T23:12:27Z</when>
          <when>1970-01-07T23:12:28Z</when>
          <when>1970-01-07T23:12:29Z</when>
          <when>1970-01-07T23:12:31Z</when>
          <when>1970-01-07T23:12:34Z</when>
          <when>1970-01-07T23:12:37Z</when>
          <when>1970-01-07T23:12:40Z</when>
          <when>1970-01-07T23:12:42Z</when>
          <when>1970-01-07T23:12:45Z</when>
          <when>1970-01-07T23:12:46Z</when>
          <when>1970-01-07T23:12:48Z</when>
          <when>1970-01-07T23:12:51Z</when>
          <when>1970-01-07T23:12:54Z</when>
          <when>1970-01-07T23:12:55Z</when>
          <when>1970-01-07T23:13:01Z</when>
          <when>1970-01-07T23:13:05Z</when>
          <when>1970-01-07T23:13:06Z</when>
          <when>1970-01-07T23:13:08Z</when>
          <when>1970-01-07T23:13:09Z</when>
          <when>1970-01-07T23:13:12Z</when>
          <when>1970-01-07T23:13:15Z</when>
          <when>1970-01-07T23:13:16Z</when>
          <when>1970-01-07T23:13:18Z</when>
          <when>1970-01-07T23:13:24Z</when>
          <when>1970-01-07T23:13:25Z</when>
          <when>1970-01-07T23:13:27Z</when>
          <when>1970-01-07T23:13:31Z</when>
          <when>1970-01-07T23:13:34Z</when>
          <when>1970-01-07T23:13:36Z</when>
          <when>1970-01-07T23:13:38Z</when>
          <when>1970-01-07T23:13:40Z</when>
          <when>1970-01-07T23:13:48Z</when>
          <when>1970-01-07T23:13:49Z</when>
          <when>1970-01-07T23:13:51Z</when>
          <when>1970-01-07T23:13:53Z</when>
          <when>1970-01-07T23:13:58Z</when>
          <when>1970-01-07T23:14:00Z</when>
          <when>1970-01-07T23:14:05Z</when>
          <when>1970-01-07T23:14:07Z</when>
          <when>1970-01-07T23:14:09Z</when>
          <when>1970-01-07T23:14:10Z</when>
          <when>1970-01-07T23:14:12Z</when>
          <when>1970-01-07T23:14:14Z</when>
          <when>1970-01-07T23:14:15Z</when>
          <when>1970-01-07T23:14:16Z</when>
          <when>1970-01-07T23:14:19Z</when>
          <when>1970-01-07T23:14:22Z</when>
          <when>1970-01-07T23:14:23Z</when>
          <when>1970-01-07T23:14:24Z</when>
          <when>1970-01-07T23:14:25Z</when>
          <when>1970-01-07T23:14:27Z</when>
          <when>1970-01-07T23:14:33Z</when>
          <when>1970-01-07T23:14:35Z</when>
          <when>1970-01-07T23:14:36Z</when>
          <when>1970-01-07T23:14:38Z</when>
          <when>1970-01-07T23:14:39Z</when>
          <when>1970-01-07T23:14:41Z</when>
          <when>1970-01-07T23:14:43Z</when>
          <when>1970-01-07T23:14:45Z</when>
          <when>1970-01-07T23:14:46Z</when>
          <when>1970-01-07T23:14:47Z</when>
          <when>1970-01-07T23:14:48Z</when>
          <when>1970-01-07T23:14:49Z</when>
          <when>1970-01-07T23:14:51Z</when>
          <when>1970-01-07T23:14:53Z</when>
          <when>1970-01-07T23:14:55Z</when>
          <when>1970-01-07T23:14:57Z</when>
          <when>1970-01-07T23:14:58Z</when>
          <when>1970-01-07T23:15:00Z</when>
          <when>1970-01-07T23:15:03Z</when>
          <when>1970-01-07T23:15:04Z</when>
          <when>1970-01-07T23:15:05Z</when>
          <when>1970-01-07T23:15:07Z</when>
          <when>1970-01-07T23:15:09Z</when>
          <when>1970-01-07T23:15:10Z</when>
          <when>1970-01-07T23:15:12Z</when>
          <when>1970-01-07T23:15:16Z</when>
          <when>1970-01-07T23:15:17Z</when>
          <when>1970-01-07T23:15:18Z</when>
          <when>1970-01-07T23:15:20Z</when>
          <when>1970-01-07T23:15:22Z</when>
          <when>1970-01-07T23:15:24Z</when>
          <when>1970-01-07T23:15:25Z</when>
          <when>1970-01-07T23:15:26Z</when>
          <when>1970-01-07T23:15:27Z</when>
          <when>1970-01-07T23:15:30Z</when>
          <when>1970-01-07T23:15:32Z</when>
          <when>1970-01-07T23:15:35Z</when>
          <when>1970-01-07T23:15:37Z</when>
          <when>1970-01-07T23:15:40Z</when>
          <when>1970-01-07T23:15:43Z</when>
          <when>1970-01-07T23:15:46Z</when>
          <when>1970-01-07T23:15:48Z</when>
          <when>1970-01-07T23:15:50Z</when>
          <when>1970-01-07T23:15:52Z</when>
          <when>1970-01-07T23:15:55Z</when>
          <when>1970-01-07T23:15:56Z</when>
          <when>1970-01-07T23:15:57Z</when>
          <when>1970-01-07T23:15:58Z</when>
          <when>1970-01-07T23:15:59Z</when>
          <when>1970-01-07T23:16:01Z</when>
          <when>1970-01-07T23:16:03Z</when>
          <when>1970-01-07T23:16:05Z</when>
          <when>1970-01-07T23:16:08Z</when>
          <when>1970-01-07T23:16:10Z</when>
          <when>1970-01-07T23:16:11Z</when>
          <when>1970-01-07T23:16:13Z</when>
          <when>1970-01-07T23:16:16Z</when>
          <when>1970-01-07T23:16:18Z</when>
          <when>1970-01-07T23:16:20Z</when>
          <when>1970-01-07T23:16:27Z</when>
          <when>1970-01-07T23:16:38Z</when>
          <when>1970-01-07T23:16:41Z</when>
          <when>1970-01-07T23:16:44Z</when>
          <when>1970-01-07T23:16:46Z</when>
          <when>1970-01-07T23:16:48Z</when>
          <when>1970-01-07T23:16:49Z</when>
          <when>1970-01-07T23:16:51Z</when>
          <when>1970-01-07T23:17:00Z</when>
          <when>1970-01-07T23:17:02Z</when>
          <when>1970-01-07T23:17:13Z</when>
          <when>1970-01-07T23:17:18Z</when>
          <when>1970-01-07T23:17:28Z</when>
          <when>1970-01-07T23:17:32Z</when>
          <when>1970-01-07T23:17:43Z</when>
          <when>1970-01-07T23:17:51Z</when>
          <when>1970-01-07T23:17:52Z</when>
          <when>1970-01-07T23:17:56Z</when>
          <when>1970-01-07T23:17:57Z</when>
          <when>1970-01-07T23:17:58Z</when>
          <when>1970-01-07T23:17:59Z</when>
          <when>1970-01-07T23:18:08Z</when>
          <when>1970-01-07T23:18:13Z</when>
          <when>1970-01-07T23:18:21Z</when>
          <when>1970-01-07T23:18:29Z</when>
          <when>1970-01-07T23:18:33Z</when>
          <when>1970-01-07T23:18:36Z</when>
          <when>1970-01-07T23:18:44Z</when>
          <when>1970-01-07T23:18:52Z</when>
          <when>1970-01-07T23:19:03Z</when>
          <when>1970-01-07T23:19:04Z</when>
          <when>1970-01-07T23:19:10Z</when>
          <when>1970-01-07T23:19:11Z</when>
          <when>1970-01-07T23:19:13Z</when>
          <when>1970-01-07T23:19:19Z</when>
          <when>1970-01-07T23:19:21Z</when>
          <when>1970-01-07T23:19:24Z</when>
          <when>1970-01-07T23:19:26Z</when>
          <when>1970-01-07T23:19:30Z</when>
          <when>1970-01-07T23:19:31Z</when>
          <when>1970-01-07T23:19:34Z</when>
          <when>1970-01-07T23:19:45Z</when>
          <when>1970-01-07T23:19:54Z</when>
          <when>1970-01-07T23:19:56Z</when>
          <when>1970-01-07T23:20:05Z</when>
          <when>1970-01-07T23:20:08Z</when>
          <when>1970-01-07T23:20:15Z</when>
          <when>1970-01-07T23:20:17Z</when>
          <when>1970-01-07T23:20:19Z</when>
          <when>1970-01-07T23:20:22Z</when>
          <when>1970-01-07T23:20:30Z</when>
          <when>1970-01-07T23:20:39Z</when>
          <when>1970-01-07T23:20:40Z</when>
          <when>1970-01-07T23:20:44Z</when>
          <when>1970-01-07T23:20:48Z</when>
          <when>1970-01-07T23:20:59Z</when>
          <when>1970-01-07T23:21:01Z</when>
          <when>1970-01-07T23:21:04Z</when>
          <when>1970-01-07T23:21:05Z</when>
          <when>1970-01-07T23:21:08Z</when>
          <when>1970-01-07T23:21:20Z</when>
          <when>1970-01-07T23:21:22Z</when>
          <when>1970-01-07T23:21:33Z</when>
          <when>1970-01-07T23:21:35Z</when>
          <when>1970-01-07T23:21:37Z</when>
          <when>1970-01-07T23:21:42Z</when>
          <when>1970-01-07T23:21:47Z</when>
          <when>1970-01-07T23:21:52Z</when>
          <when>1970-01-07T23:21:54Z</when>
          <when>1970-01-07T23:21:56Z</when>
          <when>1970-01-07T23:22:01Z</when>
          <when>1970-01-07T23:22:08Z</when>
          <when>1970-01-07T23:22:17Z</when>
          <when>1970-01-07T23:22:25Z</when>
          <when>1970-01-07T23:22:37Z</when>
          <when>1970-01-07T23:22:43Z</when>
          <when>1970-01-07T23:22:53Z</when>
          <when>1970-01-07T23:22:57Z</when>
          <when>1970-01-07T23:22:58Z</when>
          <when>1970-01-07T23:22:59Z</when>
          <when>1970-01-07T23:23:00Z</when>
          <when>1970-01-07T23:23:01Z</when>
          <when>1970-01-07T23:23:02Z</when>
          <when>1970-01-07T23:23:05Z</when>
          <when>1970-01-07T23:23:13Z</when>
          <when>1970-01-07T23:23:16Z</when>
          <when>1970-01-07T23:23:29Z</when>
          <when>1970-01-07T23:23:30Z</when>
          <when>1970-01-07T23:23:36Z</when>
          <when>1970-01-07T23:23:38Z</when>
          <when>1970-01-07T23:23:40Z</when>
          <when>1970-01-07T23:23:45Z</when>
          <when>1970-01-07T23:23:47Z</when>
          <when>1970-01-07T23:23:56Z</when>
          <when>1970-01-07T23:23:58Z</when>
          <when>1970-01-07T23:24:02Z</when>
          <when>1970-01-07T23:24:07Z</when>
          <when>1970-01-07T23:24:09Z</when>
          <when>1970-01-07T23:24:18Z</when>
          <when>1970-01-07T23:24:27Z</when>
          <when>1970-01-07T23:24:32Z</when>
          <when>1970-01-07T23:24:33Z</when>
          <when>1970-01-07T23:24:43Z</when>
          <when>1970-01-07T23:24:46Z</when>
          <when>1970-01-07T23:24:50Z</when>
          <when>1970-01-07T23:24:58Z</when>
          <when>1970-01-07T23:25:07Z</when>
          <when>1970-01-07T23:25:18Z</when>
          <when>1970-01-07T23:25:29Z</when>
          <when>1970-01-07T23:25:34Z</when>
          <when>1970-01-07T23:25:41Z</when>
          <when>1970-01-07T23:25:49Z</when>
          <when>1970-01-07T23:25:50Z</when>
          <when>1970-01-07T23:25:53Z</when>
          <when>1970-01-07T23:25:58Z</when>
          <when>1970-01-07T23:26:02Z</when>
          <when>1970-01-07T23:26:03Z</when>
          <when>1970-01-07T23:26:09Z</when>
          <when>1970-01-07T23:26:11Z</when>
          <when>1970-01-07T23:26:22Z</when>
          <when>1970-01-07T23:26:29Z</when>
          <when>1970-01-07T23:26:37Z</when>
          <when>1970-01-07T23:26:40Z</when>
          <when>1970-01-07T23:26:44Z</when>
          <when>1970-01-07T23:26:49Z</when>
          <when>1970-01-07T23:26:57Z</when>
          <when>1970-01-07T23:27:05Z</when>
          <when>1970-01-07T23:27:13Z</when>
          <when>1970-01-07T23:27:20Z</when>
          <when>1970-01-07T23:27:22Z</when>
          <when>1970-01-07T23:27:30Z</when>
          <when>1970-01-07T23:27:42Z</when>
          <when>1970-01-07T23:27:46Z</when>
          <when>1970-01-07T23:27:52Z</when>
          <when>1970-01-07T23:27:55Z</when>
          <when>1970-01-07T23:28:01Z</when>
          <when>1970-01-07T23:28:06Z</when>
          <when>1970-01-07T23:28:13Z</when>
          <when>1970-01-07T23:28:20Z</when>
          <when>1970-01-07T23:28:27Z</when>
          <when>1970-01-07T23:28:35Z</when>
          <when>1970-01-07T23:28:49Z</when>
          <when>1970-01-07T23:28:50Z</when>
          <when>1970-01-07T23:28:55Z</when>
          <when>1970-01-07T23:29:06Z</when>
          <when>1970-01-07T23:29:11Z</when>
          <when>1970-01-07T23:29:18Z</when>
          <when>1970-01-07T23:29:23Z</when>
          <when>1970-01-07T23:29:26Z</when>
          <when>1970-01-07T23:29:31Z</when>
          <when>1970-01-07T23:29:32Z</when>
          <when>1970-01-07T23:29:36Z</when>
          <when>1970-01-07T23:29:40Z</when>
          <when>1970-01-07T23:29:42Z</when>
          <when>1970-01-07T23:29:44Z</when>
          <when>1970-01-07T23:29:48Z</when>
          <when>1970-01-07T23:29:52Z</when>
          <when>1970-01-07T23:30:01Z</when>
          <when>1970-01-07T23:30:02Z</when>
          <when>1970-01-07T23:30:07Z</when>
          <when>1970-01-07T23:30:09Z</when>
          <when>1970-01-07T23:30:13Z</when>
          <when>1970-01-07T23:30:14Z</when>
          <when>1970-01-07T23:30:26Z</when>
          <when>1970-01-07T23:30:31Z</when>
          <when>1970-01-07T23:30:47Z</when>
          <when>1970-01-07T23:30:49Z</when>
          <when>1970-01-07T23:30:56Z</when>
          <when>1970-01-07T23:31:03Z</when>
          <when>1970-01-07T23:31:10Z</when>
          <when>1970-01-07T23:31:18Z</when>
          <when>1970-01-07T23:31:23Z</when>
          <when>1970-01-07T23:31:32Z</when>
          <when>1970-01-07T23:31:43Z</when>
          <when>1970-01-07T23:31:54Z</when>
          <when>1970-01-07T23:32:04Z</when>
          <when>1970-01-07T23:32:05Z</when>
          <when>1970-01-07T23:32:11Z</when>
          <when>1970-01-07T23:32:21Z</when>
          <when>1970-01-07T23:32:28Z</when>
          <when>1970-01-07T23:32:33Z</when>
          <when>1970-01-07T23:32:35Z</when>
          <when>1970-01-07T23:32:42Z</when>
          <when>1970-01-07T23:32:48Z</when>
          <when>1970-01-07T23:32:49Z</when>
          <when>1970-01-07T23:32:55Z</when>
          <when>1970-01-07T23:32:57Z</when>
          <when>1970-01-07T23:32:59Z</when>
          <when>1970-01-07T23:33:06Z</when>
          <when>1970-01-07T23:33:14Z</when>
          <when>1970-01-07T23:33:17Z</when>
          <when>1970-01-07T23:33:21Z</when>
          <when>1970-01-07T23:33:23Z</when>
          <when>1970-01-07T23:33:29Z</when>
          <when>1970-01-07T23:33:33Z</when>
          <when>1970-01-07T23:33:35Z</when>
          <when>1970-01-07T23:33:37Z</when>
          <when>1970-01-07T23:33:41Z</when>
          <when>1970-01-07T23:33:42Z</when>
          <when>1970-01-07T23:33:44Z</when>
          <when>1970-01-07T23:33:46Z</when>
          <when>1970-01-07T23:33:47Z</when>
          <when>1970-01-07T23:33:48Z</when>
          <when>1970-01-07T23:33:51Z</when>
          <when>1970-01-07T23:33:52Z</when>
          <when>1970-01-07T23:34:02Z</when>
          <when>1970-01-07T23:34:11Z</when>
          <when>1970-01-07T23:34:19Z</when>
          <when>1970-01-07T23:34:24Z</when>
          <when>1970-01-07T23:34:31Z</when>
          <when>1970-01-07T23:34:32Z</when>
          <when>1970-01-07T23:34:39Z</when>
          <when>1970-01-07T23:34:45Z</when>
          <when>1970-01-07T23:34:53Z</when>
          <when>1970-01-07T23:34:55Z</when>
          <when>1970-01-07T23:35:05Z</when>
          <when>1970-01-07T23:35:06Z</when>
          <when>1970-01-07T23:35:07Z</when>
          <when>1970-01-07T23:35:08Z</when>
          <when>1970-01-07T23:35:10Z</when>
          <when>1970-01-07T23:35:13Z</when>
          <when>1970-01-07T23:35:15Z</when>
          <when>1970-01-07T23:35:18Z</when>
          <when>1970-01-07T23:35:27Z</when>
          <when>1970-01-07T23:35:30Z</when>
          <when>1970-01-07T23:35:32Z</when>
          <when>1970-01-07T23:35:34Z</when>
          <when>1970-01-07T23:35:36Z</when>
          <when>1970-01-07T23:35:39Z</when>
          <when>1970-01-07T23:35:41Z</when>
          <when>1970-01-07T23:35:49Z</when>
          <when>1970-01-07T23:35:52Z</when>
          <when>1970-01-07T23:35:55Z</when>
          <when>1970-01-07T23:36:00Z</when>
          <when>1970-01-07T23:36:06Z</when>
          <when>1970-01-07T23:36:10Z</when>
          <when>1970-01-07T23:36:14Z</when>
          <when>1970-01-07T23:36:15Z</when>
          <when>1970-01-07T23:36:17Z</when>
          <when>1970-01-07T23:36:19Z</when>
          <when>1970-01-07T23:36:21Z</when>
          <when>1970-01-07T23:36:23Z</when>
          <when>1970-01-07T23:36:25Z</when>
          <when>1970-01-07T23:36:29Z</when>
          <when>1970-01-07T23:36:30Z</when>
          <when>1970-01-07T23:36:33Z</when>
          <when>1970-01-07T23:36:34Z</when>
          <when>1970-01-07T23:36:37Z</when>
          <when>1970-01-07T23:36:39Z</when>
          <when>1970-01-07T23:36:43Z</when>
          <when>1970-01-07T23:36:45Z</when>
          <when>1970-01-07T23:36:49Z</when>
          <when>1970-01-07T23:36:52Z</when>
          <when>1970-01-07T23:36:53Z</when>
          <when>1970-01-07T23:36:54Z</when>
          <when>1970-01-07T23:36:56Z</when>
          <when>1970-01-07T23:36:57Z</when>
          <when>1970-01-07T23:37:02Z</when>
          <when>1970-01-07T23:37:08Z</when>
          <when>1970-01-07T23:37:21Z</when>
          <when>1970-01-07T23:37:25Z</when>
          <when>1970-01-07T23:37:28Z</when>
          <when>1970-01-07T23:37:33Z</when>
          <when>1970-01-07T23:37:35Z</when>
          <when>1970-01-07T23:37:37Z</when>
          <when>1970-01-07T23:37:38Z</when>
          <when>1970-01-07T23:37:40Z</when>
          <when>1970-01-07T23:37:42Z</when>
          <when>1970-01-07T23:37:43Z</when>
          <when>1970-01-07T23:37:46Z</when>
          <when>1970-01-07T23:37:47Z</when>
          <when>1970-01-07T23:37:51Z</when>
          <when>1970-01-07T23:38:03Z</when>
          <when>1970-01-07T23:38:05Z</when>
          <when>1970-01-07T23:38:06Z</when>
          <when>1970-01-07T23:38:09Z</when>
          <when>1970-01-07T23:38:20Z</when>
          <when>1970-01-07T23:38:28Z</when>
          <when>1970-01-07T23:38:33Z</when>
          <when>1970-01-07T23:38:35Z</when>
          <when>1970-01-07T23:38:40Z</when>
          <when>1970-01-07T23:38:42Z</when>
          <when>1970-01-07T23:38:43Z</when>
          <when>1970-01-07T23:38:45Z</when>
          <when>1970-01-07T23:38:51Z</when>
          <when>1970-01-07T23:38:55Z</when>
          <when>1970-01-07T23:38:57Z</when>
          <when>1970-01-07T23:38:59Z</when>
          <when>1970-01-07T23:39:05Z</when>
          <when>1970-01-07T23:39:07Z</when>
          <when>1970-01-07T23:39:09Z</when>
          <when>1970-01-07T23:39:12Z</when>
          <when>1970-01-07T23:39:17Z</when>
          <when>1970-01-07T23:39:20Z</when>
          <when>1970-01-07T23:39:21Z</when>
          <when>1970-01-07T23:39:23Z</when>
          <when>1970-01-07T23:39:25Z</when>
          <when>1970-01-07T23:39:28Z</when>
          <when>1970-01-07T23:39:40Z</when>
          <when>1970-01-07T23:39:41Z</when>
          <when>1970-01-07T23:39:46Z</when>
          <when>1970-01-07T23:39:48Z</when>
          <when>1970-01-07T23:39:50Z</when>
          <when>1970-01-07T23:39:52Z</when>
          <when>1970-01-07T23:39:55Z</when>
          <when>1970-01-07T23:39:56Z</when>
          <when>1970-01-07T23:39:58Z</when>
          <when>1970-01-07T23:39:59Z</when>
          <when>1970-01-07T23:40:02Z</when>
          <when>1970-01-07T23:40:05Z</when>
          <when>1970-01-07T23:40:12Z</when>
          <when>1970-01-07T23:40:15Z</when>
          <when>1970-01-07T23:40:18Z</when>
          <when>1970-01-07T23:40:22Z</when>
          <when>1970-01-07T23:40:24Z</when>
          <when>1970-01-07T23:40:26Z</when>
          <when>1970-01-07T23:40:28Z</when>
          <when>1970-01-07T23:40:29Z</when>
          <when>1970-01-07T23:40:32Z</when>
          <when>1970-01-07T23:40:37Z</when>
          <when>1970-01-07T23:40:38Z</when>
          <when>1970-01-07T23:40:39Z</when>
          <when>1970-01-07T23:40:40Z</when>
          <when>1970-01-07T23:40:42Z</when>
          <when>1970-01-07T23:40:44Z</when>
          <when>1970-01-07T23:40:47Z</when>
          <when>1970-01-07T23:40:55Z</when>
          <when>1970-01-07T23:41:00Z</when>
          <when>1970-01-07T23:41:02Z</when>
          <when>1970-01-07T23:41:03Z</when>
          <when>1970-01-07T23:41:04Z</when>
          <when>1970-01-07T23:41:05Z</when>
          <when>1970-01-07T23:41:06Z</when>
          <when>1970-01-07T23:41:07Z</when>
          <when>1970-01-07T23:41:08Z</when>
          <when>1970-01-07T23:41:09Z</when>
          <when>1970-01-07T23:41:11Z</when>
          <when>1970-01-07T23:41:15Z</when>
          <when>1970-01-07T23:41:17Z</when>
          <when>1970-01-07T23:41:19Z</when>
          <when>1970-01-07T23:41:21Z</when>
          <when>1970-01-07T23:41:22Z</when>
          <when>1970-01-07T23:41:23Z</when>
          <when>1970-01-07T23:41:26Z</when>
          <when>1970-01-07T23:41:30Z</when>
          <when>1970-01-07T23:41:32Z</when>
          <when>1970-01-07T23:41:40Z</when>
          <when>1970-01-07T23:41:44Z</when>
          <when>1970-01-07T23:41:46Z</when>
          <when>1970-01-07T23:41:47Z</when>
          <when>1970-01-07T23:41:49Z</when>
          <when>1970-01-07T23:41:51Z</when>
          <when>1970-01-07T23:41:52Z</when>
          <when>1970-01-07T23:41:54Z</when>
          <when>1970-01-07T23:41:56Z</when>
          <when>1970-01-07T23:42:00Z</when>
          <when>1970-01-07T23:42:02Z</when>
          <when>1970-01-07T23:42:04Z</when>
          <when>1970-01-07T23:42:05Z</when>
          <when>1970-01-07T23:42:06Z</when>
          <when>1970-01-07T23:42:07Z</when>
          <when>1970-01-07T23:42:08Z</when>
          <when>1970-01-07T23:42:09Z</when>
          <when>1970-01-07T23:42:12Z</when>
          <when>1970-01-07T23:42:14Z</when>
          <when>1970-01-07T23:42:15Z</when>
          <when>1970-01-07T23:42:16Z</when>
          <when>1970-01-07T23:42:35Z</when>
          <when>1970-01-07T23:42:37Z</when>
          <when>1970-01-07T23:42:38Z</when>
          <when>1970-01-07T23:42:40Z</when>
          <when>1970-01-07T23:42:41Z</when>
          <when>1970-01-07T23:42:53Z</when>
          <when>1970-01-07T23:42:57Z</when>
          <when>1970-01-07T23:42:59Z</when>
          <when>1970-01-07T23:43:02Z</when>
          <when>1970-01-07T23:43:05Z</when>
          <when>1970-01-07T23:43:07Z</when>
          <when>1970-01-07T23:43:09Z</when>
          <when>1970-01-07T23:43:11Z</when>
          <when>1970-01-07T23:43:14Z</when>
          <when>1970-01-07T23:43:17Z</when>
          <when>1970-01-07T23:43:20Z</when>
          <when>1970-01-07T23:43:24Z</when>
          <when>1970-01-07T23:43:29Z</when>
          <when>1970-01-07T23:43:33Z</when>
          <when>1970-01-07T23:43:36Z</when>
          <when>1970-01-07T23:43:42Z</when>
          <when>1970-01-07T23:43:48Z</when>
          <when>1970-01-07T23:43:51Z</when>
          <when>1970-01-07T23:43:54Z</when>
          <when>1970-01-07T23:43:55Z</when>
          <when>1970-01-07T23:43:57Z</when>
          <when>1970-01-07T23:44:01Z</when>
          <when>1970-01-07T23:44:03Z</when>
          <when>1970-01-07T23:44:10Z</when>
          <when>1970-01-07T23:44:12Z</when>
          <when>1970-01-07T23:44:14Z</when>
          <when>1970-01-07T23:44:15Z</when>
          <when>1970-01-07T23:44:16Z</when>
          <when>1970-01-07T23:44:17Z</when>
          <when>1970-01-07T23:44:19Z</when>
          <when>1970-01-07T23:44:20Z</when>
          <when>1970-01-07T23:44:21Z</when>
          <when>1970-01-07T23:44:22Z</when>
          <when>1970-01-07T23:44:23Z</when>
          <when>1970-01-07T23:44:30Z</when>
          <when>1970-01-07T23:44:33Z</when>
          <when>1970-01-07T23:44:37Z</when>
          <when>1970-01-07T23:44:46Z</when>
          <when>1970-01-07T23:44:48Z</when>
          <when>1970-01-07T23:44:49Z</when>
          <when>1970-01-07T23:44:54Z</when>
          <when>1970-01-07T23:44:56Z</when>
          <when>1970-01-07T23:45:01Z</when>
          <when>1970-01-07T23:45:09Z</when>
          <when>1970-01-07T23:45:11Z</when>
          <when>1970-01-07T23:45:12Z</when>
          <when>1970-01-07T23:45:13Z</when>
          <when>1970-01-07T23:45:14Z</when>
          <when>1970-01-07T23:45:15Z</when>
          <when>1970-01-07T23:45:16Z</when>
          <when>1970-01-07T23:45:19Z</when>
          <when>1970-01-07T23:45:20Z</when>
          <when>1970-01-07T23:45:21Z</when>
          <when>1970-01-07T23:45:23Z</when>
          <when>1970-01-07T23:45:27Z</when>
          <when>1970-01-07T23:45:44Z</when>
          <when>1970-01-07T23:45:52Z</when>
          <when>1970-01-07T23:46:09Z</when>
          <when>1970-01-07T23:46:10Z</when>
          <when>1970-01-07T23:46:18Z</when>
          <when>1970-01-07T23:46:20Z</when>
          <when>1970-01-07T23:46:24Z</when>
          <when>1970-01-07T23:46:27Z</when>
          <when>1970-01-07T23:46:30Z</when>
          <when>1970-01-07T23:46:35Z</when>
          <when>1970-01-07T23:46:36Z</when>
          <when>1970-01-07T23:46:38Z</when>
          <when>1970-01-07T23:46:40Z</when>
          <when>1970-01-07T23:46:42Z</when>
          <when>1970-01-07T23:46:43Z</when>
          <when>1970-01-07T23:46:44Z</when>
          <when>1970-01-07T23:46:45Z</when>
          <when>1970-01-07T23:46:47Z</when>
          <when>1970-01-07T23:46:49Z</when>
          <when>1970-01-07T23:46:50Z</when>
          <when>1970-01-07T23:46:51Z</when>
          <when>1970-01-07T23:46:52Z</when>
          <when>1970-01-07T23:46:55Z</when>
          <when>1970-01-07T23:46:58Z</when>
          <when>1970-01-07T23:47:00Z</when>
          <when>1970-01-07T23:47:04Z</when>
          <when>1970-01-07T23:47:07Z</when>
          <when>1970-01-07T23:47:10Z</when>
          <when>1970-01-07T23:47:14Z</when>
          <when>1970-01-07T23:47:17Z</when>
          <when>1970-01-07T23:47:21Z</when>
          <when>1970-01-07T23:47:35Z</when>
          <when>1970-01-07T23:47:39Z</when>
          <when>1970-01-07T23:47:41Z</when>
          <when>1970-01-07T23:47:43Z</when>
          <when>1970-01-07T23:47:45Z</when>
          <when>1970-01-07T23:47:46Z</when>
          <when>1970-01-07T23:47:48Z</when>
          <when>1970-01-07T23:47:53Z</when>
          <when>1970-01-07T23:48:00Z</when>
          <when>1970-01-07T23:48:03Z</when>
          <when>1970-01-07T23:48:06Z</when>
          <when>1970-01-07T23:48:12Z</when>
          <when>1970-01-07T23:48:17Z</when>
          <when>1970-01-07T23:48:20Z</when>
          <when>1970-01-07T23:48:23Z</when>
          <when>1970-01-07T23:48:30Z</when>
          <when>1970-01-07T23:48:36Z</when>
          <when>1970-01-07T23:48:39Z</when>
          <when>1970-01-07T23:48:42Z</when>
          <when>1970-01-07T23:48:54Z</when>
          <when>1970-01-07T23:48:59Z</when>
          <when>1970-01-07T23:49:00Z</when>
          <when>1970-01-07T23:49:04Z</when>
          <when>1970-01-07T23:49:07Z</when>
          <when>1970-01-07T23:49:10Z</when>
          <when>1970-01-07T23:49:14Z</when>
          <when>1970-01-07T23:49:15Z</when>
          <when>1970-01-07T23:49:19Z</when>
          <when>1970-01-07T23:49:22Z</when>
          <when>1970-01-07T23:49:23Z</when>
          <when>1970-01-07T23:49:24Z</when>
          <when>1970-01-07T23:49:26Z</when>
          <when>1970-01-07T23:49:35Z</when>
          <when>1970-01-07T23:49:41Z</when>
          <when>1970-01-07T23:49:44Z</when>
          <when>1970-01-07T23:49:46Z</when>
          <when>1970-01-07T23:49:50Z</when>
          <when>1970-01-07T23:49:55Z</when>
          <when>1970-01-07T23:49:56Z</when>
          <when>1970-01-07T23:49:57Z</when>
          <when>1970-01-07T23:49:58Z</when>
          <when>1970-01-07T23:49:59Z</when>
          <when>1970-01-07T23:50:01Z</when>
          <when>1970-01-07T23:50:02Z</when>
          <when>1970-01-07T23:50:03Z</when>
          <when>1970-01-07T23:50:04Z</when>
          <when>1970-01-07T23:50:05Z</when>
          <when>1970-01-07T23:50:06Z</when>
          <when>1970-01-07T23:50:07Z</when>
          <when>1970-01-07T23:50:08Z</when>
          <when>1970-01-07T23:50:11Z</when>
          <when>1970-01-07T23:50:13Z</when>
          <when>1970-01-07T23:50:15Z</when>
          <when>1970-01-07T23:50:16Z</when>
          <when>1970-01-07T23:50:17Z</when>
          <when>1970-01-07T23:50:22Z</when>
          <when>1970-01-07T23:50:35Z</when>
          <when>1970-01-07T23:50:42Z</when>
          <when>1970-01-07T23:50:45Z</when>
          <when>1970-01-07T23:50:47Z</when>
          <when>1970-01-07T23:50:52Z</when>
          <when>1970-01-07T23:50:55Z</when>
          <when>1970-01-07T23:50:56Z</when>
          <when>1970-01-07T23:50:57Z</when>
          <when>1970-01-07T23:51:03Z</when>
          <when>1970-01-07T23:51:06Z</when>
          <when>1970-01-07T23:51:09Z</when>
          <when>1970-01-07T23:51:12Z</when>
          <when>1970-01-07T23:51:16Z</when>
          <when>1970-01-07T23:51:17Z</when>
          <when>1970-01-07T23:51:18Z</when>
          <when>1970-01-07T23:51:21Z</when>
          <when>1970-01-07T23:51:23Z</when>
          <when>1970-01-07T23:51:25Z</when>
          <when>1970-01-07T23:51:29Z</when>
          <when>1970-01-07T23:51:30Z</when>
          <when>1970-01-07T23:51:32Z</when>
          <when>1970-01-07T23:51:34Z</when>
          <when>1970-01-07T23:51:36Z</when>
          <when>1970-01-07T23:51:37Z</when>
          <when>1970-01-07T23:51:39Z</when>
          <when>1970-01-07T23:51:43Z</when>
          <when>1970-01-07T23:51:44Z</when>
          <when>1970-01-07T23:51:45Z</when>
          <when>1970-01-07T23:51:46Z</when>
          <when>1970-01-07T23:51:48Z</when>
          <when>1970-01-07T23:51:49Z</when>
          <when>1970-01-07T23:51:50Z</when>
          <when>1970-01-07T23:51:52Z</when>
          <when>1970-01-07T23:51:53Z</when>
          <when>1970-01-07T23:51:55Z</when>
          <when>1970-01-07T23:51:58Z</when>
          <when>1970-01-07T23:52:06Z</when>
          <when>1970-01-07T23:52:07Z</when>
          <when>1970-01-07T23:52:08Z</when>
          <when>1970-01-07T23:52:09Z</when>
          <when>1970-01-07T23:52:10Z</when>
          <when>1970-01-07T23:52:12Z</when>
          <when>1970-01-07T23:52:15Z</when>
          <when>1970-01-07T23:52:19Z</when>
          <when>1970-01-07T23:52:24Z</when>
          <when>1970-01-07T23:52:25Z</when>
          <when>1970-01-07T23:52:26Z</when>
          <when>1970-01-07T23:52:27Z</when>
          <when>1970-01-07T23:52:30Z</when>
          <when>1970-01-07T23:52:36Z</when>
          <when>1970-01-07T23:52:37Z</when>
          <when>1970-01-07T23:52:39Z</when>
          <when>1970-01-07T23:52:40Z</when>
          <when>1970-01-07T23:52:41Z</when>
          <when>1970-01-07T23:52:43Z</when>
          <when>1970-01-07T23:52:45Z</when>
          <when>1970-01-07T23:52:48Z</when>
          <when>1970-01-07T23:52:49Z</when>
          <when>1970-01-07T23:52:52Z</when>
          <when>1970-01-07T23:52:55Z</when>
          <when>1970-01-07T23:53:01Z</when>
          <when>1970-01-07T23:53:03Z</when>
          <when>1970-01-07T23:53:06Z</when>
          <when>1970-01-07T23:53:14Z</when>
          <when>1970-01-07T23:53:17Z</when>
          <when>1970-01-07T23:53:20Z</when>
          <when>1970-01-07T23:53:25Z</when>
          <when>1970-01-07T23:53:30Z</when>
          <when>1970-01-07T23:53:38Z</when>
          <when>1970-01-07T23:53:40Z</when>
          <when>1970-01-07T23:53:42Z</when>
          <when>1970-01-07T23:53:44Z</when>
          <when>1970-01-07T23:53:46Z</when>
          <when>1970-01-07T23:53:48Z</when>
          <when>1970-01-07T23:53:53Z</when>
          <when>1970-01-07T23:53:58Z</when>
          <when>1970-01-07T23:54:00Z</when>
          <when>1970-01-07T23:54:03Z</when>
          <when>1970-01-07T23:54:08Z</when>
          <when>1970-01-07T23:54:11Z</when>
          <when>1970-01-07T23:54:14Z</when>
          <when>1970-01-07T23:54:19Z</when>
          <when>1970-01-07T23:54:22Z</when>
          <when>1970-01-07T23:54:29Z</when>
          <when>1970-01-07T23:54:32Z</when>
          <when>1970-01-07T23:54:35Z</when>
          <when>1970-01-07T23:54:38Z</when>
          <when>1970-01-07T23:54:43Z</when>
          <when>1970-01-07T23:54:45Z</when>
          <when>1970-01-07T23:54:47Z</when>
          <when>1970-01-07T23:54:53Z</when>
          <when>1970-01-07T23:54:55Z</when>
          <when>1970-01-07T23:54:58Z</when>
          <when>1970-01-07T23:55:00Z</when>
          <when>1970-01-07T23:55:06Z</when>
          <when>1970-01-07T23:55:07Z</when>
          <when>1970-01-07T23:55:10Z</when>
          <when>1970-01-07T23:55:11Z</when>
          <when>1970-01-07T23:55:13Z</when>
          <when>1970-01-07T23:55:19Z</when>
          <when>1970-01-07T23:55:21Z</when>
          <when>1970-01-07T23:55:22Z</when>
          <when>1970-01-07T23:55:24Z</when>
          <when>1970-01-07T23:55:27Z</when>
          <when>1970-01-07T23:55:33Z</when>
          <when>1970-01-07T23:55:35Z</when>
          <when>1970-01-07T23:55:37Z</when>
          <when>1970-01-07T23:55:39Z</when>
          <when>1970-01-07T23:55:42Z</when>
          <when>1970-01-07T23:55:43Z</when>
          <when>1970-01-07T23:55:45Z</when>
          <when>1970-01-07T23:55:48Z</when>
          <when>1970-01-07T23:55:49Z</when>
          <when>1970-01-07T23:55:51Z</when>
          <when>1970-01-07T23:55:52Z</when>
          <when>1970-01-07T23:55:53Z</when>
          <when>1970-01-07T23:55:55Z</when>
          <when>1970-01-07T23:55:57Z</when>
          <when>1970-01-07T23:55:59Z</when>
          <when>1970-01-07T23:56:08Z</when>
          <when>1970-01-07T23:56:10Z</when>
          <when>1970-01-07T23:56:14Z</when>
          <when>1970-01-07T23:56:16Z</when>
          <when>1970-01-07T23:56:19Z</when>
          <when>1970-01-07T23:56:21Z</when>
          <when>1970-01-07T23:56:23Z</when>
          <when>1970-01-07T23:56:24Z</when>
          <when>1970-01-07T23:56:25Z</when>
          <when>1970-01-07T23:56:27Z</when>
          <when>1970-01-07T23:56:31Z</when>
          <when>1970-01-07T23:56:32Z</when>
          <when>1970-01-07T23:56:38Z</when>
          <when>1970-01-07T23:56:40Z</when>
          <when>1970-01-07T23:56:46Z</when>
          <when>1970-01-07T23:56:47Z</when>
          <when>1970-01-07T23:56:50Z</when>
          <when>1970-01-07T23:56:54Z</when>
          <when>1970-01-07T23:57:00Z</when>
          <when>1970-01-07T23:57:07Z</when>
          <when>1970-01-07T23:57:11Z</when>
          <when>1970-01-07T23:57:13Z</when>
          <when>1970-01-07T23:57:17Z</when>
          <when>1970-01-07T23:57:19Z</when>
          <when>1970-01-07T23:57:22Z</when>
          <when>1970-01-07T23:57:23Z</when>
          <when>1970-01-07T23:57:26Z</when>
          <when>1970-01-07T23:57:28Z</when>
          <when>1970-01-07T23:57:29Z</when>
          <when>1970-01-07T23:57:33Z</when>
          <when>1970-01-07T23:57:35Z</when>
          <when>1970-01-07T23:57:36Z</when>
          <when>1970-01-07T23:57:37Z</when>
          <when>1970-01-07T23:57:38Z</when>
          <when>1970-01-07T23:57:39Z</when>
          <when>1970-01-07T23:57:40Z</when>
          <when>1970-01-07T23:57:46Z</when>
          <when>1970-01-07T23:57:48Z</when>
          <when>1970-01-07T23:57:51Z</when>
          <when>1970-01-07T23:57:52Z</when>
          <when>1970-01-07T23:57:54Z</when>
          <when>1970-01-07T23:57:55Z</when>
          <when>1970-01-07T23:57:57Z</when>
          <when>1970-01-07T23:57:59Z</when>
          <when>1970-01-07T23:58:00Z</when>
          <when>1970-01-07T23:58:06Z</when>
          <when>1970-01-07T23:58:08Z</when>
          <when>1970-01-07T23:58:09Z</when>
          <when>1970-01-07T23:58:11Z</when>
          <when>1970-01-07T23:58:14Z</when>
          <when>1970-01-07T23:58:17Z</when>
          <when>1970-01-07T23:58:19Z</when>
          <when>1970-01-07T23:58:22Z</when>
          <when>1970-01-07T23:58:24Z</when>
          <when>1970-01-07T23:58:27Z</when>
          <when>1970-01-07T23:58:30Z</when>
          <when>1970-01-07T23:58:35Z</when>
          <when>1970-01-07T23:58:39Z</when>
          <when>1970-01-07T23:58:41Z</when>
          <when>1970-01-07T23:58:54Z</when>
          <when>1970-01-07T23:58:58Z</when>
          <when>1970-01-07T23:59:00Z</when>
          <when>1970-01-07T23:59:03Z</when>
          <when>1970-01-07T23:59:06Z</when>
          <when>1970-01-07T23:59:13Z</when>
          <when>1970-01-07T23:59:18Z</when>
          <when>1970-01-07T23:59:19Z</when>
          <when>1970-01-07T23:59:24Z</when>
          <when>1970-01-07T23:59:29Z</when>
          <when>1970-01-07T23:59:44Z</when>
          <when>1970-01-07T23:59:46Z</when>
          <when>1970-01-07T23:59:48Z</when>
          <when>1970-01-07T23:59:50Z</when>
          <when>1970-01-07T23:59:51Z</when>
          <when>1970-01-07T23:59:53Z</when>
          <when>1970-01-07T23:59:55Z</when>
          <when>1970-01-07T23:59:58Z</when>
          <when>1970-01-08T00:00:00Z</when>
          <when>1970-01-08T00:00:02Z</when>
          <when>1970-01-08T00:00:03Z</when>
          <when>1970-01-08T00:00:05Z</when>
          <when>1970-01-08T00:00:06Z</when>
          <when>1970-01-08T00:00:07Z</when>
          <when>1970-01-08T00:00:10Z</when>
          <when>1970-01-08T00:00:13Z</when>
          <when>1970-01-08T00:00:14Z</when>
          <when>1970-01-08T00:00:16Z</when>
          <when>1970-01-08T00:00:22Z</when>
          <when>1970-01-08T00:00:27Z</when>
          <when>1970-01-08T00:00:28Z</when>
          <when>1970-01-08T00:00:29Z</when>
          <when>1970-01-08T00:00:31Z</when>
          <when>1970-01-08T00:00:32Z</when>
          <when>1970-01-08T00:00:37Z</when>
          <when>1970-01-08T00:00:39Z</when>
          <when>1970-01-08T00:00:46Z</when>
          <when>1970-01-08T00:00:51Z</when>
          <when>1970-01-08T00:01:03Z</when>
          <when>1970-01-08T00:01:04Z</when>
          <when>1970-01-08T00:01:06Z</when>
          <when>1970-01-08T00:01:08Z</when>
          <when>1970-01-08T00:01:11Z</when>
          <when>1970-01-08T00:01:13Z</when>
          <when>1970-01-08T00:01:14Z</when>
          <when>1970-01-08T00:01:15Z</when>
          <when>1970-01-08T00:01:18Z</when>
          <when>1970-01-08T00:01:21Z</when>
          <when>1970-01-08T00:01:24Z</when>
          <when>1970-01-08T00:01:28Z</when>
          <when>1970-01-08T00:01:29Z</when>
          <when>1970-01-08T00:01:30Z</when>
          <when>1970-01-08T00:01:32Z</when>
          <when>1970-01-08T00:01:35Z</when>
          <when>1970-01-08T00:01:37Z</when>
          <when>1970-01-08T00:01:39Z</when>
          <when>1970-01-08T00:01:42Z</when>
          <when>1970-01-08T00:01:44Z</when>
          <when>1970-01-08T00:01:48Z</when>
          <when>1970-01-08T00:01:52Z</when>
          <when>1970-01-08T00:01:53Z</when>
          <when>1970-01-08T00:01:55Z</when>
          <when>1970-01-08T00:02:00Z</when>
          <when>1970-01-08T00:02:03Z</when>
          <when>1970-01-08T00:02:07Z</when>
          <when>1970-01-08T00:02:12Z</when>
          <when>1970-01-08T00:02:14Z</when>
          <when>1970-01-08T00:02:16Z</when>
          <when>1970-01-08T00:02:17Z</when>
          <when>1970-01-08T00:02:20Z</when>
          <when>1970-01-08T00:02:23Z</when>
          <when>1970-01-08T00:02:25Z</when>
          <when>1970-01-08T00:02:28Z</when>
          <when>1970-01-08T00:02:33Z</when>
          <when>1970-01-08T00:02:36Z</when>
          <when>1970-01-08T00:02:39Z</when>
          <when>1970-01-08T00:02:43Z</when>
          <when>1970-01-08T00:02:48Z</when>
          <when>1970-01-08T00:02:49Z</when>
          <when>1970-01-08T00:02:51Z</when>
          <when>1970-01-08T00:02:52Z</when>
          <when>1970-01-08T00:02:54Z</when>
          <when>1970-01-08T00:03:04Z</when>
          <when>1970-01-08T00:03:10Z</when>
          <when>1970-01-08T00:03:13Z</when>
          <when>1970-01-08T00:03:16Z</when>
          <when>1970-01-08T00:03:20Z</when>
          <when>1970-01-08T00:03:23Z</when>
          <when>1970-01-08T00:03:25Z</when>
          <when>1970-01-08T00:03:31Z</when>
          <when>1970-01-08T00:03:33Z</when>
          <when>1970-01-08T00:03:40Z</when>
          <when>1970-01-08T00:03:42Z</when>
          <when>1970-01-08T00:03:43Z</when>
          <when>1970-01-08T00:03:45Z</when>
          <when>1970-01-08T00:03:48Z</when>
          <when>1970-01-08T00:03:50Z</when>
          <when>1970-01-08T00:03:53Z</when>
          <when>1970-01-08T00:03:57Z</when>
          <when>1970-01-08T00:03:59Z</when>
          <when>1970-01-08T00:04:02Z</when>
          <when>1970-01-08T00:04:08Z</when>
          <when>1970-01-08T00:04:10Z</when>
          <when>1970-01-08T00:04:13Z</when>
          <when>1970-01-08T00:04:16Z</when>
          <when>1970-01-08T00:04:18Z</when>
          <when>1970-01-08T00:04:22Z</when>
          <when>1970-01-08T00:04:26Z</when>
          <when>1970-01-08T00:04:28Z</when>
          <when>1970-01-08T00:04:39Z</when>
          <when>1970-01-08T00:04:45Z</when>
          <when>1970-01-08T00:04:59Z</when>
          <when>1970-01-08T00:05:02Z</when>
          <when>1970-01-08T00:05:12Z</when>
          <when>1970-01-08T00:05:15Z</when>
          <when>1970-01-08T00:05:26Z</when>
          <when>1970-01-08T00:05:29Z</when>
          <when>1970-01-08T00:05:41Z</when>
          <when>1970-01-08T00:05:54Z</when>
          <when>1970-01-08T00:05:58Z</when>
          <when>1970-01-08T00:06:01Z</when>
          <when>1970-01-08T00:06:06Z</when>
          <when>1970-01-08T00:06:18Z</when>
          <when>1970-01-08T00:06:19Z</when>
          <when>1970-01-08T00:06:24Z</when>
          <when>1970-01-08T00:06:30Z</when>
          <when>1970-01-08T00:06:31Z</when>
          <when>1970-01-08T00:06:35Z</when>
          <when>1970-01-08T00:06:38Z</when>
          <when>1970-01-08T00:06:39Z</when>
          <when>1970-01-08T00:06:41Z</when>
          <when>1970-01-08T00:06:42Z</when>
          <when>1970-01-08T00:06:44Z</when>
          <when>1970-01-08T00:06:49Z</when>
          <when>1970-01-08T00:06:56Z</when>
          <when>1970-01-08T00:07:08Z</when>
          <when>1970-01-08T00:07:11Z</when>
          <when>1970-01-08T00:07:14Z</when>
          <when>1970-01-08T00:07:17Z</when>
          <when>1970-01-08T00:07:18Z</when>
          <when>1970-01-08T00:07:30Z</when>
          <when>1970-01-08T00:07:40Z</when>
          <when>1970-01-08T00:07:49Z</when>
          <when>1970-01-08T00:07:54Z</when>
          <when>1970-01-08T00:08:00Z</when>
          <when>1970-01-08T00:08:04Z</when>
          <when>1970-01-08T00:08:13Z</when>
          <when>1970-01-08T00:08:15Z</when>
          <when>1970-01-08T00:08:23Z</when>
          <when>1970-01-08T00:08:33Z</when>
          <when>1970-01-08T00:08:41Z</when>
          <when>1970-01-08T00:08:50Z</when>
          <when>1970-01-08T00:09:00Z</when>
          <when>1970-01-08T00:09:09Z</when>
          <when>1970-01-08T00:09:16Z</when>
          <when>1970-01-08T00:09:24Z</when>
          <when>1970-01-08T00:09:33Z</when>
          <when>1970-01-08T00:09:35Z</when>
          <when>1970-01-08T00:09:40Z</when>
          <when>1970-01-08T00:09:42Z</when>
          <when>1970-01-08T00:09:50Z</when>
          <when>1970-01-08T00:10:05Z</when>
          <when>1970-01-08T00:10:15Z</when>
          <when>1970-01-08T00:11:12Z</when>
          <when>1970-01-08T00:11:13Z</when>
          <when>1970-01-08T00:11:20Z</when>
          <when>1970-01-08T00:11:24Z</when>
          <when>1970-01-08T00:11:26Z</when>
          <when>1970-01-08T00:11:27Z</when>
          <when>1970-01-08T00:11:41Z</when>
          <when>1970-01-08T00:11:46Z</when>
          <when>1970-01-08T00:11:53Z</when>
          <when>1970-01-08T00:11:54Z</when>
          <when>1970-01-08T00:11:56Z</when>
          <when>1970-01-08T00:11:57Z</when>
          <when>1970-01-08T00:12:00Z</when>
          <when>1970-01-08T00:12:08Z</when>
          <when>1970-01-08T00:12:13Z</when>
          <when>1970-01-08T00:12:16Z</when>
          <when>1970-01-08T00:12:21Z</when>
          <when>1970-01-08T00:12:30Z</when>
          <when>1970-01-08T00:12:36Z</when>
          <when>1970-01-08T00:12:39Z</when>
          <when>1970-01-08T00:12:48Z</when>
          <when>1970-01-08T00:12:52Z</when>
          <when>1970-01-08T00:12:54Z</when>
          <when>1970-01-08T00:12:58Z</when>
          <when>1970-01-08T00:13:00Z</when>
          <when>1970-01-08T00:13:11Z</when>
          <when>1970-01-08T00:13:15Z</when>
          <when>1970-01-08T00:13:17Z</when>
          <when>1970-01-08T00:13:24Z</when>
          <when>1970-01-08T00:13:26Z</when>
          <when>1970-01-08T00:13:27Z</when>
          <when>1970-01-08T00:13:34Z</when>
          <when>1970-01-08T00:13:38Z</when>
          <when>1970-01-08T00:13:40Z</when>
          <when>1970-01-08T00:13:42Z</when>
          <when>1970-01-08T00:13:46Z</when>
          <when>1970-01-08T00:13:47Z</when>
          <when>1970-01-08T00:13:57Z</when>
          <when>1970-01-08T00:14:10Z</when>
          <when>1970-01-08T00:14:15Z</when>
          <when>1970-01-08T00:14:17Z</when>
          <when>1970-01-08T00:14:19Z</when>
          <when>1970-01-08T00:14:26Z</when>
          <when>1970-01-08T00:14:28Z</when>
          <when>1970-01-08T00:14:29Z</when>
          <when>1970-01-08T00:14:33Z</when>
          <when>1970-01-08T00:14:37Z</when>
          <when>1970-01-08T00:14:38Z</when>
          <when>1970-01-08T00:14:47Z</when>
          <when>1970-01-08T00:14:50Z</when>
          <when>1970-01-08T00:15:02Z</when>
          <when>1970-01-08T00:15:04Z</when>
          <when>1970-01-08T00:15:19Z</when>
          <when>1970-01-08T00:15:21Z</when>
          <when>1970-01-08T00:15:22Z</when>
          <when>1970-01-08T00:15:23Z</when>
          <when>1970-01-08T00:15:24Z</when>
          <when>1970-01-08T00:15:26Z</when>
          <when>1970-01-08T00:15:31Z</when>
          <when>1970-01-08T00:15:32Z</when>
          <when>1970-01-08T00:15:34Z</when>
          <when>1970-01-08T00:15:36Z</when>
          <when>1970-01-08T00:15:39Z</when>
          <when>1970-01-08T00:15:47Z</when>
          <when>1970-01-08T00:15:59Z</when>
          <when>1970-01-08T00:16:01Z</when>
          <when>1970-01-08T00:16:08Z</when>
          <when>1970-01-08T00:16:11Z</when>
          <when>1970-01-08T00:16:23Z</when>
          <when>1970-01-08T00:16:25Z</when>
          <when>1970-01-08T00:16:26Z</when>
          <when>1970-01-08T00:16:31Z</when>
          <when>1970-01-08T00:16:40Z</when>
          <when>1970-01-08T00:16:41Z</when>
          <when>1970-01-08T00:16:45Z</when>
          <when>1970-01-08T00:16:50Z</when>
          <when>1970-01-08T00:16:57Z</when>
          <when>1970-01-08T00:17:03Z</when>
          <when>1970-01-08T00:17:06Z</when>
          <when>1970-01-08T00:17:10Z</when>
          <when>1970-01-08T00:17:15Z</when>
          <when>1970-01-08T00:17:17Z</when>
          <when>1970-01-08T00:17:24Z</when>
          <when>1970-01-08T00:17:33Z</when>
          <when>1970-01-08T00:17:35Z</when>
          <when>1970-01-08T00:17:37Z</when>
          <when>1970-01-08T00:17:43Z</when>
          <when>1970-01-08T00:17:49Z</when>
          <when>1970-01-08T00:17:52Z</when>
          <when>1970-01-08T00:17:54Z</when>
          <when>1970-01-08T00:18:00Z</when>
          <when>1970-01-08T00:18:08Z</when>
          <when>1970-01-08T00:18:12Z</when>
          <when>1970-01-08T00:18:14Z</when>
          <when>1970-01-08T00:18:20Z</when>
          <when>1970-01-08T00:18:28Z</when>
          <when>1970-01-08T00:18:29Z</when>
          <when>1970-01-08T00:18:30Z</when>
          <when>1970-01-08T00:18:32Z</when>
          <when>1970-01-08T00:18:35Z</when>
          <when>1970-01-08T00:18:40Z</when>
          <when>1970-01-08T00:18:47Z</when>
          <when>1970-01-08T00:18:49Z</when>
          <when>1970-01-08T00:18:57Z</when>
          <when>1970-01-08T00:19:01Z</when>
          <when>1970-01-08T00:19:08Z</when>
          <when>1970-01-08T00:19:09Z</when>
          <when>1970-01-08T00:19:11Z</when>
          <when>1970-01-08T00:19:17Z</when>
          <when>1970-01-08T00:19:26Z</when>
          <when>1970-01-08T00:19:32Z</when>
          <when>1970-01-08T00:19:33Z</when>
          <when>1970-01-08T00:19:37Z</when>
          <when>1970-01-08T00:19:43Z</when>
          <when>1970-01-08T00:19:51Z</when>
          <when>1970-01-08T00:19:59Z</when>
          <when>1970-01-08T00:20:00Z</when>
          <when>1970-01-08T00:20:05Z</when>
          <when>1970-01-08T00:20:15Z</when>
          <when>1970-01-08T00:20:17Z</when>
          <when>1970-01-08T00:20:25Z</when>
          <when>1970-01-08T00:20:32Z</when>
          <when>1970-01-08T00:20:34Z</when>
          <when>1970-01-08T00:20:36Z</when>
          <when>1970-01-08T00:20:43Z</when>
          <when>1970-01-08T00:20:45Z</when>
          <when>1970-01-08T00:20:54Z</when>
          <when>1970-01-08T00:21:02Z</when>
          <when>1970-01-08T00:21:10Z</when>
          <when>1970-01-08T00:21:11Z</when>
          <when>1970-01-08T00:21:12Z</when>
          <when>1970-01-08T00:21:14Z</when>
          <when>1970-01-08T00:21:23Z</when>
          <when>1970-01-08T00:21:27Z</when>
          <when>1970-01-08T00:21:35Z</when>
          <when>1970-01-08T00:21:38Z</when>
          <when>1970-01-08T00:21:41Z</when>
          <when>1970-01-08T00:21:44Z</when>
          <when>1970-01-08T00:21:46Z</when>
          <when>1970-01-08T00:21:50Z</when>
          <when>1970-01-08T00:21:51Z</when>
          <when>1970-01-08T00:21:53Z</when>
          <when>1970-01-08T00:21:54Z</when>
          <when>1970-01-08T00:21:56Z</when>
          <when>1970-01-08T00:21:59Z</when>
          <when>1970-01-08T00:22:02Z</when>
          <when>1970-01-08T00:22:08Z</when>
          <when>1970-01-08T00:22:12Z</when>
          <when>1970-01-08T00:22:18Z</when>
          <when>1970-01-08T00:22:22Z</when>
          <when>1970-01-08T00:22:25Z</when>
          <when>1970-01-08T00:22:27Z</when>
          <when>1970-01-08T00:22:34Z</when>
          <when>1970-01-08T00:22:36Z</when>
          <when>1970-01-08T00:22:38Z</when>
          <when>1970-01-08T00:22:40Z</when>
          <when>1970-01-08T00:22:42Z</when>
          <when>1970-01-08T00:22:47Z</when>
          <when>1970-01-08T00:22:51Z</when>
          <when>1970-01-08T00:23:03Z</when>
          <when>1970-01-08T00:23:05Z</when>
          <when>1970-01-08T00:23:06Z</when>
          <when>1970-01-08T00:23:07Z</when>
          <when>1970-01-08T00:23:10Z</when>
          <when>1970-01-08T00:23:13Z</when>
          <when>1970-01-08T00:23:14Z</when>
          <when>1970-01-08T00:23:15Z</when>
          <when>1970-01-08T00:23:16Z</when>
          <when>1970-01-08T00:23:20Z</when>
          <when>1970-01-08T00:23:22Z</when>
          <when>1970-01-08T00:23:24Z</when>
          <when>1970-01-08T00:23:25Z</when>
          <when>1970-01-08T00:23:27Z</when>
          <when>1970-01-08T00:23:30Z</when>
          <when>1970-01-08T00:23:32Z</when>
          <when>1970-01-08T00:23:40Z</when>
          <when>1970-01-08T00:23:41Z</when>
          <when>1970-01-08T00:23:52Z</when>
          <when>1970-01-08T00:24:09Z</when>
          <when>1970-01-08T00:24:24Z</when>
          <when>1970-01-08T00:24:25Z</when>
          <when>1970-01-08T00:24:28Z</when>
          <when>1970-01-08T00:24:31Z</when>
          <when>1970-01-08T00:24:32Z</when>
          <when>1970-01-08T00:24:33Z</when>
          <when>1970-01-08T00:24:34Z</when>
          <when>1970-01-08T00:24:36Z</when>
          <when>1970-01-08T00:24:39Z</when>
          <when>1970-01-08T00:24:41Z</when>
          <when>1970-01-08T00:24:43Z</when>
          <when>1970-01-08T00:24:45Z</when>
          <when>1970-01-08T00:24:48Z</when>
          <when>1970-01-08T00:24:51Z</when>
          <when>1970-01-08T00:24:52Z</when>
          <when>1970-01-08T00:24:53Z</when>
          <when>1970-01-08T00:24:56Z</when>
          <when>1970-01-08T00:24:58Z</when>
          <when>1970-01-08T00:25:10Z</when>
          <when>1970-01-08T00:25:14Z</when>
          <when>1970-01-08T00:25:29Z</when>
          <when>1970-01-08T00:25:31Z</when>
          <when>1970-01-08T00:25:33Z</when>
          <when>1970-01-08T00:25:44Z</when>
          <when>1970-01-08T00:25:48Z</when>
          <when>1970-01-08T00:25:54Z</when>
          <when>1970-01-08T00:25:55Z</when>
          <when>1970-01-08T00:26:03Z</when>
          <when>1970-01-08T00:26:05Z</when>
          <when>1970-01-08T00:26:07Z</when>
          <when>1970-01-08T00:26:09Z</when>
          <when>1970-01-08T00:26:16Z</when>
          <when>1970-01-08T00:26:23Z</when>
          <when>1970-01-08T00:26:25Z</when>
          <when>1970-01-08T00:26:30Z</when>
          <when>1970-01-08T00:26:32Z</when>
          <when>1970-01-08T00:26:38Z</when>
          <when>1970-01-08T00:26:47Z</when>
          <when>1970-01-08T00:26:49Z</when>
          <when>1970-01-08T00:26:50Z</when>
          <when>1970-01-08T00:26:51Z</when>
          <when>1970-01-08T00:26:52Z</when>
          <when>1970-01-08T00:26:53Z</when>
          <when>1970-01-08T00:26:56Z</when>
          <when>1970-01-08T00:27:06Z</when>
          <when>1970-01-08T00:27:10Z</when>
          <when>1970-01-08T00:27:12Z</when>
          <when>1970-01-08T00:27:13Z</when>
          <when>1970-01-08T00:27:17Z</when>
          <when>1970-01-08T00:27:18Z</when>
          <when>1970-01-08T00:27:20Z</when>
          <when>1970-01-08T00:27:22Z</when>
          <when>1970-01-08T00:27:25Z</when>
          <when>1970-01-08T00:27:26Z</when>
          <when>1970-01-08T00:27:27Z</when>
          <when>1970-01-08T00:27:30Z</when>
          <when>1970-01-08T00:27:36Z</when>
          <when>1970-01-08T00:27:42Z</when>
          <when>1970-01-08T00:27:45Z</when>
          <when>1970-01-08T00:27:46Z</when>
          <when>1970-01-08T00:27:47Z</when>
          <when>1970-01-08T00:27:58Z</when>
          <when>1970-01-08T00:28:05Z</when>
          <when>1970-01-08T00:28:09Z</when>
          <when>1970-01-08T00:28:11Z</when>
          <when>1970-01-08T00:28:19Z</when>
          <when>1970-01-08T00:28:24Z</when>
          <when>1970-01-08T00:28:30Z</when>
          <when>1970-01-08T00:28:39Z</when>
          <when>1970-01-08T00:28:41Z</when>
          <when>1970-01-08T00:28:52Z</when>
          <when>1970-01-08T00:28:53Z</when>
          <when>1970-01-08T00:28:56Z</when>
          <when>1970-01-08T00:29:00Z</when>
          <when>1970-01-08T00:29:14Z</when>
          <when>1970-01-08T00:29:16Z</when>
          <when>1970-01-08T00:29:17Z</when>
          <when>1970-01-08T00:29:24Z</when>
          <when>1970-01-08T00:29:29Z</when>
          <when>1970-01-08T00:29:34Z</when>
          <when>1970-01-08T00:29:41Z</when>
          <when>1970-01-08T00:29:42Z</when>
          <when>1970-01-08T00:29:45Z</when>
          <when>1970-01-08T00:29:47Z</when>
          <when>1970-01-08T00:29:49Z</when>
          <when>1970-01-08T00:29:54Z</when>
          <when>1970-01-08T00:29:57Z</when>
          <when>1970-01-08T00:30:04Z</when>
          <when>1970-01-08T00:30:06Z</when>
          <when>1970-01-08T00:30:07Z</when>
          <when>1970-01-08T00:30:19Z</when>
          <when>1970-01-08T00:30:23Z</when>
          <when>1970-01-08T00:30:24Z</when>
          <when>1970-01-08T00:30:26Z</when>
          <when>1970-01-08T00:30:31Z</when>
          <when>1970-01-08T00:30:37Z</when>
          <when>1970-01-08T00:30:41Z</when>
          <when>1970-01-08T00:30:43Z</when>
          <when>1970-01-08T00:30:51Z</when>
          <when>1970-01-08T00:30:53Z</when>
          <when>1970-01-08T00:30:58Z</when>
          <when>1970-01-08T00:31:06Z</when>
          <when>1970-01-08T00:31:07Z</when>
          <when>1970-01-08T00:31:09Z</when>
          <when>1970-01-08T00:31:16Z</when>
          <when>1970-01-08T00:31:19Z</when>
          <when>1970-01-08T00:31:26Z</when>
          <when>1970-01-08T00:31:28Z</when>
          <when>1970-01-08T00:31:33Z</when>
          <when>1970-01-08T00:31:44Z</when>
          <when>1970-01-08T00:31:51Z</when>
          <when>1970-01-08T00:31:55Z</when>
          <when>1970-01-08T00:32:04Z</when>
          <when>1970-01-08T00:32:06Z</when>
          <when>1970-01-08T00:32:10Z</when>
          <when>1970-01-08T00:32:11Z</when>
          <when>1970-01-08T00:32:25Z</when>
          <when>1970-01-08T00:32:26Z</when>
          <when>1970-01-08T00:32:35Z</when>
          <when>1970-01-08T00:32:40Z</when>
          <when>1970-01-08T00:32:46Z</when>
          <when>1970-01-08T00:32:49Z</when>
          <when>1970-01-08T00:32:51Z</when>
          <when>1970-01-08T00:32:57Z</when>
          <when>1970-01-08T00:33:00Z</when>
          <when>1970-01-08T00:33:04Z</when>
          <when>1970-01-08T00:33:06Z</when>
          <when>1970-01-08T00:33:09Z</when>
          <when>1970-01-08T00:33:15Z</when>
          <when>1970-01-08T00:33:17Z</when>
          <when>1970-01-08T00:33:22Z</when>
          <when>1970-01-08T00:33:26Z</when>
          <when>1970-01-08T00:33:29Z</when>
          <when>1970-01-08T00:33:44Z</when>
          <when>1970-01-08T00:33:51Z</when>
          <when>1970-01-08T00:33:59Z</when>
          <when>1970-01-08T00:34:01Z</when>
          <when>1970-01-08T00:34:04Z</when>
          <when>1970-01-08T00:34:06Z</when>
          <when>1970-01-08T00:34:15Z</when>
          <when>1970-01-08T00:34:22Z</when>
          <when>1970-01-08T00:34:23Z</when>
          <when>1970-01-08T00:34:24Z</when>
          <when>1970-01-08T00:34:28Z</when>
          <when>1970-01-08T00:34:30Z</when>
          <when>1970-01-08T00:34:33Z</when>
          <when>1970-01-08T00:34:37Z</when>
          <when>1970-01-08T00:34:39Z</when>
          <when>1970-01-08T00:34:42Z</when>
          <when>1970-01-08T00:34:52Z</when>
          <when>1970-01-08T00:34:57Z</when>
          <when>1970-01-08T00:34:58Z</when>
          <when>1970-01-08T00:35:00Z</when>
          <when>1970-01-08T00:35:03Z</when>
          <when>1970-01-08T00:35:07Z</when>
          <when>1970-01-08T00:35:18Z</when>
          <when>1970-01-08T00:35:19Z</when>
          <when>1970-01-08T00:35:20Z</when>
          <when>1970-01-08T00:35:25Z</when>
          <when>1970-01-08T00:35:27Z</when>
          <when>1970-01-08T00:35:30Z</when>
          <when>1970-01-08T00:35:41Z</when>
          <when>1970-01-08T00:35:45Z</when>
          <when>1970-01-08T00:35:49Z</when>
          <when>1970-01-08T00:35:50Z</when>
          <when>1970-01-08T00:35:58Z</when>
          <when>1970-01-08T00:36:06Z</when>
          <when>1970-01-08T00:36:15Z</when>
          <when>1970-01-08T00:36:18Z</when>
          <when>1970-01-08T00:36:20Z</when>
          <when>1970-01-08T00:36:25Z</when>
          <when>1970-01-08T00:36:27Z</when>
          <when>1970-01-08T00:36:33Z</when>
          <when>1970-01-08T00:36:47Z</when>
          <when>1970-01-08T00:36:49Z</when>
          <when>1970-01-08T00:36:55Z</when>
          <when>1970-01-08T00:36:57Z</when>
          <when>1970-01-08T00:36:59Z</when>
          <when>1970-01-08T00:37:04Z</when>
          <when>1970-01-08T00:37:08Z</when>
          <when>1970-01-08T00:37:10Z</when>
          <when>1970-01-08T00:37:12Z</when>
          <when>1970-01-08T00:37:13Z</when>
          <when>1970-01-08T00:37:14Z</when>
          <when>1970-01-08T00:37:16Z</when>
          <when>1970-01-08T00:37:17Z</when>
          <when>1970-01-08T00:37:19Z</when>
          <when>1970-01-08T00:37:26Z</when>
          <when>1970-01-08T00:37:29Z</when>
          <when>1970-01-08T00:37:32Z</when>
          <when>1970-01-08T00:37:35Z</when>
          <when>1970-01-08T00:37:38Z</when>
          <when>1970-01-08T00:37:40Z</when>
          <when>1970-01-08T00:37:41Z</when>
          <when>1970-01-08T00:37:42Z</when>
          <when>1970-01-08T00:37:45Z</when>
          <when>1970-01-08T00:37:47Z</when>
          <when>1970-01-08T00:37:54Z</when>
          <when>1970-01-08T00:37:55Z</when>
          <when>1970-01-08T00:37:56Z</when>
          <when>1970-01-08T00:37:58Z</when>
          <when>1970-01-08T00:37:59Z</when>
          <when>1970-01-08T00:38:00Z</when>
          <when>1970-01-08T00:38:03Z</when>
          <when>1970-01-08T00:38:06Z</when>
          <when>1970-01-08T00:38:08Z</when>
          <when>1970-01-08T00:38:11Z</when>
          <when>1970-01-08T00:38:12Z</when>
          <when>1970-01-08T00:38:14Z</when>
          <when>1970-01-08T00:38:18Z</when>
          <when>1970-01-08T00:38:21Z</when>
          <when>1970-01-08T00:38:27Z</when>
          <when>1970-01-08T00:38:30Z</when>
          <when>1970-01-08T00:38:32Z</when>
          <when>1970-01-08T00:38:34Z</when>
          <when>1970-01-08T00:38:36Z</when>
          <when>1970-01-08T00:38:37Z</when>
          <when>1970-01-08T00:38:40Z</when>
          <when>1970-01-08T00:38:44Z</when>
          <when>1970-01-08T00:38:45Z</when>
          <when>1970-01-08T00:38:46Z</when>
          <when>1970-01-08T00:38:48Z</when>
          <when>1970-01-08T00:38:51Z</when>
          <when>1970-01-08T00:38:57Z</when>
          <when>1970-01-08T00:38:58Z</when>
          <when>1970-01-08T00:39:02Z</when>
          <when>1970-01-08T00:39:05Z</when>
          <when>1970-01-08T00:39:07Z</when>
          <when>1970-01-08T00:39:09Z</when>
          <when>1970-01-08T00:39:11Z</when>
          <when>1970-01-08T00:39:12Z</when>
          <when>1970-01-08T00:39:15Z</when>
          <when>1970-01-08T00:39:19Z</when>
          <when>1970-01-08T00:39:20Z</when>
          <when>1970-01-08T00:39:24Z</when>
          <when>1970-01-08T00:39:28Z</when>
          <when>1970-01-08T00:39:33Z</when>
          <when>1970-01-08T00:39:39Z</when>
          <when>1970-01-08T00:39:40Z</when>
          <when>1970-01-08T00:39:43Z</when>
          <when>1970-01-08T00:39:49Z</when>
          <when>1970-01-08T00:39:52Z</when>
          <when>1970-01-08T00:39:56Z</when>
          <when>1970-01-08T00:40:00Z</when>
          <when>1970-01-08T00:40:03Z</when>
          <when>1970-01-08T00:40:06Z</when>
          <when>1970-01-08T00:40:08Z</when>
          <when>1970-01-08T00:40:11Z</when>
          <when>1970-01-08T00:40:14Z</when>
          <when>1970-01-08T00:40:16Z</when>
          <when>1970-01-08T00:40:17Z</when>
          <when>1970-01-08T00:40:19Z</when>
          <when>1970-01-08T00:40:21Z</when>
          <when>1970-01-08T00:40:26Z</when>
          <when>1970-01-08T00:40:30Z</when>
          <when>1970-01-08T00:40:33Z</when>
          <when>1970-01-08T00:40:35Z</when>
          <when>1970-01-08T00:40:36Z</when>
          <when>1970-01-08T00:40:38Z</when>
          <when>1970-01-08T00:40:40Z</when>
          <when>1970-01-08T00:40:44Z</when>
          <when>1970-01-08T00:40:45Z</when>
          <when>1970-01-08T00:40:46Z</when>
          <when>1970-01-08T00:40:48Z</when>
          <when>1970-01-08T00:40:49Z</when>
          <when>1970-01-08T00:40:50Z</when>
          <when>1970-01-08T00:40:53Z</when>
          <when>1970-01-08T00:40:54Z</when>
          <when>1970-01-08T00:40:56Z</when>
          <when>1970-01-08T00:40:58Z</when>
          <when>1970-01-08T00:41:02Z</when>
          <when>1970-01-08T00:41:06Z</when>
          <when>1970-01-08T00:41:09Z</when>
          <when>1970-01-08T00:41:11Z</when>
          <when>1970-01-08T00:41:14Z</when>
          <when>1970-01-08T00:41:17Z</when>
          <when>1970-01-08T00:41:20Z</when>
          <when>1970-01-08T00:41:22Z</when>
          <when>1970-01-08T00:41:23Z</when>
          <when>1970-01-08T00:41:28Z</when>
          <when>1970-01-08T00:41:35Z</when>
          <when>1970-01-08T00:45:22Z</when>
          <when>1970-01-08T00:45:35Z</when>
          <when>1970-01-08T00:45:46Z</when>
          <when>1970-01-08T00:45:58Z</when>
          <when>1970-01-08T00:46:09Z</when>
          <when>1970-01-08T00:46:13Z</when>
          <when>1970-01-08T00:46:24Z</when>
          <when>1970-01-08T00:46:28Z</when>
          <when>1970-01-08T00:46:34Z</when>
          <when>1970-01-08T00:46:55Z</when>
          <when>1970-01-08T00:46:59Z</when>
          <when>1970-01-08T00:47:01Z</when>
          <when>1970-01-08T00:47:04Z</when>
          <when>1970-01-08T00:47:05Z</when>
          <when>1970-01-08T00:47:07Z</when>
          <when>1970-01-08T00:47:09Z</when>
          <when>1970-01-08T00:47:10Z</when>
          <when>1970-01-08T00:47:12Z</when>
          <when>1970-01-08T00:47:14Z</when>
          <when>1970-01-08T00:47:16Z</when>
          <when>1970-01-08T00:47:20Z</when>
          <when>1970-01-08T00:47:26Z</when>
          <when>1970-01-08T00:48:01Z</when>
          <when>1970-01-08T00:48:05Z</when>
          <when>1970-01-08T00:48:12Z</when>
          <when>1970-01-08T00:48:18Z</when>
          <when>1970-01-08T00:48:19Z</when>
          <when>1970-01-08T00:48:21Z</when>
          <when>1970-01-08T00:48:26Z</when>
          <when>1970-01-08T00:48:28Z</when>
          <when>1970-01-08T00:48:30Z</when>
          <when>1970-01-08T00:48:37Z</when>
          <when>1970-01-08T00:48:41Z</when>
          <when>1970-01-08T00:48:44Z</when>
          <when>1970-01-08T00:48:48Z</when>
          <when>1970-01-08T00:48:50Z</when>
          <when>1970-01-08T00:48:53Z</when>
          <when>1970-01-08T00:48:57Z</when>
          <when>1970-01-08T00:49:00Z</when>
          <when>1970-01-08T00:49:23Z</when>
          <when>1970-01-08T00:49:25Z</when>
          <when>1970-01-08T00:49:27Z</when>
          <when>1970-01-08T00:49:28Z</when>
          <when>1970-01-08T00:49:29Z</when>
          <when>1970-01-08T00:49:30Z</when>
          <when>1970-01-08T00:49:36Z</when>
          <when>1970-01-08T00:49:40Z</when>
          <when>1970-01-08T00:49:47Z</when>
          <when>1970-01-08T00:49:48Z</when>
          <when>1970-01-08T00:49:53Z</when>
          <when>1970-01-08T00:49:57Z</when>
          <when>1970-01-08T00:50:00Z</when>
          <when>1970-01-08T00:50:03Z</when>
          <when>1970-01-08T00:50:05Z</when>
          <when>1970-01-08T00:50:08Z</when>
          <when>1970-01-08T00:50:11Z</when>
          <when>1970-01-08T00:50:14Z</when>
          <when>1970-01-08T00:50:15Z</when>
          <when>1970-01-08T00:50:18Z</when>
          <when>1970-01-08T00:50:20Z</when>
          <when>1970-01-08T00:50:21Z</when>
          <when>1970-01-08T00:50:23Z</when>
          <when>1970-01-08T00:50:24Z</when>
          <when>1970-01-08T00:50:26Z</when>
          <when>1970-01-08T00:50:28Z</when>
          <when>1970-01-08T00:50:29Z</when>
          <when>1970-01-08T00:50:32Z</when>
          <when>1970-01-08T00:50:36Z</when>
          <when>1970-01-08T00:50:44Z</when>
          <when>1970-01-08T00:50:47Z</when>
          <when>1970-01-08T00:50:48Z</when>
          <when>1970-01-08T00:50:52Z</when>
          <when>1970-01-08T00:50:58Z</when>
          <when>1970-01-08T00:51:00Z</when>
          <when>1970-01-08T00:51:05Z</when>
          <when>1970-01-08T00:51:08Z</when>
          <when>1970-01-08T00:51:10Z</when>
          <when>1970-01-08T00:51:17Z</when>
          <when>1970-01-08T00:51:19Z</when>
          <when>1970-01-08T00:51:24Z</when>
          <when>1970-01-08T00:51:26Z</when>
          <when>1970-01-08T00:51:29Z</when>
          <when>1970-01-08T00:51:31Z</when>
          <when>1970-01-08T00:51:32Z</when>
          <when>1970-01-08T00:51:36Z</when>
          <when>1970-01-08T00:51:37Z</when>
          <when>1970-01-08T00:51:40Z</when>
          <when>1970-01-08T00:51:41Z</when>
          <when>1970-01-08T00:51:46Z</when>
          <when>1970-01-08T00:51:50Z</when>
          <when>1970-01-08T00:51:53Z</when>
          <when>1970-01-08T00:51:54Z</when>
          <when>1970-01-08T00:51:57Z</when>
          <when>1970-01-08T00:52:01Z</when>
          <when>1970-01-08T00:52:03Z</when>
          <when>1970-01-08T00:52:05Z</when>
          <when>1970-01-08T00:52:10Z</when>
          <when>1970-01-08T00:52:11Z</when>
          <when>1970-01-08T00:52:12Z</when>
          <when>1970-01-08T00:52:18Z</when>
          <when>1970-01-08T00:52:21Z</when>
          <when>1970-01-08T00:52:22Z</when>
          <when>1970-01-08T00:52:25Z</when>
          <when>1970-01-08T00:52:29Z</when>
          <when>1970-01-08T00:52:31Z</when>
          <when>1970-01-08T00:52:33Z</when>
          <when>1970-01-08T00:52:36Z</when>
          <when>1970-01-08T00:52:41Z</when>
          <when>1970-01-08T00:52:57Z</when>
          <when>1970-01-08T00:53:02Z</when>
          <when>1970-01-08T00:53:05Z</when>
          <when>1970-01-08T00:53:07Z</when>
          <when>1970-01-08T00:53:09Z</when>
          <when>1970-01-08T00:53:15Z</when>
          <when>1970-01-08T00:53:19Z</when>
          <when>1970-01-08T00:53:20Z</when>
          <when>1970-01-08T00:53:21Z</when>
          <when>1970-01-08T00:53:22Z</when>
          <when>1970-01-08T00:53:25Z</when>
          <when>1970-01-08T00:53:26Z</when>
          <when>1970-01-08T00:53:28Z</when>
          <when>1970-01-08T00:53:29Z</when>
          <when>1970-01-08T00:53:30Z</when>
          <when>1970-01-08T00:53:32Z</when>
          <when>1970-01-08T00:53:34Z</when>
          <when>1970-01-08T00:53:35Z</when>
          <when>1970-01-08T00:53:37Z</when>
          <when>1970-01-08T00:53:39Z</when>
          <when>1970-01-08T00:53:41Z</when>
          <when>1970-01-08T00:53:43Z</when>
          <when>1970-01-08T00:53:44Z</when>
          <when>1970-01-08T00:53:47Z</when>
          <when>1970-01-08T00:53:48Z</when>
          <when>1970-01-08T00:53:49Z</when>
          <when>1970-01-08T00:53:51Z</when>
          <when>1970-01-08T00:53:52Z</when>
          <when>1970-01-08T00:53:53Z</when>
          <when>1970-01-08T00:54:05Z</when>
          <when>1970-01-08T00:54:25Z</when>
          <when>1970-01-08T00:54:27Z</when>
          <when>1970-01-08T00:54:30Z</when>
          <when>1970-01-08T00:54:31Z</when>
          <when>1970-01-08T00:54:33Z</when>
          <when>1970-01-08T00:54:34Z</when>
          <when>1970-01-08T00:54:35Z</when>
          <when>1970-01-08T00:54:37Z</when>
          <when>1970-01-08T00:54:44Z</when>
          <when>1970-01-08T00:54:45Z</when>
          <when>1970-01-08T00:54:49Z</when>
          <when>1970-01-08T00:54:51Z</when>
          <when>1970-01-08T00:54:53Z</when>
          <when>1970-01-08T00:54:59Z</when>
          <when>1970-01-08T00:55:00Z</when>
          <when>1970-01-08T00:55:03Z</when>
          <when>1970-01-08T00:55:06Z</when>
          <when>1970-01-08T00:55:08Z</when>
          <when>1970-01-08T00:55:11Z</when>
          <when>1970-01-08T00:55:12Z</when>
          <when>1970-01-08T00:55:17Z</when>
          <when>1970-01-08T00:55:18Z</when>
          <when>1970-01-08T00:55:24Z</when>
          <when>1970-01-08T00:55:25Z</when>
          <when>1970-01-08T00:55:26Z</when>
          <when>1970-01-08T00:55:27Z</when>
          <when>1970-01-08T00:55:28Z</when>
          <when>1970-01-08T00:55:33Z</when>
          <when>1970-01-08T00:55:38Z</when>
          <when>1970-01-08T00:55:41Z</when>
          <when>1970-01-08T00:55:44Z</when>
          <when>1970-01-08T00:55:50Z</when>
          <when>1970-01-08T00:55:52Z</when>
          <when>1970-01-08T00:55:54Z</when>
          <when>1970-01-08T00:55:57Z</when>
          <when>1970-01-08T00:56:06Z</when>
          <when>1970-01-08T00:56:08Z</when>
          <when>1970-01-08T00:56:10Z</when>
          <when>1970-01-08T00:56:16Z</when>
          <when>1970-01-08T00:56:21Z</when>
          <when>1970-01-08T00:56:25Z</when>
          <when>1970-01-08T00:56:27Z</when>
          <when>1970-01-08T00:56:29Z</when>
          <when>1970-01-08T00:56:30Z</when>
          <when>1970-01-08T00:56:34Z</when>
          <when>1970-01-08T00:56:36Z</when>
          <when>1970-01-08T00:56:38Z</when>
          <when>1970-01-08T00:56:41Z</when>
          <when>1970-01-08T00:56:45Z</when>
          <when>1970-01-08T00:56:47Z</when>
          <when>1970-01-08T00:56:51Z</when>
          <when>1970-01-08T00:56:56Z</when>
          <when>1970-01-08T00:56:58Z</when>
          <when>1970-01-08T00:56:59Z</when>
          <when>1970-01-08T00:57:03Z</when>
          <when>1970-01-08T00:57:05Z</when>
          <when>1970-01-08T00:57:07Z</when>
          <when>1970-01-08T00:57:10Z</when>
          <when>1970-01-08T00:57:11Z</when>
          <when>1970-01-08T00:57:19Z</when>
          <when>1970-01-08T00:57:21Z</when>
          <when>1970-01-08T00:57:24Z</when>
          <when>1970-01-08T00:57:34Z</when>
          <when>1970-01-08T00:57:35Z</when>
          <when>1970-01-08T00:57:38Z</when>
          <when>1970-01-08T00:57:40Z</when>
          <when>1970-01-08T00:57:41Z</when>
          <when>1970-01-08T00:57:44Z</when>
          <when>1970-01-08T00:57:46Z</when>
          <when>1970-01-08T00:57:48Z</when>
          <when>1970-01-08T00:57:50Z</when>
          <when>1970-01-08T00:57:58Z</when>
          <when>1970-01-08T00:58:01Z</when>
          <when>1970-01-08T00:58:02Z</when>
          <when>1970-01-08T00:58:06Z</when>
          <when>1970-01-08T00:58:13Z</when>
          <when>1970-01-08T00:58:17Z</when>
          <when>1970-01-08T00:58:20Z</when>
          <when>1970-01-08T00:58:23Z</when>
          <when>1970-01-08T00:58:25Z</when>
          <when>1970-01-08T00:58:30Z</when>
          <when>1970-01-08T00:58:35Z</when>
          <when>1970-01-08T00:58:41Z</when>
          <when>1970-01-08T00:58:43Z</when>
          <when>1970-01-08T00:58:48Z</when>
          <when>1970-01-08T00:58:50Z</when>
          <when>1970-01-08T00:58:52Z</when>
          <when>1970-01-08T00:58:53Z</when>
          <when>1970-01-08T00:58:54Z</when>
          <when>1970-01-08T00:58:56Z</when>
          <when>1970-01-08T00:58:59Z</when>
          <when>1970-01-08T00:59:03Z</when>
          <when>1970-01-08T00:59:05Z</when>
          <when>1970-01-08T00:59:07Z</when>
          <when>1970-01-08T00:59:09Z</when>
          <when>1970-01-08T00:59:12Z</when>
          <when>1970-01-08T00:59:15Z</when>
          <when>1970-01-08T00:59:17Z</when>
          <when>1970-01-08T00:59:20Z</when>
          <when>1970-01-08T00:59:22Z</when>
          <when>1970-01-08T00:59:24Z</when>
          <when>1970-01-08T00:59:25Z</when>
          <when>1970-01-08T00:59:30Z</when>
          <when>1970-01-08T00:59:33Z</when>
          <when>1970-01-08T00:59:38Z</when>
          <when>1970-01-08T00:59:40Z</when>
          <when>1970-01-08T00:59:41Z</when>
          <when>1970-01-08T00:59:43Z</when>
          <when>1970-01-08T00:59:49Z</when>
          <when>1970-01-08T00:59:51Z</when>
          <when>1970-01-08T00:59:54Z</when>
          <when>1970-01-08T00:59:56Z</when>
          <when>1970-01-08T00:59:58Z</when>
          <when>1970-01-08T00:59:59Z</when>
          <when>1970-01-08T01:00:00Z</when>
          <when>1970-01-08T01:00:01Z</when>
          <when>1970-01-08T01:00:02Z</when>
          <when>1970-01-08T01:00:03Z</when>
          <when>1970-01-08T01:00:07Z</when>
          <when>1970-01-08T01:00:09Z</when>
          <when>1970-01-08T01:00:11Z</when>
          <when>1970-01-08T01:00:12Z</when>
          <when>1970-01-08T01:00:16Z</when>
          <when>1970-01-08T01:00:21Z</when>
          <when>1970-01-08T01:00:24Z</when>
          <when>1970-01-08T01:00:28Z</when>
          <when>1970-01-08T01:00:30Z</when>
          <when>1970-01-08T01:00:32Z</when>
          <when>1970-01-08T01:00:33Z</when>
          <when>1970-01-08T01:00:34Z</when>
          <when>1970-01-08T01:00:37Z</when>
          <when>1970-01-08T01:00:39Z</when>
          <when>1970-01-08T01:00:42Z</when>
          <when>1970-01-08T01:00:45Z</when>
          <when>1970-01-08T01:00:48Z</when>
          <when>1970-01-08T01:00:51Z</when>
          <when>1970-01-08T01:00:54Z</when>
          <when>1970-01-08T01:00:57Z</when>
          <when>1970-01-08T01:00:58Z</when>
          <when>1970-01-08T01:01:06Z</when>
          <when>1970-01-08T01:01:07Z</when>
          <when>1970-01-08T01:01:09Z</when>
          <when>1970-01-08T01:01:10Z</when>
          <when>1970-01-08T01:01:12Z</when>
          <when>1970-01-08T01:01:13Z</when>
          <when>1970-01-08T01:01:14Z</when>
          <when>1970-01-08T01:01:16Z</when>
          <when>1970-01-08T01:01:24Z</when>
          <when>1970-01-08T01:01:27Z</when>
          <when>1970-01-08T01:01:32Z</when>
          <when>1970-01-08T01:01:34Z</when>
          <when>1970-01-08T01:01:37Z</when>
          <when>1970-01-08T01:01:42Z</when>
          <when>1970-01-08T01:01:44Z</when>
          <when>1970-01-08T01:01:46Z</when>
          <when>1970-01-08T01:01:47Z</when>
          <when>1970-01-08T01:01:48Z</when>
          <when>1970-01-08T01:01:50Z</when>
          <when>1970-01-08T01:01:53Z</when>
          <when>1970-01-08T01:01:55Z</when>
          <when>1970-01-08T01:01:58Z</when>
          <when>1970-01-08T01:02:00Z</when>
          <when>1970-01-08T01:02:04Z</when>
          <when>1970-01-08T01:02:05Z</when>
          <when>1970-01-08T01:02:13Z</when>
          <when>1970-01-08T01:02:24Z</when>
          <when>1970-01-08T01:02:25Z</when>
          <when>1970-01-08T01:02:30Z</when>
          <when>1970-01-08T01:02:32Z</when>
          <when>1970-01-08T01:02:39Z</when>
          <when>1970-01-08T01:02:44Z</when>
          <when>1970-01-08T01:02:46Z</when>
          <when>1970-01-08T01:02:54Z</when>
          <when>1970-01-08T01:02:57Z</when>
          <when>1970-01-08T01:03:01Z</when>
          <when>1970-01-08T01:03:03Z</when>
          <when>1970-01-08T01:03:08Z</when>
          <when>1970-01-08T01:03:16Z</when>
          <when>1970-01-08T01:03:18Z</when>
          <when>1970-01-08T01:03:21Z</when>
          <when>1970-01-08T01:03:26Z</when>
          <when>1970-01-08T01:03:31Z</when>
          <when>1970-01-08T01:03:35Z</when>
          <when>1970-01-08T01:03:39Z</when>
          <when>1970-01-08T01:03:42Z</when>
          <when>1970-01-08T01:03:45Z</when>
          <when>1970-01-08T01:03:46Z</when>
          <when>1970-01-08T01:03:48Z</when>
          <when>1970-01-08T01:03:55Z</when>
          <when>1970-01-08T01:04:00Z</when>
          <when>1970-01-08T01:04:06Z</when>
          <when>1970-01-08T01:04:10Z</when>
          <when>1970-01-08T01:04:17Z</when>
          <when>1970-01-08T01:04:18Z</when>
          <when>1970-01-08T01:04:23Z</when>
          <when>1970-01-08T01:04:24Z</when>
          <when>1970-01-08T01:04:30Z</when>
          <when>1970-01-08T01:04:32Z</when>
          <when>1970-01-08T01:04:33Z</when>
          <when>1970-01-08T01:04:36Z</when>
          <when>1970-01-08T01:04:37Z</when>
          <when>1970-01-08T01:04:43Z</when>
          <when>1970-01-08T01:05:43Z</when>
          <when>1970-01-08T01:05:46Z</when>
          <when>1970-01-08T01:05:59Z</when>
          <when>1970-01-08T01:06:02Z</when>
          <when>1970-01-08T01:06:04Z</when>
          <when>1970-01-08T01:06:05Z</when>
          <when>1970-01-08T01:06:07Z</when>
          <when>1970-01-08T01:06:13Z</when>
          <when>1970-01-08T01:06:15Z</when>
          <when>1970-01-08T01:06:19Z</when>
          <when>1970-01-08T01:06:22Z</when>
          <when>1970-01-08T01:06:24Z</when>
          <when>1970-01-08T01:06:27Z</when>
          <when>1970-01-08T01:06:29Z</when>
          <when>1970-01-08T01:06:32Z</when>
          <when>1970-01-08T01:06:37Z</when>
          <when>1970-01-08T01:06:39Z</when>
          <when>1970-01-08T01:06:43Z</when>
          <when>1970-01-08T01:06:44Z</when>
          <when>1970-01-08T01:06:47Z</when>
          <when>1970-01-08T01:06:54Z</when>
          <when>1970-01-08T01:06:58Z</when>
          <when>1970-01-08T01:07:00Z</when>
          <when>1970-01-08T01:07:01Z</when>
          <when>1970-01-08T01:07:02Z</when>
          <when>1970-01-08T01:07:04Z</when>
          <when>1970-01-08T01:07:06Z</when>
          <when>1970-01-08T01:07:08Z</when>
          <when>1970-01-08T01:07:10Z</when>
          <when>1970-01-08T01:07:12Z</when>
          <when>1970-01-08T01:07:18Z</when>
          <when>1970-01-08T01:07:21Z</when>
          <when>1970-01-08T01:07:24Z</when>
          <when>1970-01-08T01:07:27Z</when>
          <when>1970-01-08T01:07:29Z</when>
          <when>1970-01-08T01:07:31Z</when>
          <when>1970-01-08T01:07:34Z</when>
          <when>1970-01-08T01:07:35Z</when>
          <when>1970-01-08T01:07:36Z</when>
          <when>1970-01-08T01:07:38Z</when>
          <when>1970-01-08T01:07:41Z</when>
          <when>1970-01-08T01:07:48Z</when>
          <when>1970-01-08T01:07:51Z</when>
          <when>1970-01-08T01:07:55Z</when>
          <when>1970-01-08T01:08:01Z</when>
          <when>1970-01-08T01:08:03Z</when>
          <when>1970-01-08T01:08:10Z</when>
          <when>1970-01-08T01:08:19Z</when>
          <when>1970-01-08T01:08:21Z</when>
          <when>1970-01-08T01:08:24Z</when>
          <when>1970-01-08T01:08:26Z</when>
          <when>1970-01-08T01:08:32Z</when>
          <when>1970-01-08T01:08:39Z</when>
          <when>1970-01-08T01:08:41Z</when>
          <when>1970-01-08T01:08:43Z</when>
          <when>1970-01-08T01:08:44Z</when>
          <when>1970-01-08T01:08:46Z</when>
          <when>1970-01-08T01:08:47Z</when>
          <when>1970-01-08T01:08:48Z</when>
          <when>1970-01-08T01:08:49Z</when>
          <when>1970-01-08T01:08:50Z</when>
          <when>1970-01-08T01:08:52Z</when>
          <when>1970-01-08T01:08:54Z</when>
          <when>1970-01-08T01:08:55Z</when>
          <when>1970-01-08T01:08:56Z</when>
          <when>1970-01-08T01:08:58Z</when>
          <when>1970-01-08T01:09:00Z</when>
          <when>1970-01-08T01:09:03Z</when>
          <when>1970-01-08T01:09:11Z</when>
          <when>1970-01-08T01:09:13Z</when>
          <when>1970-01-08T01:09:16Z</when>
          <when>1970-01-08T01:09:19Z</when>
          <when>1970-01-08T01:09:22Z</when>
          <when>1970-01-08T01:09:27Z</when>
          <when>1970-01-08T01:09:30Z</when>
          <when>1970-01-08T01:09:33Z</when>
          <when>1970-01-08T01:09:37Z</when>
          <when>1970-01-08T01:09:40Z</when>
          <when>1970-01-08T01:09:46Z</when>
          <when>1970-01-08T01:09:50Z</when>
          <when>1970-01-08T01:09:54Z</when>
          <when>1970-01-08T01:09:57Z</when>
          <when>1970-01-08T01:09:58Z</when>
          <when>1970-01-08T01:10:01Z</when>
          <when>1970-01-08T01:10:02Z</when>
          <when>1970-01-08T01:10:05Z</when>
          <when>1970-01-08T01:10:13Z</when>
          <when>1970-01-08T01:10:14Z</when>
          <when>1970-01-08T01:10:18Z</when>
          <when>1970-01-08T01:10:23Z</when>
          <when>1970-01-08T01:10:31Z</when>
          <when>1970-01-08T01:10:42Z</when>
          <when>1970-01-08T01:10:46Z</when>
          <when>1970-01-08T01:10:57Z</when>
          <when>1970-01-08T01:11:08Z</when>
          <when>1970-01-08T01:11:11Z</when>
          <when>1970-01-08T01:11:41Z</when>
          <when>1970-01-08T01:11:44Z</when>
          <when>1970-01-08T01:11:54Z</when>
          <when>1970-01-08T01:11:56Z</when>
          <when>1970-01-08T01:11:57Z</when>
          <when>1970-01-08T01:12:00Z</when>
          <when>1970-01-08T01:12:03Z</when>
          <when>1970-01-08T01:12:08Z</when>
          <when>1970-01-08T01:12:13Z</when>
          <when>1970-01-08T01:12:15Z</when>
          <when>1970-01-08T01:12:16Z</when>
          <when>1970-01-08T01:12:19Z</when>
          <when>1970-01-08T01:12:21Z</when>
          <when>1970-01-08T01:12:22Z</when>
          <when>1970-01-08T01:12:25Z</when>
          <when>1970-01-08T01:12:26Z</when>
          <when>1970-01-08T01:12:31Z</when>
          <when>1970-01-08T01:12:33Z</when>
          <when>1970-01-08T01:12:34Z</when>
          <when>1970-01-08T01:12:36Z</when>
          <when>1970-01-08T01:12:38Z</when>
          <when>1970-01-08T01:12:39Z</when>
          <when>1970-01-08T01:12:42Z</when>
          <when>1970-01-08T01:12:48Z</when>
          <when>1970-01-08T01:12:54Z</when>
          <when>1970-01-08T01:12:59Z</when>
          <when>1970-01-08T01:13:03Z</when>
          <when>1970-01-08T01:13:04Z</when>
          <when>1970-01-08T01:13:06Z</when>
          <when>1970-01-08T01:13:09Z</when>
          <when>1970-01-08T01:13:17Z</when>
          <when>1970-01-08T01:13:35Z</when>
          <when>1970-01-08T01:13:41Z</when>
          <when>1970-01-08T01:13:46Z</when>
          <when>1970-01-08T01:13:49Z</when>
          <when>1970-01-08T01:13:55Z</when>
          <when>1970-01-08T01:13:58Z</when>
          <when>1970-01-08T01:14:04Z</when>
          <when>1970-01-08T01:14:07Z</when>
          <when>1970-01-08T01:14:17Z</when>
          <when>1970-01-08T01:14:22Z</when>
          <when>1970-01-08T01:14:25Z</when>
          <when>1970-01-08T01:14:27Z</when>
          <when>1970-01-08T01:14:33Z</when>
          <when>1970-01-08T01:14:39Z</when>
          <when>1970-01-08T01:14:43Z</when>
          <when>1970-01-08T01:14:46Z</when>
          <when>1970-01-08T01:14:51Z</when>
          <when>1970-01-08T01:14:55Z</when>
          <when>1970-01-08T01:14:57Z</when>
          <when>1970-01-08T01:15:03Z</when>
          <when>1970-01-08T01:15:05Z</when>
          <when>1970-01-08T01:15:08Z</when>
          <when>1970-01-08T01:15:16Z</when>
          <when>1970-01-08T01:15:21Z</when>
          <when>1970-01-08T01:15:26Z</when>
          <when>1970-01-08T01:15:27Z</when>
          <when>1970-01-08T01:15:29Z</when>
          <when>1970-01-08T01:15:34Z</when>
          <when>1970-01-08T01:15:35Z</when>
          <when>1970-01-08T01:15:36Z</when>
          <when>1970-01-08T01:15:38Z</when>
          <when>1970-01-08T01:15:58Z</when>
          <when>1970-01-08T01:16:27Z</when>
          <when>1970-01-08T01:16:34Z</when>
          <when>1970-01-08T01:16:52Z</when>
          <when>1970-01-08T01:16:55Z</when>
          <when>1970-01-08T01:16:57Z</when>
          <when>1970-01-08T01:17:01Z</when>
          <when>1970-01-08T01:17:05Z</when>
          <when>1970-01-08T01:17:10Z</when>
          <when>1970-01-08T01:17:13Z</when>
          <when>1970-01-08T01:17:14Z</when>
          <when>1970-01-08T01:17:16Z</when>
          <when>1970-01-08T01:17:22Z</when>
          <when>1970-01-08T01:17:24Z</when>
          <when>1970-01-08T01:17:31Z</when>
          <when>1970-01-08T01:17:37Z</when>
          <when>1970-01-08T01:17:39Z</when>
          <when>1970-01-08T01:17:40Z</when>
          <when>1970-01-08T01:17:43Z</when>
          <when>1970-01-08T01:17:47Z</when>
          <when>1970-01-08T01:17:49Z</when>
          <when>1970-01-08T01:17:54Z</when>
          <when>1970-01-08T01:17:56Z</when>
          <when>1970-01-08T01:17:58Z</when>
          <when>1970-01-08T01:18:01Z</when>
          <when>1970-01-08T01:18:05Z</when>
          <when>1970-01-08T01:18:07Z</when>
          <when>1970-01-08T01:18:09Z</when>
          <when>1970-01-08T01:18:10Z</when>
          <when>1970-01-08T01:18:11Z</when>
          <when>1970-01-08T01:18:13Z</when>
          <when>1970-01-08T01:18:14Z</when>
          <when>1970-01-08T01:18:15Z</when>
          <when>1970-01-08T01:18:16Z</when>
          <when>1970-01-08T01:18:17Z</when>
          <when>1970-01-08T01:18:19Z</when>
          <when>1970-01-08T01:18:25Z</when>
          <when>1970-01-08T01:18:27Z</when>
          <when>1970-01-08T01:18:28Z</when>
          <when>1970-01-08T01:18:30Z</when>
          <when>1970-01-08T01:18:31Z</when>
          <when>1970-01-08T01:18:32Z</when>
          <when>1970-01-08T01:18:33Z</when>
          <when>1970-01-08T01:18:34Z</when>
          <when>1970-01-08T01:18:35Z</when>
          <when>1970-01-08T01:18:37Z</when>
          <when>1970-01-08T01:18:39Z</when>
          <when>1970-01-08T01:18:42Z</when>
          <when>1970-01-08T01:18:48Z</when>
          <when>1970-01-08T01:18:49Z</when>
          <when>1970-01-08T01:18:50Z</when>
          <when>1970-01-08T01:18:52Z</when>
          <when>1970-01-08T01:18:53Z</when>
          <when>1970-01-08T01:18:54Z</when>
          <when>1970-01-08T01:18:58Z</when>
          <when>1970-01-08T01:18:59Z</when>
          <when>1970-01-08T01:19:01Z</when>
          <when>1970-01-08T01:19:04Z</when>
          <when>1970-01-08T01:19:07Z</when>
          <when>1970-01-08T01:19:10Z</when>
          <when>1970-01-08T01:19:13Z</when>
          <when>1970-01-08T01:19:16Z</when>
          <when>1970-01-08T01:19:21Z</when>
          <when>1970-01-08T01:19:23Z</when>
          <when>1970-01-08T01:19:25Z</when>
          <when>1970-01-08T01:19:27Z</when>
          <when>1970-01-08T01:19:29Z</when>
          <when>1970-01-08T01:19:30Z</when>
          <when>1970-01-08T01:19:31Z</when>
          <when>1970-01-08T01:19:33Z</when>
          <when>1970-01-08T01:19:35Z</when>
          <when>1970-01-08T01:19:36Z</when>
          <when>1970-01-08T01:19:38Z</when>
          <when>1970-01-08T01:19:44Z</when>
          <when>1970-01-08T01:19:52Z</when>
          <when>1970-01-08T01:19:55Z</when>
          <when>1970-01-08T01:19:59Z</when>
          <when>1970-01-08T01:20:01Z</when>
          <when>1970-01-08T01:20:02Z</when>
          <when>1970-01-08T01:20:05Z</when>
          <when>1970-01-08T01:20:08Z</when>
          <when>1970-01-08T01:20:11Z</when>
          <when>1970-01-08T01:20:13Z</when>
          <when>1970-01-08T01:20:15Z</when>
          <when>1970-01-08T01:20:17Z</when>
          <when>1970-01-08T01:20:19Z</when>
          <when>1970-01-08T01:20:21Z</when>
          <when>1970-01-08T01:20:22Z</when>
          <when>1970-01-08T01:20:24Z</when>
          <when>1970-01-08T01:20:28Z</when>
          <when>1970-01-08T01:20:29Z</when>
          <when>1970-01-08T01:20:30Z</when>
          <when>1970-01-08T01:20:33Z</when>
          <when>1970-01-08T01:20:35Z</when>
          <when>1970-01-08T01:20:36Z</when>
          <when>1970-01-08T01:20:37Z</when>
          <when>1970-01-08T01:20:38Z</when>
          <when>1970-01-08T01:20:39Z</when>
          <when>1970-01-08T01:20:40Z</when>
          <when>1970-01-08T01:20:42Z</when>
          <when>1970-01-08T01:20:43Z</when>
          <when>1970-01-08T01:20:47Z</when>
          <when>1970-01-08T01:20:49Z</when>
          <when>1970-01-08T01:20:53Z</when>
          <when>1970-01-08T01:20:57Z</when>
          <when>1970-01-08T01:21:00Z</when>
          <when>1970-01-08T01:21:03Z</when>
          <when>1970-01-08T01:21:05Z</when>
          <when>1970-01-08T01:21:08Z</when>
          <when>1970-01-08T01:21:09Z</when>
          <when>1970-01-08T01:21:11Z</when>
          <when>1970-01-08T01:21:15Z</when>
          <when>1970-01-08T01:21:17Z</when>
          <when>1970-01-08T01:21:25Z</when>
          <when>1970-01-08T01:21:26Z</when>
          <when>1970-01-08T01:21:30Z</when>
          <when>1970-01-08T01:21:31Z</when>
          <when>1970-01-08T01:21:32Z</when>
          <when>1970-01-08T01:21:36Z</when>
          <when>1970-01-08T01:21:38Z</when>
          <when>1970-01-08T01:21:40Z</when>
          <when>1970-01-08T01:21:42Z</when>
          <when>1970-01-08T01:21:44Z</when>
          <when>1970-01-08T01:21:47Z</when>
          <when>1970-01-08T01:21:51Z</when>
          <when>1970-01-08T01:21:53Z</when>
          <when>1970-01-08T01:21:55Z</when>
          <when>1970-01-08T01:21:57Z</when>
          <when>1970-01-08T01:21:59Z</when>
          <when>1970-01-08T01:22:04Z</when>
          <when>1970-01-08T01:22:06Z</when>
          <when>1970-01-08T01:22:07Z</when>
          <when>1970-01-08T01:22:09Z</when>
          <when>1970-01-08T01:22:12Z</when>
          <when>1970-01-08T01:22:14Z</when>
          <when>1970-01-08T01:22:17Z</when>
          <when>1970-01-08T01:22:19Z</when>
          <when>1970-01-08T01:22:21Z</when>
          <when>1970-01-08T01:22:22Z</when>
          <when>1970-01-08T01:22:24Z</when>
          <when>1970-01-08T01:22:38Z</when>
          <when>1970-01-08T01:22:43Z</when>
          <when>1970-01-08T01:22:45Z</when>
          <when>1970-01-08T01:22:46Z</when>
          <when>1970-01-08T01:22:48Z</when>
          <when>1970-01-08T01:22:49Z</when>
          <when>1970-01-08T01:22:52Z</when>
          <when>1970-01-08T01:22:55Z</when>
          <when>1970-01-08T01:22:59Z</when>
          <when>1970-01-08T01:23:00Z</when>
          <when>1970-01-08T01:23:05Z</when>
          <when>1970-01-08T01:23:06Z</when>
          <when>1970-01-08T01:23:11Z</when>
          <when>1970-01-08T01:23:14Z</when>
          <when>1970-01-08T01:23:15Z</when>
          <when>1970-01-08T01:23:18Z</when>
          <when>1970-01-08T01:23:19Z</when>
          <when>1970-01-08T01:23:20Z</when>
          <when>1970-01-08T01:23:22Z</when>
          <when>1970-01-08T01:23:23Z</when>
          <when>1970-01-08T01:23:24Z</when>
          <when>1970-01-08T01:23:25Z</when>
          <when>1970-01-08T01:23:27Z</when>
          <when>1970-01-08T01:23:29Z</when>
          <when>1970-01-08T01:23:31Z</when>
          <when>1970-01-08T01:23:36Z</when>
          <when>1970-01-08T01:23:38Z</when>
          <when>1970-01-08T01:23:39Z</when>
          <when>1970-01-08T01:23:40Z</when>
          <when>1970-01-08T01:23:42Z</when>
          <when>1970-01-08T01:23:44Z</when>
          <when>1970-01-08T01:23:46Z</when>
          <when>1970-01-08T01:23:48Z</when>
          <when>1970-01-08T01:23:49Z</when>
          <when>1970-01-08T01:23:51Z</when>
          <when>1970-01-08T01:23:53Z</when>
          <when>1970-01-08T01:23:54Z</when>
          <when>1970-01-08T01:24:01Z</when>
          <when>1970-01-08T01:24:02Z</when>
          <when>1970-01-08T01:24:03Z</when>
          <when>1970-01-08T01:24:05Z</when>
          <when>1970-01-08T01:24:14Z</when>
          <when>1970-01-08T01:24:16Z</when>
          <when>1970-01-08T01:24:19Z</when>
          <when>1970-01-08T01:24:21Z</when>
          <when>1970-01-08T01:24:22Z</when>
          <when>1970-01-08T01:24:24Z</when>
          <when>1970-01-08T01:24:25Z</when>
          <when>1970-01-08T01:24:27Z</when>
          <when>1970-01-08T01:24:28Z</when>
          <when>1970-01-08T01:24:29Z</when>
          <when>1970-01-08T01:24:31Z</when>
          <when>1970-01-08T01:24:34Z</when>
          <when>1970-01-08T01:24:35Z</when>
          <when>1970-01-08T01:24:36Z</when>
          <when>1970-01-08T01:24:39Z</when>
          <when>1970-01-08T01:24:43Z</when>
          <when>1970-01-08T01:24:45Z</when>
          <when>1970-01-08T01:24:47Z</when>
          <when>1970-01-08T01:24:50Z</when>
          <when>1970-01-08T01:24:52Z</when>
          <when>1970-01-08T01:24:55Z</when>
          <when>1970-01-08T01:24:56Z</when>
          <when>1970-01-08T01:24:58Z</when>
          <when>1970-01-08T01:24:59Z</when>
          <when>1970-01-08T01:25:01Z</when>
          <when>1970-01-08T01:25:03Z</when>
          <when>1970-01-08T01:25:05Z</when>
          <when>1970-01-08T01:25:08Z</when>
          <when>1970-01-08T01:25:10Z</when>
          <when>1970-01-08T01:25:11Z</when>
          <when>1970-01-08T01:25:13Z</when>
          <when>1970-01-08T01:25:14Z</when>
          <when>1970-01-08T01:25:15Z</when>
          <when>1970-01-08T01:25:16Z</when>
          <when>1970-01-08T01:25:17Z</when>
          <when>1970-01-08T01:25:19Z</when>
          <when>1970-01-08T01:25:21Z</when>
          <when>1970-01-08T01:25:23Z</when>
          <when>1970-01-08T01:25:25Z</when>
          <when>1970-01-08T01:25:28Z</when>
          <when>1970-01-08T01:25:30Z</when>
          <when>1970-01-08T01:25:32Z</when>
          <when>1970-01-08T01:25:34Z</when>
          <when>1970-01-08T01:25:38Z</when>
          <when>1970-01-08T01:25:40Z</when>
          <when>1970-01-08T01:25:41Z</when>
          <when>1970-01-08T01:25:44Z</when>
          <when>1970-01-08T01:25:47Z</when>
          <when>1970-01-08T01:25:48Z</when>
          <when>1970-01-08T01:25:50Z</when>
          <when>1970-01-08T01:25:53Z</when>
          <when>1970-01-08T01:25:56Z</when>
          <when>1970-01-08T01:25:58Z</when>
          <when>1970-01-08T01:25:59Z</when>
          <when>1970-01-08T01:26:00Z</when>
          <when>1970-01-08T01:26:01Z</when>
          <when>1970-01-08T01:26:02Z</when>
          <when>1970-01-08T01:26:03Z</when>
          <when>1970-01-08T01:26:05Z</when>
          <when>1970-01-08T01:26:06Z</when>
          <when>1970-01-08T01:26:08Z</when>
          <when>1970-01-08T01:26:10Z</when>
          <when>1970-01-08T01:26:11Z</when>
          <when>1970-01-08T01:26:12Z</when>
          <when>1970-01-08T01:26:13Z</when>
          <when>1970-01-08T01:26:16Z</when>
          <when>1970-01-08T01:26:18Z</when>
          <when>1970-01-08T01:26:19Z</when>
          <when>1970-01-08T01:26:22Z</when>
          <when>1970-01-08T01:26:23Z</when>
          <when>1970-01-08T01:26:25Z</when>
          <when>1970-01-08T01:26:26Z</when>
          <when>1970-01-08T01:26:29Z</when>
          <when>1970-01-08T01:26:30Z</when>
          <when>1970-01-08T01:26:32Z</when>
          <when>1970-01-08T01:26:33Z</when>
          <when>1970-01-08T01:26:34Z</when>
          <when>1970-01-08T01:26:36Z</when>
          <when>1970-01-08T01:26:41Z</when>
          <when>1970-01-08T01:26:47Z</when>
          <when>1970-01-08T01:26:49Z</when>
          <when>1970-01-08T01:26:51Z</when>
          <when>1970-01-08T01:26:57Z</when>
          <when>1970-01-08T01:27:00Z</when>
          <when>1970-01-08T01:27:01Z</when>
          <when>1970-01-08T01:27:03Z</when>
          <when>1970-01-08T01:27:06Z</when>
          <when>1970-01-08T01:27:31Z</when>
          <when>1970-01-08T01:27:33Z</when>
          <when>1970-01-08T01:27:36Z</when>
          <when>1970-01-08T01:27:37Z</when>
          <when>1970-01-08T01:27:39Z</when>
          <when>1970-01-08T01:27:41Z</when>
          <when>1970-01-08T01:27:45Z</when>
          <when>1970-01-08T01:27:46Z</when>
          <when>1970-01-08T01:27:52Z</when>
          <when>1970-01-08T01:27:54Z</when>
          <when>1970-01-08T01:27:56Z</when>
          <when>1970-01-08T01:28:00Z</when>
          <when>1970-01-08T01:28:04Z</when>
          <when>1970-01-08T01:28:06Z</when>
          <when>1970-01-08T01:28:08Z</when>
          <when>1970-01-08T01:28:10Z</when>
          <when>1970-01-08T01:28:12Z</when>
          <when>1970-01-08T01:28:14Z</when>
          <when>1970-01-08T01:28:15Z</when>
          <when>1970-01-08T01:28:16Z</when>
          <when>1970-01-08T01:28:18Z</when>
          <when>1970-01-08T01:28:22Z</when>
          <when>1970-01-08T01:28:26Z</when>
          <when>1970-01-08T01:28:28Z</when>
          <when>1970-01-08T01:28:31Z</when>
          <when>1970-01-08T01:28:33Z</when>
          <when>1970-01-08T01:28:34Z</when>
          <when>1970-01-08T01:28:36Z</when>
          <when>1970-01-08T01:28:38Z</when>
          <when>1970-01-08T01:28:39Z</when>
          <when>1970-01-08T01:28:40Z</when>
          <when>1970-01-08T01:28:42Z</when>
          <when>1970-01-08T01:28:44Z</when>
          <when>1970-01-08T01:28:47Z</when>
          <when>1970-01-08T01:28:52Z</when>
          <when>1970-01-08T01:28:55Z</when>
          <when>1970-01-08T01:29:04Z</when>
          <when>1970-01-08T01:29:07Z</when>
          <when>1970-01-08T01:29:09Z</when>
          <when>1970-01-08T01:29:12Z</when>
          <when>1970-01-08T01:29:18Z</when>
          <when>1970-01-08T01:29:21Z</when>
          <when>1970-01-08T01:29:23Z</when>
          <when>1970-01-08T01:29:29Z</when>
          <when>1970-01-08T01:29:32Z</when>
          <when>1970-01-08T01:29:35Z</when>
          <when>1970-01-08T01:29:37Z</when>
          <when>1970-01-08T01:30:56Z</when>
          <when>1970-01-08T01:30:58Z</when>
          <when>1970-01-08T01:30:59Z</when>
          <when>1970-01-08T01:31:12Z</when>
          <when>1970-01-08T01:31:14Z</when>
          <when>1970-01-08T01:31:16Z</when>
          <when>1970-01-08T01:31:23Z</when>
          <when>1970-01-08T01:31:47Z</when>
          <when>1970-01-08T01:31:49Z</when>
          <when>1970-01-08T01:31:57Z</when>
          <when>1970-01-08T01:32:00Z</when>
          <when>1970-01-08T01:32:02Z</when>
          <when>1970-01-08T01:32:07Z</when>
          <when>1970-01-08T01:32:12Z</when>
          <when>1970-01-08T01:32:15Z</when>
          <when>1970-01-08T01:32:17Z</when>
          <when>1970-01-08T01:32:29Z</when>
          <when>1970-01-08T01:32:32Z</when>
          <when>1970-01-08T01:32:33Z</when>
          <when>1970-01-08T01:32:34Z</when>
          <when>1970-01-08T01:32:35Z</when>
          <when>1970-01-08T01:32:41Z</when>
          <when>1970-01-08T01:32:43Z</when>
          <when>1970-01-08T01:32:44Z</when>
          <when>1970-01-08T01:32:45Z</when>
          <when>1970-01-08T01:32:47Z</when>
          <when>1970-01-08T01:32:48Z</when>
          <when>1970-01-08T01:32:53Z</when>
          <when>1970-01-08T01:32:55Z</when>
          <when>1970-01-08T01:32:57Z</when>
          <when>1970-01-08T01:33:09Z</when>
          <when>1970-01-08T01:33:12Z</when>
          <when>1970-01-08T01:33:15Z</when>
          <when>1970-01-08T01:33:18Z</when>
          <when>1970-01-08T01:33:22Z</when>
          <when>1970-01-08T01:33:24Z</when>
          <when>1970-01-08T01:33:43Z</when>
          <when>1970-01-08T01:33:54Z</when>
          <when>1970-01-08T01:34:00Z</when>
          <when>1970-01-08T01:34:09Z</when>
          <when>1970-01-08T01:34:17Z</when>
          <when>1970-01-08T01:34:20Z</when>
          <when>1970-01-08T01:35:44Z</when>
          <when>1970-01-08T01:35:45Z</when>
          <when>1970-01-08T01:35:47Z</when>
          <when>1970-01-08T01:35:50Z</when>
          <when>1970-01-08T01:35:51Z</when>
          <when>1970-01-08T01:35:53Z</when>
          <when>1970-01-08T01:36:02Z</when>
          <when>1970-01-08T01:36:05Z</when>
          <when>1970-01-08T01:36:34Z</when>
          <when>1970-01-08T01:37:09Z</when>
          <when>1970-01-08T01:37:16Z</when>
          <when>1970-01-08T01:37:38Z</when>
          <when>1970-01-08T01:37:47Z</when>
          <when>1970-01-08T01:37:53Z</when>
          <when>1970-01-08T01:37:58Z</when>
          <when>1970-01-08T01:38:02Z</when>
          <when>1970-01-08T01:38:05Z</when>
          <when>1970-01-08T01:38:09Z</when>
          <when>1970-01-08T01:38:13Z</when>
          <when>1970-01-08T01:38:15Z</when>
          <when>1970-01-08T01:38:17Z</when>
          <when>1970-01-08T01:38:22Z</when>
          <when>1970-01-08T01:38:27Z</when>
          <when>1970-01-08T01:38:32Z</when>
          <when>1970-01-08T01:38:35Z</when>
          <when>1970-01-08T01:38:37Z</when>
          <when>1970-01-08T01:38:43Z</when>
          <when>1970-01-08T01:38:50Z</when>
          <when>1970-01-08T01:38:58Z</when>
          <when>1970-01-08T01:39:08Z</when>
          <when>1970-01-08T01:39:10Z</when>
          <when>1970-01-08T01:39:24Z</when>
          <when>1970-01-08T01:39:33Z</when>
          <when>1970-01-08T01:39:41Z</when>
          <when>1970-01-08T01:39:50Z</when>
          <when>1970-01-08T01:39:58Z</when>
          <when>1970-01-08T01:40:02Z</when>
          <when>1970-01-08T01:40:08Z</when>
          <when>1970-01-08T01:40:15Z</when>
          <when>1970-01-08T01:40:22Z</when>
          <when>1970-01-08T01:40:28Z</when>
          <when>1970-01-08T01:40:37Z</when>
          <when>1970-01-08T01:40:45Z</when>
          <when>1970-01-08T01:40:51Z</when>
          <when>1970-01-08T01:40:57Z</when>
          <when>1970-01-08T01:41:00Z</when>
          <when>1970-01-08T01:41:07Z</when>
          <when>1970-01-08T01:41:15Z</when>
          <when>1970-01-08T01:41:23Z</when>
          <when>1970-01-08T01:41:29Z</when>
          <when>1970-01-08T01:41:38Z</when>
          <when>1970-01-08T01:41:49Z</when>
          <when>1970-01-08T01:41:56Z</when>
          <when>1970-01-08T01:42:03Z</when>
          <when>1970-01-08T01:42:09Z</when>
          <when>1970-01-08T01:42:16Z</when>
          <when>1970-01-08T01:42:22Z</when>
          <when>1970-01-08T01:42:29Z</when>
          <when>1970-01-08T01:42:38Z</when>
          <when>1970-01-08T01:42:46Z</when>
          <when>1970-01-08T01:42:54Z</when>
          <when>1970-01-08T01:43:01Z</when>
          <when>1970-01-08T01:43:07Z</when>
          <when>1970-01-08T01:43:15Z</when>
          <when>1970-01-08T01:43:23Z</when>
          <when>1970-01-08T01:43:30Z</when>
          <when>1970-01-08T01:43:35Z</when>
          <when>1970-01-08T01:43:42Z</when>
          <when>1970-01-08T01:43:49Z</when>
          <when>1970-01-08T01:43:54Z</when>
          <when>1970-01-08T01:44:00Z</when>
          <when>1970-01-08T01:44:06Z</when>
          <when>1970-01-08T01:44:12Z</when>
          <when>1970-01-08T01:44:13Z</when>
          <when>1970-01-08T01:44:22Z</when>
          <when>1970-01-08T01:44:31Z</when>
          <when>1970-01-08T01:44:33Z</when>
          <when>1970-01-08T01:44:39Z</when>
          <when>1970-01-08T01:44:46Z</when>
          <when>1970-01-08T01:44:52Z</when>
          <when>1970-01-08T01:44:58Z</when>
          <when>1970-01-08T01:45:05Z</when>
          <when>1970-01-08T01:45:10Z</when>
          <when>1970-01-08T01:45:16Z</when>
          <when>1970-01-08T01:45:21Z</when>
          <when>1970-01-08T01:45:24Z</when>
          <when>1970-01-08T01:45:28Z</when>
          <when>1970-01-08T01:45:36Z</when>
          <when>1970-01-08T01:45:43Z</when>
          <when>1970-01-08T01:45:48Z</when>
          <when>1970-01-08T01:45:54Z</when>
          <when>1970-01-08T01:45:59Z</when>
          <when>1970-01-08T01:46:03Z</when>
          <when>1970-01-08T01:46:07Z</when>
          <when>1970-01-08T01:46:11Z</when>
          <when>1970-01-08T01:46:14Z</when>
          <when>1970-01-08T01:46:18Z</when>
          <when>1970-01-08T01:46:19Z</when>
          <when>1970-01-08T01:46:25Z</when>
          <when>1970-01-08T01:46:29Z</when>
          <when>1970-01-08T01:46:30Z</when>
          <when>1970-01-08T01:46:33Z</when>
          <when>1970-01-08T01:46:35Z</when>
          <when>1970-01-08T01:46:39Z</when>
          <when>1970-01-08T01:46:43Z</when>
          <when>1970-01-08T01:46:44Z</when>
          <when>1970-01-08T01:46:45Z</when>
          <when>1970-01-08T01:46:47Z</when>
          <when>1970-01-08T01:46:51Z</when>
          <when>1970-01-08T01:46:53Z</when>
          <when>1970-01-08T01:47:00Z</when>
          <when>1970-01-08T01:47:02Z</when>
          <when>1970-01-08T01:47:33Z</when>
          <when>1970-01-08T01:47:40Z</when>
          <when>1970-01-08T01:47:48Z</when>
          <when>1970-01-08T01:47:58Z</when>
          <when>1970-01-08T01:48:00Z</when>
          <when>1970-01-08T01:48:09Z</when>
          <when>1970-01-08T01:48:17Z</when>
          <when>1970-01-08T01:48:26Z</when>
          <when>1970-01-08T01:48:33Z</when>
          <when>1970-01-08T01:48:36Z</when>
          <when>1970-01-08T01:48:46Z</when>
          <when>1970-01-08T01:48:52Z</when>
          <when>1970-01-08T01:48:55Z</when>
          <when>1970-01-08T01:48:57Z</when>
          <when>1970-01-08T01:48:58Z</when>
          <when>1970-01-08T01:49:04Z</when>
          <when>1970-01-08T01:49:11Z</when>
          <when>1970-01-08T01:49:21Z</when>
          <when>1970-01-08T01:49:27Z</when>
          <when>1970-01-08T01:49:29Z</when>
          <when>1970-01-08T01:49:32Z</when>
          <when>1970-01-08T01:49:39Z</when>
          <when>1970-01-08T01:49:44Z</when>
          <when>1970-01-08T01:49:52Z</when>
          <when>1970-01-08T01:49:54Z</when>
          <when>1970-01-08T01:50:24Z</when>
          <when>1970-01-08T01:50:35Z</when>
          <when>1970-01-08T01:50:44Z</when>
          <when>1970-01-08T01:50:47Z</when>
          <when>1970-01-08T01:50:51Z</when>
          <when>1970-01-08T01:51:00Z</when>
          <when>1970-01-08T01:51:09Z</when>
          <when>1970-01-08T01:51:25Z</when>
          <when>1970-01-08T01:51:26Z</when>
          <when>1970-01-08T01:51:31Z</when>
          <when>1970-01-08T01:51:37Z</when>
          <when>1970-01-08T01:51:47Z</when>
          <when>1970-01-08T01:51:51Z</when>
          <when>1970-01-08T01:51:59Z</when>
          <when>1970-01-08T01:52:03Z</when>
          <when>1970-01-08T01:52:11Z</when>
          <when>1970-01-08T01:52:18Z</when>
          <when>1970-01-08T01:52:24Z</when>
          <when>1970-01-08T01:52:30Z</when>
          <when>1970-01-08T01:52:36Z</when>
          <when>1970-01-08T01:52:43Z</when>
          <when>1970-01-08T01:52:48Z</when>
          <when>1970-01-08T01:52:58Z</when>
          <when>1970-01-08T01:53:20Z</when>
          <when>1970-01-08T01:53:27Z</when>
          <when>1970-01-08T01:53:29Z</when>
          <when>1970-01-08T01:53:35Z</when>
          <when>1970-01-08T01:53:37Z</when>
          <when>1970-01-08T01:53:41Z</when>
          <when>1970-01-08T01:53:45Z</when>
          <when>1970-01-08T01:53:49Z</when>
          <when>1970-01-08T01:53:53Z</when>
          <when>1970-01-08T01:53:57Z</when>
          <when>1970-01-08T01:53:58Z</when>
          <when>1970-01-08T01:54:02Z</when>
          <when>1970-01-08T01:54:06Z</when>
          <when>1970-01-08T01:54:08Z</when>
          <when>1970-01-08T01:54:10Z</when>
          <when>1970-01-08T01:54:14Z</when>
          <when>1970-01-08T01:54:16Z</when>
          <when>1970-01-08T01:54:19Z</when>
          <when>1970-01-08T01:54:24Z</when>
          <when>1970-01-08T01:54:31Z</when>
          <when>1970-01-08T01:54:38Z</when>
          <when>1970-01-08T01:54:45Z</when>
          <when>1970-01-08T01:54:52Z</when>
          <when>1970-01-08T01:54:59Z</when>
          <when>1970-01-08T01:55:15Z</when>
          <when>1970-01-08T01:55:20Z</when>
          <when>1970-01-08T01:55:21Z</when>
          <when>1970-01-08T02:03:20Z</when>
          <when>1970-01-08T02:03:12Z</when>
          <when>1970-01-08T02:03:05Z</when>
          <when>1970-01-08T02:02:59Z</when>
          <when>1970-01-08T02:02:54Z</when>
          <when>1970-01-08T02:02:49Z</when>
          <when>1970-01-08T02:02:45Z</when>
          <when>1970-01-08T02:02:40Z</when>
          <when>1970-01-08T02:02:34Z</when>
          <when>1970-01-08T02:02:28Z</when>
          <when>1970-01-08T02:02:15Z</when>
          <when>1970-01-08T02:02:09Z</when>
          <when>1970-01-08T02:02:00Z</when>
          <when>1970-01-08T02:01:49Z</when>
          <when>1970-01-08T02:01:43Z</when>
          <when>1970-01-08T02:01:36Z</when>
          <when>1970-01-08T02:01:34Z</when>
          <when>1970-01-08T02:01:32Z</when>
          <when>1970-01-08T02:01:18Z</when>
          <when>1970-01-08T02:01:16Z</when>
          <when>1970-01-08T02:01:14Z</when>
          <when>1970-01-08T02:01:08Z</when>
          <when>1970-01-08T02:00:56Z</when>
          <when>1970-01-08T02:00:52Z</when>
          <when>1970-01-08T02:00:51Z</when>
          <when>1970-01-08T02:00:25Z</when>
          <when>1970-01-08T02:00:16Z</when>
          <when>1970-01-08T02:00:14Z</when>
          <when>1970-01-08T02:00:07Z</when>
          <when>1970-01-08T02:00:04Z</when>
          <when>1970-01-08T02:00:00Z</when>
          <when>1970-01-08T01:59:58Z</when>
          <when>1970-01-08T01:59:53Z</when>
          <when>1970-01-08T01:59:45Z</when>
          <when>1970-01-08T01:59:41Z</when>
          <when>1970-01-08T01:59:34Z</when>
          <when>1970-01-08T01:59:26Z</when>
          <when>1970-01-10T07:37:09Z</when>
          <when>1970-01-10T07:37:03Z</when>
          <when>1970-01-10T07:36:58Z</when>
          <when>1970-01-10T07:36:51Z</when>
          <when>1970-01-10T07:36:44Z</when>
          <when>1970-01-10T07:36:41Z</when>
          <when>1970-01-10T07:36:39Z</when>
          <when>1970-01-10T07:36:17Z</when>
          <when>1970-01-10T07:36:11Z</when>
          <when>1970-01-10T07:35:58Z</when>
          <when>1970-01-10T07:35:52Z</when>
          <when>1970-01-10T07:35:43Z</when>
          <when>1970-01-10T07:35:40Z</when>
          <when>1970-01-10T07:35:37Z</when>
          <when>1970-01-10T07:35:27Z</when>
          <when>1970-01-10T07:35:20Z</when>
          <when>1970-01-10T07:35:18Z</when>
          <when>1970-01-10T07:35:16Z</when>
          <when>1970-01-10T07:35:14Z</when>
          <when>1970-01-10T07:35:11Z</when>
          <when>1970-01-10T07:35:06Z</when>
          <when>1970-01-10T07:35:00Z</when>
          <when>1970-01-10T07:34:49Z</when>
          <when>1970-01-10T07:34:45Z</when>
          <when>1970-01-10T07:34:36Z</when>
          <when>1970-01-10T07:34:33Z</when>
          <when>1970-01-10T07:34:31Z</when>
          <when>1970-01-10T07:34:26Z</when>
          <when>1970-01-10T07:34:18Z</when>
          <when>1970-01-10T07:34:14Z</when>
          <when>1970-01-10T07:34:08Z</when>
          <when>1970-01-10T07:34:02Z</when>
          <when>1970-01-10T07:33:55Z</when>
          <when>1970-01-10T07:33:49Z</when>
          <when>1970-01-10T07:33:45Z</when>
          <when>1970-01-10T07:33:32Z</when>
          <when>1970-01-10T07:33:18Z</when>
          <when>1970-01-10T07:33:15Z</when>
          <when>1970-01-10T07:33:13Z</when>
          <when>1970-01-10T07:33:10Z</when>
          <when>1970-01-10T07:33:07Z</when>
          <when>1970-01-10T07:32:59Z</when>
          <when>1970-01-10T07:32:46Z</when>
          <when>1970-01-10T07:32:37Z</when>
          <when>1970-01-10T07:32:31Z</when>
          <when>1970-01-10T07:32:28Z</when>
          <when>1970-01-10T07:32:26Z</when>
          <when>1970-01-10T07:32:11Z</when>
          <when>1970-01-10T07:32:05Z</when>
          <when>1970-01-10T07:32:03Z</when>
          <when>1970-01-10T07:31:55Z</when>
          <when>1970-01-10T07:31:48Z</when>
          <when>1970-01-10T07:31:46Z</when>
          <when>1970-01-10T07:31:44Z</when>
          <when>1970-01-10T07:31:43Z</when>
          <when>1970-01-10T07:31:29Z</when>
          <when>1970-01-10T07:31:26Z</when>
          <when>1970-01-10T07:31:24Z</when>
          <when>1970-01-10T07:31:10Z</when>
          <when>1970-01-10T07:31:07Z</when>
          <when>1970-01-10T07:31:02Z</when>
          <when>1970-01-10T07:31:00Z</when>
          <when>1970-01-10T07:30:54Z</when>
          <when>1970-01-10T07:30:52Z</when>
          <when>1970-01-05T10:55:24Z</when>
          <when>1970-01-05T10:55:23Z</when>
          <when>1970-01-05T10:55:16Z</when>
          <when>1970-01-05T10:55:10Z</when>
          <when>1970-01-05T10:55:06Z</when>
          <when>1970-01-05T10:55:01Z</when>
          <when>1970-01-05T10:54:56Z</when>
          <when>1970-01-05T10:54:51Z</when>
          <when>1970-01-05T10:54:46Z</when>
          <when>1970-01-05T10:54:40Z</when>
          <when>1970-01-05T10:54:35Z</when>
          <when>1970-01-05T10:54:31Z</when>
          <when>1970-01-05T10:54:26Z</when>
          <when>1970-01-05T10:54:19Z</when>
          <when>1970-01-05T10:54:13Z</when>
          <when>1970-01-05T10:54:12Z</when>
          <when>1970-01-05T10:54:06Z</when>
          <when>1970-01-05T10:54:04Z</when>
          <when>1970-01-05T10:53:58Z</when>
          <when>1970-01-05T10:53:52Z</when>
          <when>1970-01-05T10:53:45Z</when>
          <when>1970-01-05T10:53:39Z</when>
          <when>1970-01-01T00:00:00Z</when>
          <when>1970-01-01T00:00:00Z</when>
          <when>1970-01-01T00:00:00Z</when>
          <when>1970-01-01T00:00:00Z</when>
          <when>1970-01-01T00:00:00Z</when>
          <when>1970-01-01T00:00:00Z</when>
          <when>1970-01-01T00:00:00Z</when>
          <when>1970-01-01T00:00:00Z</when>
          <when>1970-01-01T00:00:00Z</when>
          <when>1970-01-01T00:00:00Z</when>
          <when>1970-01-01T00:00:00Z</when>
          <when>1970-01-01T00:00:00Z</when>
          <when>1970-01-01T00:00:00Z</when>
          <when>1970-01-01T00:00:00Z</when>
          <when>1970-01-01T00:00:00Z</when>
          <when>1970-01-01T00:00:00Z</when>
          <when>1970-01-01T00:00:00Z</when>
          <when>1970-01-01T00:00:00Z</when>
          <when>1970-01-01T00:00:00Z</when>
          <when>1970-01-01T00:00:00Z</when>
          <when>1970-01-01T00:00:00Z</when>
          <when>1970-01-01T00:00:00Z</when>
          <when>1970-01-01T00:00:00Z</when>
          <when>1970-01-01T00:00:00Z</when>
          <when>1970-01-01T00:00:00Z</when>
          <when>1970-01-01T00:00:00Z</when>
          <when>1970-01-01T00:00:00Z</when>
          <when>1970-01-01T00:00:00Z</when>
          <when>1970-01-01T00:00:00Z</when>
          <when>1970-01-01T00:00:00Z</when>
          <when>1970-01-01T00:00:00Z</when>
          <when>1970-01-01T00:00:00Z</when>
          <when>1970-01-01T00:00:00Z</when>
          <when>1970-01-01T00:00:00Z</when>
          <when>1970-01-01T00:00:00Z</when>
          <when>1970-01-01T00:00:00Z</when>
          <when>1970-01-01T00:00:00Z</when>
          <when>1970-01-01T00:00:00Z</when>
          <when>1970-01-01T00:00:00Z</when>
          <when>1970-01-01T00:00:00Z</when>
          <when>1970-01-01T00:00:00Z</when>
          <when>1970-01-01T00:00:00Z</when>
          <when>1970-01-01T00:00:00Z</when>
          <when>1970-01-01T00:00:00Z</when>
          <when>1970-01-01T00:00:00Z</when>
          <when>1970-01-01T00:00:00Z</when>
          <when>1970-01-01T00:00:00Z</when>
          <when>1970-01-01T00:00:00Z</when>
          <when>1970-01-01T00:00:00Z</when>
          <when>1970-01-01T00:00:00Z</when>
          <when>1970-01-01T00:00:00Z</when>
          <when>1970-01-01T00:00:00Z</when>
          <when>1970-01-01T00:00:00Z</when>
          <when>1970-01-01T00:00:00Z</when>
          <when>1970-01-01T00:00:00Z</when>
          <when>1970-01-01T00:00:00Z</when>
          <when>1970-01-01T00:00:00Z</when>
          <when>1970-01-01T00:00:00Z</when>
          <when>1970-01-01T00:00:00Z</when>
          <when>1970-01-01T00:00:00Z</when>
          <when>1970-01-01T00:00:00Z</when>
          <when>1970-01-01T00:00:00Z</when>
          <when>1970-01-01T00:00:00Z</when>
          <when>1970-01-01T00:00:00Z</when>
          <when>1970-01-01T00:00:00Z</when>
          <when>1970-01-01T00:00:00Z</when>
          <when>1970-01-01T00:00:00Z</when>
          <when>1970-01-01T00:00:00Z</when>
          <when>1970-01-01T00:00:00Z</when>
          <when>1970-01-01T00:00:00Z</when>
          <when>1970-01-01T00:00:00Z</when>
          <when>1970-01-01T00:00:00Z</when>
          <when>1970-01-01T00:00:00Z</when>
          <when>1970-01-01T00:00:00Z</when>
          <when>1970-01-01T00:00:00Z</when>
          <when>1970-01-01T00:00:00Z</when>
          <when>1970-01-01T00:00:00Z</when>
          <when>1970-01-01T00:00:00Z</when>
          <when>1970-01-01T00:00:00Z</when>
          <when>1970-01-01T00:00:00Z</when>
          <when>1970-01-01T00:00:00Z</when>
          <when>1970-01-01T00:00:00Z</when>
          <when>1970-01-01T00:00:00Z</when>
          <when>1970-01-01T00:00:00Z</when>
          <when>1970-01-01T00:00:00Z</when>
          <when>1970-01-01T00:00:00Z</when>
          <when>1970-01-01T00:00:00Z</when>
          <when>1970-01-01T00:00:00Z</when>
          <when>1970-01-01T00:00:00Z</when>
          <when>1970-01-01T00:00:00Z</when>
          <when>1970-01-01T00:00:00Z</when>
          <when>1970-01-01T00:00:00Z</when>
          <when>1970-01-01T00:00:00Z</when>
          <when>1970-01-01T00:00:00Z</when>
          <when>1970-01-01T00:00:00Z</when>
          <when>1970-01-01T00:00:00Z</when>
          <when>1970-01-01T00:00:00Z</when>
          <when>1970-01-01T00:00:00Z</when>
          <when>1970-01-01T00:00:00Z</when>
          <when>1970-01-01T00:00:00Z</when>
          <when>1970-01-01T00:00:00Z</when>
          <when>1970-01-01T00:00:00Z</when>
          <when>1970-01-01T00:00:00Z</when>
          <when>1970-01-01T00:00:00Z</when>
          <when>1970-01-01T00:00:00Z</when>
          <when>1970-01-01T00:00:00Z</when>
          <when>1970-01-01T00:00:00Z</when>
          <when>1970-01-01T00:00:00Z</when>
          <when>1970-01-01T00:00:00Z</when>
          <when>1970-01-01T00:00:00Z</when>
          <when>1970-01-01T00:00:00Z</when>
          <when>1970-01-01T00:00:00Z</when>
          <when>1970-01-01T00:00:00Z</when>
          <when>1970-01-01T00:00:00Z</when>
          <when>1970-01-01T00:00:00Z</when>
          <when>1970-01-01T00:00:00Z</when>
          <when>1970-01-01T00:00:00Z</when>
          <when>1970-01-01T00:00:00Z</when>
          <when>1970-01-01T00:00:00Z</when>
          <when>1970-01-01T00:00:00Z</when>
          <when>1970-01-01T00:00:00Z</when>
          <when>1970-01-01T00:00:00Z</when>
          <when>1970-01-01T00:00:00Z</when>
          <when>1970-01-01T00:00:00Z</when>
          <when>1970-01-01T00:00:00Z</when>
          <when>1970-01-01T00:00:00Z</when>
          <when>1970-01-01T00:00:00Z</when>
          <when>1970-01-01T00:00:00Z</when>
          <when>1970-01-01T00:00:00Z</when>
          <when>1970-01-01T00:00:00Z</when>
          <when>1970-01-01T00:00:00Z</when>
          <when>1970-01-01T00:00:00Z</when>
          <when>1970-01-01T00:00:00Z</when>
          <when>1970-01-01T00:00:00Z</when>
          <when>1970-01-01T00:00:00Z</when>
          <when>1970-01-01T00:00:00Z</when>
          <when>1970-01-01T00:00:00Z</when>
          <when>1970-01-01T00:00:00Z</when>
          <when>1970-01-01T00:00:00Z</when>
          <when>1970-01-01T00:00:00Z</when>
          <when>1970-01-01T00:00:00Z</when>
          <when>1970-01-01T00:00:00Z</when>
          <when>1970-01-01T00:00:00Z</when>
          <when>1970-01-01T00:00:00Z</when>
          <when>1970-01-01T00:00:00Z</when>
          <when>1970-01-01T00:00:00Z</when>
          <when>1970-01-01T00:00:00Z</when>
          <when>1970-01-01T00:00:00Z</when>
          <when>1970-01-01T00:00:00Z</when>
          <when>1970-01-01T00:00:00Z</when>
          <when>1970-01-01T00:00:00Z</when>
          <when>1970-01-01T00:00:00Z</when>
          <when>1970-01-01T00:00:00Z</when>
          <when>1970-01-01T00:00:00Z</when>
          <when>1970-01-01T00:00:00Z</when>
          <when>1970-01-01T00:00:00Z</when>
          <when>1970-01-01T00:00:00Z</when>
          <when>1970-01-01T00:00:00Z</when>
          <when>1970-01-01T00:00:00Z</when>
          <when>1970-01-01T00:00:00Z</when>
          <when>1970-01-01T00:00:00Z</when>
          <when>1970-01-01T00:00:00Z</when>
          <when>1970-01-01T00:00:00Z</when>
          <when>1970-01-01T00:00:00Z</when>
          <when>1970-01-01T00:00:00Z</when>
          <when>1970-01-01T00:00:00Z</when>
          <when>1970-01-01T00:00:00Z</when>
          <when>1970-01-01T00:00:00Z</when>
          <when>1970-01-01T00:00:00Z</when>
          <when>1970-01-01T00:00:00Z</when>
          <when>1970-01-01T00:00:00Z</when>
          <when>1970-01-01T00:00:00Z</when>
          <when>1970-01-01T00:00:00Z</when>
          <when>1970-01-01T00:00:00Z</when>
          <when>1970-01-01T00:00:00Z</when>
          <when>1970-01-01T00:00:00Z</when>
          <when>1970-01-01T00:00:00Z</when>
          <when>1970-01-01T00:00:00Z</when>
          <when>1970-01-01T00:00:00Z</when>
          <when>1970-01-01T00:00:00Z</when>
          <when>1970-01-01T00:00:00Z</when>
          <when>1970-01-01T00:00:00Z</when>
          <when>1970-01-01T00:00:00Z</when>
          <when>1970-01-01T00:00:00Z</when>
          <when>1970-01-01T00:00:00Z</when>
          <when>1970-01-01T00:00:00Z</when>
          <when>1970-01-01T00:00:00Z</when>
          <when>1970-01-01T00:00:00Z</when>
          <when>1970-01-01T00:00:00Z</when>
          <when>1970-01-01T00:00:00Z</when>
          <when>1970-01-01T00:00:00Z</when>
          <when>1970-01-01T00:00:00Z</when>
          <when>1970-01-01T00:00:00Z</when>
          <when>1970-01-01T00:00:00Z</when>
          <when>1970-01-01T00:00:00Z</when>
          <when>1970-01-01T00:00:00Z</when>
          <when>1970-01-01T00:00:00Z</when>
          <when>1970-01-01T00:00:00Z</when>
          <when>1970-01-01T00:00:00Z</when>
          <when>1970-01-01T00:00:00Z</when>
          <when>1970-01-01T00:00:00Z</when>
          <when>1970-01-01T00:00:00Z</when>
          <when>1970-01-01T00:00:00Z</when>
          <when>1970-01-01T00:00:00Z</when>
          <when>1970-01-01T00:00:00Z</when>
          <when>1970-01-01T00:00:00Z</when>
          <when>1970-01-01T00:00:00Z</when>
          <when>1970-01-01T00:00:00Z</when>
          <when>1970-01-01T00:00:00Z</when>
          <when>1970-01-01T00:00:00Z</when>
          <when>1970-01-01T00:00:00Z</when>
          <when>1970-01-01T00:00:00Z</when>
          <when>1970-01-01T00:00:00Z</when>
          <when>1970-01-01T00:00:00Z</when>
          <when>1970-01-01T00:00:00Z</when>
          <when>1970-01-01T00:00:00Z</when>
          <when>1970-01-01T00:00:00Z</when>
          <when>1970-01-01T00:00:00Z</when>
          <when>1970-01-01T00:00:00Z</when>
          <when>1970-01-01T00:00:00Z</when>
          <when>1970-01-01T00:00:00Z</when>
          <when>1970-01-01T00:00:00Z</when>
          <when>1970-01-01T00:00:00Z</when>
          <when>1970-01-01T00:00:00Z</when>
          <when>1970-01-01T00:00:00Z</when>
          <when>1970-01-01T00:00:00Z</when>
          <when>1970-01-01T00:00:00Z</when>
          <when>1970-01-01T00:00:00Z</when>
          <when>1970-01-01T00:00:00Z</when>
          <when>1970-01-01T00:00:00Z</when>
          <when>1970-01-01T00:00:00Z</when>
          <when>1970-01-01T00:00:00Z</when>
          <when>1970-01-01T00:00:00Z</when>
          <when>1970-01-01T00:00:00Z</when>
          <when>1970-01-01T00:00:00Z</when>
          <when>1970-01-01T00:00:00Z</when>
          <when>1970-01-01T00:00:00Z</when>
          <when>1970-01-01T00:00:00Z</when>
          <when>1970-01-01T00:00:00Z</when>
          <when>1970-01-01T00:00:00Z</when>
          <when>1970-01-01T00:00:00Z</when>
          <when>1970-01-01T00:00:00Z</when>
          <when>1970-01-01T00:00:00Z</when>
          <when>1970-01-01T00:00:00Z</when>
          <when>1970-01-01T00:00:00Z</when>
          <when>1970-01-01T00:00:00Z</when>
          <when>1970-01-01T00:00:00Z</when>
          <when>1970-01-01T00:00:00Z</when>
          <when>1970-01-01T00:00:00Z</when>
          <when>1970-01-01T00:00:00Z</when>
          <when>1970-01-01T00:00:00Z</when>
          <when>1970-01-01T00:00:00Z</when>
          <when>1970-01-01T00:00:00Z</when>
          <when>1970-01-01T00:00:00Z</when>
          <when>1970-01-01T00:00:00Z</when>
          <when>1970-01-01T00:00:00Z</when>
          <when>1970-01-01T00:00:00Z</when>
          <when>1970-01-01T00:00:00Z</when>
          <when>1970-01-01T00:00:00Z</when>
          <when>1970-01-01T00:00:00Z</when>
          <when>1970-01-01T00:00:00Z</when>
          <when>1970-01-01T00:00:00Z</when>
          <when>1970-01-01T00:00:00Z</when>
          <when>1970-01-01T00:00:00Z</when>
          <when>1970-01-01T00:00:00Z</when>
          <when>1970-01-01T00:00:00Z</when>
          <when>1970-01-01T00:00:00Z</when>
          <when>1970-01-01T00:00:00Z</when>
          <when>1970-01-01T00:00:00Z</when>
          <when>1970-01-01T00:00:00Z</when>
          <when>1970-01-01T00:00:00Z</when>
          <when>1970-01-01T00:00:00Z</when>
          <when>1970-01-01T00:00:00Z</when>
          <when>1970-01-01T00:00:00Z</when>
          <when>1970-01-01T00:00:00Z</when>
          <when>1970-01-01T00:00:00Z</when>
          <when>1970-01-01T00:00:00Z</when>
          <when>1970-01-01T00:00:00Z</when>
          <when>1970-01-01T00:00:00Z</when>
          <when>1970-01-01T00:00:00Z</when>
          <when>1970-01-01T00:00:00Z</when>
          <when>1970-01-01T00:00:00Z</when>
          <when>1970-01-01T00:00:00Z</when>
          <when>1970-01-01T00:00:00Z</when>
          <when>1970-01-01T00:00:00Z</when>
          <when>1970-01-01T00:00:00Z</when>
          <when>1970-01-01T00:00:00Z</when>
          <when>1970-01-01T00:00:00Z</when>
          <when>1970-01-01T00:00:00Z</when>
          <when>1970-01-01T00:00:00Z</when>
          <when>1970-01-01T00:00:00Z</when>
          <when>1970-01-01T00:00:00Z</when>
          <when>1970-01-01T00:00:00Z</when>
          <when>1970-01-01T00:00:00Z</when>
          <when>1970-01-01T00:00:00Z</when>
          <when>1970-01-01T00:00:00Z</when>
          <when>1970-01-01T00:00:00Z</when>
          <when>1970-01-01T00:00:00Z</when>
          <when>1970-01-01T00:00:00Z</when>
          <when>1970-01-01T00:00:00Z</when>
          <when>1970-01-01T00:00:00Z</when>
          <when>1970-01-01T00:00:00Z</when>
          <when>1970-01-01T00:00:00Z</when>
          <when>1970-01-01T00:00:00Z</when>
          <when>1970-01-01T00:00:00Z</when>
          <when>1970-01-01T00:00:00Z</when>
          <when>1970-01-01T00:00:00Z</when>
          <when>1970-01-01T00:00:00Z</when>
          <when>1970-01-01T00:00:00Z</when>
          <when>1970-01-01T00:00:00Z</when>
          <when>1970-01-01T00:00:00Z</when>
          <when>1970-01-01T00:00:00Z</when>
          <when>1970-01-01T00:00:00Z</when>
          <when>1970-01-01T00:00:00Z</when>
          <when>1970-01-01T00:00:00Z</when>
          <when>1970-01-01T00:00:00Z</when>
          <when>1970-01-01T00:00:00Z</when>
          <when>1970-01-01T00:00:00Z</when>
          <when>1970-01-01T00:00:00Z</when>
          <when>1970-01-01T00:00:00Z</when>
          <when>1970-01-01T00:00:00Z</when>
          <when>1970-01-01T00:00:00Z</when>
          <when>1970-01-01T00:00:00Z</when>
          <when>1970-01-01T00:00:00Z</when>
          <when>1970-01-01T00:00:00Z</when>
          <when>1970-01-01T00:00:00Z</when>
          <when>1970-01-01T00:00:00Z</when>
          <when>1970-01-01T00:00:00Z</when>
          <when>1970-01-01T00:00:00Z</when>
          <when>1970-01-01T00:00:00Z</when>
          <when>1970-01-01T00:00:00Z</when>
          <when>1970-01-01T00:00:00Z</when>
          <when>1970-01-01T00:00:00Z</when>
          <when>1970-01-01T00:00:00Z</when>
          <when>1970-01-01T00:00:00Z</when>
          <when>1970-01-01T00:00:00Z</when>
          <when>1970-01-01T00:00:00Z</when>
          <when>1970-01-01T00:00:00Z</when>
          <when>1970-01-01T00:00:00Z</when>
          <when>1970-01-01T00:00:00Z</when>
          <when>1970-01-01T00:00:00Z</when>
          <when>1970-01-01T00:00:00Z</when>
          <when>1970-01-01T00:00:00Z</when>
          <when>1970-01-01T00:00:00Z</when>
          <when>1970-01-01T00:00:00Z</when>
          <when>1970-01-01T00:00:00Z</when>
          <when>1970-01-01T00:00:00Z</when>
          <when>1970-01-01T00:00:00Z</when>
          <when>1970-01-01T00:00:00Z</when>
          <when>1970-01-01T00:00:00Z</when>
          <when>1970-01-01T00:00:00Z</when>
          <when>1970-01-01T00:00:00Z</when>
          <when>1970-01-01T00:00:00Z</when>
          <when>1970-01-01T00:00:00Z</when>
          <when>1970-01-01T00:00:00Z</when>
          <when>1970-01-01T00:00:00Z</when>
          <when>1970-01-01T00:00:00Z</when>
          <when>1970-01-01T00:00:00Z</when>
          <when>1970-01-01T00:00:00Z</when>
          <when>1970-01-01T00:00:00Z</when>
          <when>1970-01-01T00:00:00Z</when>
          <when>1970-01-01T00:00:00Z</when>
          <when>1970-01-01T00:00:00Z</when>
          <when>1970-01-01T00:00:00Z</when>
          <when>1970-01-01T00:00:00Z</when>
          <when>1970-01-01T00:00:00Z</when>
          <when>1970-01-01T00:00:00Z</when>
          <when>1970-01-01T00:00:00Z</when>
          <when>1970-01-01T00:00:00Z</when>
          <when>1970-01-01T00:00:00Z</when>
          <when>1970-01-01T00:00:00Z</when>
          <when>1970-01-01T00:00:00Z</when>
          <when>1970-01-01T00:00:00Z</when>
          <when>1970-01-01T00:00:00Z</when>
          <when>1970-01-01T00:00:00Z</when>
          <when>1970-01-01T00:00:00Z</when>
          <when>1970-01-01T00:00:00Z</when>
          <when>1970-01-01T00:00:00Z</when>
          <when>1970-01-01T00:00:00Z</when>
          <when>1970-01-01T00:00:00Z</when>
          <when>1970-01-01T00:00:00Z</when>
          <when>1970-01-01T00:00:00Z</when>
          <when>1970-01-01T00:00:00Z</when>
          <when>1970-01-01T00:00:00Z</when>
          <when>1970-01-01T00:00:00Z</when>
          <when>1970-01-01T00:00:00Z</when>
          <when>1970-01-01T00:00:00Z</when>
          <when>1970-01-01T00:00:00Z</when>
          <when>1970-01-01T00:00:00Z</when>
          <when>1970-01-01T00:00:00Z</when>
          <when>1970-01-01T00:00:00Z</when>
          <when>1970-01-01T00:00:00Z</when>
          <when>1970-01-01T00:00:00Z</when>
          <when>1970-01-01T00:00:00Z</when>
          <when>1970-01-01T00:00:00Z</when>
          <when>1970-01-01T00:00:00Z</when>
          <when>1970-01-01T00:00:00Z</when>
          <when>1970-01-01T00:00:00Z</when>
          <when>1970-01-01T00:00:00Z</when>
          <when>1970-01-01T00:00:00Z</when>
          <when>1970-01-01T00:00:00Z</when>
          <when>1970-01-01T00:00:00Z</when>
          <when>1970-01-01T00:00:00Z</when>
          <when>1970-01-01T00:00:00Z</when>
          <when>1970-01-01T00:00:00Z</when>
          <when>1970-01-01T00:00:00Z</when>
          <when>1970-01-01T00:00:00Z</when>
          <when>1970-01-01T00:00:00Z</when>
          <when>1970-01-01T00:00:00Z</when>
          <when>1970-01-01T00:00:00Z</when>
          <when>1970-01-01T00:00:00Z</when>
          <when>1970-01-01T00:00:00Z</when>
          <when>1970-01-01T00:00:00Z</when>
          <when>1970-01-01T00:00:00Z</when>
          <when>1970-01-01T00:00:00Z</when>
          <when>1970-01-01T00:00:00Z</when>
          <when>1970-01-01T00:00:00Z</when>
          <when>1970-01-01T00:00:00Z</when>
          <when>1970-01-01T00:00:00Z</when>
          <when>1970-01-01T00:00:00Z</when>
          <when>1970-01-01T00:00:00Z</when>
          <when>1970-01-01T00:00:00Z</when>
          <when>1970-01-01T00:00:00Z</when>
          <when>1970-01-01T00:00:00Z</when>
          <when>1970-01-01T00:00:00Z</when>
          <when>1970-01-01T00:00:00Z</when>
          <when>1970-01-01T00:00:00Z</when>
          <when>1970-01-01T00:00:00Z</when>
          <when>1970-01-01T00:00:00Z</when>
          <when>1970-01-01T00:00:00Z</when>
          <when>1970-01-01T00:00:00Z</when>
          <when>1970-01-01T00:00:00Z</when>
          <when>1970-01-01T00:00:00Z</when>
          <when>1970-01-01T00:00:00Z</when>
          <when>1970-01-01T00:00:00Z</when>
          <when>1970-01-01T00:00:00Z</when>
          <when>1970-01-01T00:00:00Z</when>
          <when>1970-01-01T00:00:00Z</when>
          <when>1970-01-01T00:00:00Z</when>
          <when>1970-01-01T00:00:00Z</when>
          <when>1970-01-01T00:00:00Z</when>
          <when>1970-01-01T00:00:00Z</when>
          <when>1970-01-01T00:00:00Z</when>
          <when>1970-01-01T00:00:00Z</when>
          <when>1970-01-01T00:00:00Z</when>
          <when>1970-01-01T00:00:00Z</when>
          <when>1970-01-01T00:00:00Z</when>
          <when>1970-01-01T00:00:00Z</when>
          <when>1970-01-01T00:00:00Z</when>
          <when>1970-01-01T00:00:00Z</when>
          <when>1970-01-01T00:00:00Z</when>
          <when>1970-01-01T00:00:00Z</when>
          <when>1970-01-01T00:00:00Z</when>
          <when>1970-01-01T00:00:00Z</when>
          <when>1970-01-01T00:00:00Z</when>
          <when>1970-01-01T00:00:00Z</when>
          <when>1970-01-01T00:00:00Z</when>
          <when>1970-01-01T00:00:00Z</when>
          <when>1970-01-01T00:00:00Z</when>
          <when>1970-01-01T00:00:00Z</when>
          <when>1970-01-01T00:00:00Z</when>
          <when>1970-01-01T00:00:00Z</when>
          <when>1970-01-01T00:00:00Z</when>
          <when>1970-01-01T00:00:00Z</when>
          <when>1970-01-01T00:00:00Z</when>
          <when>1970-01-01T00:00:00Z</when>
          <when>1970-01-01T00:00:00Z</when>
          <when>1970-01-01T00:00:00Z</when>
          <when>1970-01-01T00:00:00Z</when>
          <when>1970-01-01T00:00:00Z</when>
          <when>1970-01-01T00:00:00Z</when>
          <when>1970-01-01T00:00:00Z</when>
          <when>1970-01-01T00:00:00Z</when>
          <when>1970-01-01T00:00:00Z</when>
          <when>1970-01-01T00:00:00Z</when>
          <when>1970-01-01T00:00:00Z</when>
          <when>1970-01-01T00:00:00Z</when>
          <when>1970-01-01T00:00:00Z</when>
          <when>1970-01-01T00:00:00Z</when>
          <when>1970-01-01T00:00:00Z</when>
          <when>1970-01-01T00:00:00Z</when>
          <when>1970-01-01T00:00:00Z</when>
          <when>1970-01-01T00:00:00Z</when>
          <when>1970-01-01T00:00:00Z</when>
          <when>1970-01-01T00:00:00Z</when>
          <when>1970-01-01T00:00:00Z</when>
          <when>1970-01-01T00:00:00Z</when>
          <when>1970-01-01T00:00:00Z</when>
          <when>1970-01-01T00:00:00Z</when>
          <when>1970-01-01T00:00:00Z</when>
          <when>1970-01-01T00:00:00Z</when>
          <when>1970-01-01T00:00:00Z</when>
          <when>1970-01-01T00:00:00Z</when>
          <when>1970-01-01T00:00:00Z</when>
          <when>1970-01-01T00:00:00Z</when>
          <when>1970-01-01T00:00:00Z</when>
          <when>1970-01-01T00:00:00Z</when>
          <when>1970-01-01T00:00:00Z</when>
          <when>1970-01-01T00:00:00Z</when>
          <when>1970-01-01T00:00:00Z</when>
          <when>1970-01-01T00:00:00Z</when>
          <when>1970-01-01T00:00:00Z</when>
          <when>1970-01-01T00:00:00Z</when>
          <when>1970-01-01T00:00:00Z</when>
          <when>1970-01-01T00:00:00Z</when>
          <when>1970-01-01T00:00:00Z</when>
          <when>1970-01-01T00:00:00Z</when>
          <when>1970-01-01T00:00:00Z</when>
          <when>1970-01-01T00:00:00Z</when>
          <when>1970-01-01T00:00:00Z</when>
          <when>1970-01-01T00:00:00Z</when>
          <when>1970-01-01T00:00:00Z</when>
          <when>1970-01-01T00:00:00Z</when>
          <when>1970-01-01T00:00:00Z</when>
          <when>1970-01-01T00:00:00Z</when>
          <when>1970-01-01T00:00:00Z</when>
          <when>1970-01-01T00:00:00Z</when>
          <when>1970-01-01T00:00:00Z</when>
          <when>1970-01-01T00:00:00Z</when>
          <when>1970-01-01T00:00:00Z</when>
          <when>1970-01-01T00:00:00Z</when>
          <when>1970-01-01T00:00:00Z</when>
          <when>1970-01-01T00:00:00Z</when>
          <when>1970-01-01T00:00:00Z</when>
          <when>1970-01-01T00:00:00Z</when>
          <when>1970-01-01T00:00:00Z</when>
          <when>1970-01-01T00:00:00Z</when>
          <when>1970-01-01T00:00:00Z</when>
          <when>1970-01-01T00:00:00Z</when>
          <when>1970-01-01T00:00:00Z</when>
          <when>1970-01-01T00:00:00Z</when>
          <when>1970-01-01T00:00:00Z</when>
          <when>1970-01-01T00:00:00Z</when>
          <when>1970-01-01T00:00:00Z</when>
          <when>1970-01-01T00:00:00Z</when>
          <when>1970-01-01T00:00:00Z</when>
          <when>1970-01-01T00:00:00Z</when>
          <when>1970-01-01T00:00:00Z</when>
          <when>1970-01-01T00:00:00Z</when>
          <when>1970-01-01T00:00:00Z</when>
          <when>1970-01-01T00:00:00Z</when>
          <when>1970-01-01T00:00:00Z</when>
          <when>1970-01-01T00:00:00Z</when>
          <when>1970-01-01T00:00:00Z</when>
          <when>1970-01-01T00:00:00Z</when>
          <when>1970-01-01T00:00:00Z</when>
          <when>1970-01-01T00:00:00Z</when>
          <when>1970-01-01T00:00:00Z</when>
          <when>1970-01-01T00:00:00Z</when>
          <when>1970-01-01T00:00:00Z</when>
          <when>1970-01-01T00:00:00Z</when>
          <when>1970-01-01T00:00:00Z</when>
          <when>1970-01-01T00:00:00Z</when>
          <when>1970-01-01T00:00:00Z</when>
          <when>1970-01-01T00:00:00Z</when>
          <when>1970-01-01T00:00:00Z</when>
          <when>1970-01-01T00:00:00Z</when>
          <when>1970-01-01T00:00:00Z</when>
          <when>1970-01-01T00:00:00Z</when>
          <when>1970-01-01T00:00:00Z</when>
          <when>1970-01-01T00:00:00Z</when>
          <when>1970-01-01T00:00:00Z</when>
          <when>1970-01-01T00:00:00Z</when>
          <when>1970-01-01T00:00:00Z</when>
          <when>1970-01-01T00:00:00Z</when>
          <when>1970-01-01T00:00:00Z</when>
          <when>1970-01-01T00:00:00Z</when>
          <when>1970-01-01T00:00:00Z</when>
          <when>1970-01-01T00:00:00Z</when>
          <when>1970-01-01T00:00:00Z</when>
          <when>1970-01-01T00:00:00Z</when>
          <when>1970-01-01T00:00:00Z</when>
          <when>1970-01-01T00:00:00Z</when>
          <when>1970-01-01T00:00:00Z</when>
          <when>1970-01-01T00:00:00Z</when>
          <when>1970-01-01T00:00:00Z</when>
          <when>1970-01-01T00:00:00Z</when>
          <when>1970-01-01T00:00:00Z</when>
          <when>1970-01-01T00:00:00Z</when>
          <when>1970-01-01T00:00:00Z</when>
          <when>1970-01-01T00:00:00Z</when>
          <when>1970-01-01T00:00:00Z</when>
          <when>1970-01-01T00:00:00Z</when>
          <when>1970-01-01T00:00:00Z</when>
          <when>1970-01-01T00:00:00Z</when>
          <when>1970-01-01T00:00:00Z</when>
          <when>1970-01-01T00:00:00Z</when>
          <when>1970-01-01T00:00:00Z</when>
          <when>1970-01-01T00:00:00Z</when>
          <when>1970-01-01T00:00:00Z</when>
          <when>1970-01-01T00:00:00Z</when>
          <when>1970-01-01T00:00:00Z</when>
          <when>1970-01-01T00:00:00Z</when>
          <when>1970-01-01T00:00:00Z</when>
          <when>1970-01-01T00:00:00Z</when>
          <when>1970-01-01T00:00:00Z</when>
          <when>1970-01-01T00:00:00Z</when>
          <when>1970-01-01T00:00:00Z</when>
          <when>1970-01-01T00:00:00Z</when>
          <when>1970-01-01T00:00:00Z</when>
          <when>1970-01-01T00:00:00Z</when>
          <when>1970-01-01T00:00:00Z</when>
          <when>1970-01-01T00:00:00Z</when>
          <when>1970-01-01T00:00:00Z</when>
          <when>1970-01-01T00:00:00Z</when>
          <when>1970-01-01T00:00:00Z</when>
          <when>1970-01-01T00:00:00Z</when>
          <when>1970-01-01T00:00:00Z</when>
          <when>1970-01-01T00:00:00Z</when>
          <when>1970-01-01T00:00:00Z</when>
          <when>1970-01-01T00:00:00Z</when>
          <when>1970-01-01T00:00:00Z</when>
          <when>1970-01-01T00:00:00Z</when>
          <when>1970-01-01T00:00:00Z</when>
          <when>1970-01-01T00:00:00Z</when>
          <when>1970-01-01T00:00:00Z</when>
          <when>1970-01-01T00:00:00Z</when>
          <when>1970-01-01T00:00:00Z</when>
          <when>1970-01-01T00:00:00Z</when>
          <when>1970-01-01T00:00:00Z</when>
          <when>1970-01-01T00:00:00Z</when>
          <when>1970-01-01T00:00:00Z</when>
          <when>1970-01-01T00:00:00Z</when>
          <when>1970-01-01T00:00:00Z</when>
          <when>1970-01-01T00:00:00Z</when>
          <when>1970-01-01T00:00:00Z</when>
          <when>1970-01-01T00:00:00Z</when>
          <when>1970-01-01T00:00:00Z</when>
          <when>1970-01-01T00:00:00Z</when>
          <when>1970-01-01T00:00:00Z</when>
          <when>1970-01-01T00:00:00Z</when>
          <when>1970-01-01T00:00:00Z</when>
          <when>1970-01-01T00:00:00Z</when>
          <when>1970-01-01T00:00:00Z</when>
          <when>1970-01-01T00:00:00Z</when>
          <when>1970-01-01T00:00:00Z</when>
          <when>1970-01-01T00:00:00Z</when>
          <when>1970-01-01T00:00:00Z</when>
          <when>1970-01-01T00:00:00Z</when>
          <when>1970-01-01T00:00:00Z</when>
          <when>1970-01-01T00:00:00Z</when>
          <when>1970-01-01T00:00:00Z</when>
          <when>1970-01-01T00:00:00Z</when>
          <when>1970-01-01T00:00:00Z</when>
          <when>1970-01-01T00:00:00Z</when>
          <when>1970-01-01T00:00:00Z</when>
          <when>1970-01-01T00:00:00Z</when>
          <when>1970-01-01T00:00:00Z</when>
          <when>1970-01-01T00:00:00Z</when>
          <when>1970-01-01T00:00:00Z</when>
          <when>1970-01-01T00:00:00Z</when>
          <when>1970-01-01T00:00:00Z</when>
          <when>1970-01-01T00:00:00Z</when>
          <when>1970-01-01T00:00:00Z</when>
          <when>1970-01-01T00:00:00Z</when>
          <when>1970-01-01T00:00:00Z</when>
          <when>1970-01-01T00:00:00Z</when>
          <when>1970-01-01T00:00:00Z</when>
          <when>1970-01-01T00:00:00Z</when>
          <when>1970-01-01T00:00:00Z</when>
          <when>1970-01-01T00:00:00Z</when>
          <when>1970-01-01T00:00:00Z</when>
          <when>1970-01-01T00:00:00Z</when>
          <when>1970-01-01T00:00:00Z</when>
          <when>1970-01-01T00:00:00Z</when>
          <when>1970-01-01T00:00:00Z</when>
          <when>1970-01-01T00:00:00Z</when>
          <when>1970-01-01T00:00:00Z</when>
          <when>1970-01-01T00:00:00Z</when>
          <when>1970-01-01T00:00:00Z</when>
          <when>1970-01-01T00:00:00Z</when>
          <when>1970-01-01T00:00:00Z</when>
          <when>1970-01-01T00:00:00Z</when>
          <when>1970-01-01T00:00:00Z</when>
          <when>1970-01-01T00:00:00Z</when>
          <when>1970-01-01T00:00:00Z</when>
          <when>1970-01-01T00:00:00Z</when>
          <when>1970-01-01T00:00:00Z</when>
          <when>1970-01-01T00:00:00Z</when>
          <when>1970-01-01T00:00:00Z</when>
          <when>1970-01-01T00:00:00Z</when>
          <when>1970-01-01T00:00:00Z</when>
          <when>1970-01-01T00:00:00Z</when>
          <when>1970-01-01T00:00:00Z</when>
          <when>1970-01-01T00:00:00Z</when>
          <when>1970-01-01T00:00:00Z</when>
          <when>1970-01-01T00:00:00Z</when>
          <when>1970-01-01T00:00:00Z</when>
          <when>1970-01-01T00:00:00Z</when>
          <when>1970-01-01T00:00:00Z</when>
          <when>1970-01-01T00:00:00Z</when>
          <when>1970-01-01T00:00:00Z</when>
          <when>1970-01-01T00:00:00Z</when>
          <when>1970-01-01T00:00:00Z</when>
          <when>1970-01-01T00:00:00Z</when>
          <when>1970-01-01T00:00:00Z</when>
          <when>1970-01-01T00:00:00Z</when>
          <when>1970-01-01T00:00:00Z</when>
          <when>1970-01-01T00:00:00Z</when>
          <when>1970-01-01T00:00:00Z</when>
          <when>1970-01-01T00:00:00Z</when>
          <when>1970-01-01T00:00:00Z</when>
          <when>1970-01-01T00:00:00Z</when>
          <when>1970-01-01T00:00:00Z</when>
          <when>1970-01-01T00:00:00Z</when>
          <when>1970-01-01T00:00:00Z</when>
          <when>1970-01-01T00:00:00Z</when>
          <when>1970-01-01T00:00:00Z</when>
          <when>1970-01-01T00:00:00Z</when>
          <when>1970-01-01T00:00:00Z</when>
          <when>1970-01-01T00:00:00Z</when>
          <when>1970-01-01T00:00:00Z</when>
          <when>1970-01-01T00:00:00Z</when>
          <when>1970-01-01T00:00:00Z</when>
          <when>1970-01-01T00:00:00Z</when>
          <when>1970-01-01T00:00:00Z</when>
          <when>1970-01-01T00:00:00Z</when>
          <when>1970-01-01T00:00:00Z</when>
          <when>1970-01-01T00:00:00Z</when>
          <when>1970-01-01T00:00:00Z</when>
          <when>1970-01-01T00:00:00Z</when>
          <when>1970-01-01T00:00:00Z</when>
          <when>1970-01-01T00:00:00Z</when>
          <when>1970-01-01T00:00:00Z</when>
          <when>1970-01-01T00:00:00Z</when>
          <when>1970-01-01T00:00:00Z</when>
          <when>1970-01-01T00:00:00Z</when>
          <when>1970-01-01T00:00:00Z</when>
          <when>1970-01-01T00:00:00Z</when>
          <when>1970-01-01T00:00:00Z</when>
          <when>1970-01-01T00:00:00Z</when>
          <when>1970-01-01T00:00:00Z</when>
          <when>1970-01-01T00:00:00Z</when>
          <when>1970-01-01T00:00:00Z</when>
          <when>1970-01-01T00:00:00Z</when>
          <when>1970-01-01T00:00:00Z</when>
          <when>1970-01-01T00:00:00Z</when>
          <when>1970-01-01T00:00:00Z</when>
          <when>1970-01-01T00:00:00Z</when>
          <when>1970-01-01T00:00:00Z</when>
          <when>1970-01-01T00:00:00Z</when>
          <when>1970-01-01T00:00:00Z</when>
          <when>1970-01-01T00:00:00Z</when>
          <when>1970-01-01T00:00:00Z</when>
          <when>1970-01-01T00:00:00Z</when>
          <when>1970-01-01T00:00:00Z</when>
          <when>1970-01-01T00:00:00Z</when>
          <when>1970-01-01T00:00:00Z</when>
          <when>1970-01-01T00:00:00Z</when>
          <when>1970-01-01T00:00:00Z</when>
          <when>1970-01-01T00:00:00Z</when>
          <when>1970-01-01T00:00:00Z</when>
          <when>1970-01-01T00:00:00Z</when>
          <when>1970-01-01T00:00:00Z</when>
          <when>1970-01-01T00:00:00Z</when>
          <when>1970-01-01T00:00:00Z</when>
          <when>1970-01-01T00:00:00Z</when>
          <when>1970-01-01T00:00:00Z</when>
          <when>1970-01-01T00:00:00Z</when>
          <when>1970-01-01T00:00:00Z</when>
          <when>1970-01-01T00:00:00Z</when>
          <when>1970-01-01T00:00:00Z</when>
          <when>1970-01-01T00:00:00Z</when>
          <when>1970-01-01T00:00:00Z</when>
          <when>1970-01-01T00:00:00Z</when>
          <when>1970-01-01T00:00:00Z</when>
          <when>1970-01-01T00:00:00Z</when>
          <when>1970-01-01T00:00:00Z</when>
          <when>1970-01-01T00:00:00Z</when>
          <when>1970-01-01T00:00:00Z</when>
          <when>1970-01-01T00:00:00Z</when>
          <when>1970-01-01T00:00:00Z</when>
          <when>1970-01-01T00:00:00Z</when>
          <when>1970-01-01T00:00:00Z</when>
          <ExtendedData>
            <Data name="GxTrackExtendedData">
              <value>0.0,0.0;0.0,0.0;0.0,0.0;0.0,0.0;0.0,0.0;0.0,0.0;0.0,0.0;0.0,0.0;0.0,0.0;0.0,0.0;0.0,0.0;0.0,0.0;0.0,0.0;0.0,0.0;0.0,0.0;0.0,0.0;0.0,0.0;0.0,0.0;0.0,0.0;0.0,0.0;0.0,0.0;0.0,0.0;0.0,0.0;0.0,0.0;0.0,0.0;0.0,0.0;0.0,0.0;0.0,0.0;0.0,0.0;0.0,0.0;0.0,0.0;0.0,0.0;0.0,0.0;0.0,0.0;0.0,0.0;0.0,0.0;0.0,0.0;0.0,0.0;0.0,0.0;0.0,0.0;0.0,0.0;0.0,0.0;0.0,0.0;0.0,0.0;0.0,0.0;0.0,0.0;0.0,0.0;0.0,0.0;0.0,0.0;0.0,0.0;0.0,0.0;0.0,0.0;0.0,0.0;0.0,0.0;0.0,0.0;0.0,0.0;0.0,0.0;0.0,0.0;0.0,0.0;0.0,0.0;0.0,0.0;0.0,0.0;0.0,0.0;0.0,0.0;0.0,0.0;0.0,0.0;0.0,0.0;0.0,0.0;0.0,0.0;0.0,0.0;0.0,0.0;0.0,0.0;0.0,0.0;0.0,0.0;0.0,0.0;0.0,0.0;0.0,0.0;0.0,0.0;0.0,0.0;0.0,0.0;0.0,0.0;0.0,0.0;0.0,0.0;0.0,0.0;0.0,0.0;0.0,0.0;0.0,0.0;0.0,0.0;0.0,0.0;0.0,0.0;0.0,0.0;0.0,0.0;0.0,0.0;0.0,0.0;0.0,0.0;0.0,0.0;0.0,0.0;0.0,0.0;0.0,0.0;0.0,0.0;0.0,0.0;0.0,0.0;0.0,0.0;0.0,0.0;0.0,0.0;0.0,0.0;0.0,0.0;0.0,0.0;0.0,0.0;0.0,0.0;0.0,0.0;0.0,0.0;0.0,0.0;0.0,0.0;0.0,0.0;0.0,0.0;0.0,0.0;0.0,0.0;0.0,0.0;0.0,0.0;0.0,0.0;0.0,0.0;0.0,0.0;0.0,0.0;0.0,0.0;0.0,0.0;0.0,0.0;0.0,0.0;0.0,0.0;0.0,0.0;0.0,0.0;0.0,0.0;0.0,0.0;0.0,0.0;0.0,0.0;0.0,0.0;0.0,0.0;0.0,0.0;0.0,0.0;0.0,0.0;0.0,0.0;0.0,0.0;0.0,0.0;0.0,0.0;0.0,0.0;0.0,0.0;0.0,0.0;0.0,0.0;0.0,0.0;0.0,0.0;0.0,0.0;0.0,0.0;0.0,0.0;0.0,0.0;0.0,0.0;0.0,0.0;0.0,0.0;0.0,0.0;0.0,0.0;0.0,0.0;0.0,0.0;0.0,0.0;0.0,0.0;0.0,0.0;0.0,0.0;0.0,0.0;0.0,0.0;0.0,0.0;0.0,0.0;0.0,0.0;0.0,0.0;0.0,0.0;0.0,0.0;0.0,0.0;0.0,0.0;0.0,0.0;0.0,0.0;0.0,0.0;0.0,0.0;0.0,0.0;0.0,0.0;0.0,0.0;0.0,0.0;0.0,0.0;0.0,0.0;0.0,0.0;0.0,0.0;0.0,0.0;0.0,0.0;0.0,0.0;0.0,0.0;0.0,0.0;0.0,0.0;0.0,0.0;0.0,0.0;0.0,0.0;0.0,0.0;0.0,0.0;0.0,0.0;0.0,0.0;0.0,0.0;0.0,0.0;0.0,0.0;0.0,0.0;0.0,0.0;0.0,0.0;0.0,0.0;0.0,0.0;0.0,0.0;0.0,0.0;0.0,0.0;0.0,0.0;0.0,0.0;0.0,0.0;0.0,0.0;0.0,0.0;0.0,0.0;0.0,0.0;0.0,0.0;0.0,0.0;0.0,0.0;0.0,0.0;0.0,0.0;0.0,0.0;0.0,0.0;0.0,0.0;0.0,0.0;0.0,0.0;0.0,0.0;0.0,0.0;0.0,0.0;0.0,0.0;0.0,0.0;0.0,0.0;0.0,0.0;0.0,0.0;0.0,0.0;0.0,0.0;0.0,0.0;0.0,0.0;0.0,0.0;0.0,0.0;0.0,0.0;0.0,0.0;0.0,0.0;0.0,0.0;0.0,0.0;0.0,0.0;0.0,0.0;0.0,0.0;0.0,0.0;0.0,0.0;0.0,0.0;0.0,0.0;0.0,0.0;0.0,0.0;0.0,0.0;0.0,0.0;0.0,0.0;0.0,0.0;0.0,0.0;0.0,0.0;0.0,0.0;0.0,0.0;0.0,0.0;0.0,0.0;0.0,0.0;0.0,0.0;0.0,0.0;0.0,0.0;0.0,0.0;0.0,0.0;0.0,0.0;0.0,0.0;0.0,0.0;0.0,0.0;0.0,0.0;0.0,0.0;0.0,0.0;0.0,0.0;0.0,0.0;0.0,0.0;0.0,0.0;0.0,0.0;0.0,0.0;0.0,0.0;0.0,0.0;0.0,0.0;0.0,0.0;0.0,0.0;0.0,0.0;0.0,0.0;0.0,0.0;0.0,0.0;0.0,0.0;0.0,0.0;0.0,0.0;0.0,0.0;0.0,0.0;0.0,0.0;0.0,0.0;0.0,0.0;0.0,0.0;0.0,0.0;0.0,0.0;0.0,0.0;0.0,0.0;0.0,0.0;0.0,0.0;0.0,0.0;0.0,0.0;0.0,0.0;0.0,0.0;0.0,0.0;0.0,0.0;0.0,0.0;0.0,0.0;0.0,0.0;0.0,0.0;0.0,0.0;0.0,0.0;0.0,0.0;0.0,0.0;0.0,0.0;0.0,0.0;0.0,0.0;0.0,0.0;0.0,0.0;0.0,0.0;0.0,0.0;0.0,0.0;0.0,0.0;0.0,0.0;0.0,0.0;0.0,0.0;0.0,0.0;0.0,0.0;0.0,0.0;0.0,0.0;0.0,0.0;0.0,0.0;0.0,0.0;0.0,0.0;0.0,0.0;0.0,0.0;0.0,0.0;0.0,0.0;0.0,0.0;0.0,0.0;0.0,0.0;0.0,0.0;0.0,0.0;0.0,0.0;0.0,0.0;0.0,0.0;0.0,0.0;0.0,0.0;0.0,0.0;0.0,0.0;0.0,0.0;0.0,0.0;0.0,0.0;0.0,0.0;0.0,0.0;0.0,0.0;0.0,0.0;0.0,0.0;0.0,0.0;0.0,0.0;0.0,0.0;0.0,0.0;0.0,0.0;0.0,0.0;0.0,0.0;0.0,0.0;0.0,0.0;0.0,0.0;0.0,0.0;0.0,0.0;0.0,0.0;0.0,0.0;0.0,0.0;0.0,0.0;0.0,0.0;0.0,0.0;0.0,0.0;0.0,0.0;0.0,0.0;0.0,0.0;0.0,0.0;0.0,0.0;0.0,0.0;0.0,0.0;0.0,0.0;0.0,0.0;0.0,0.0;0.0,0.0;0.0,0.0;0.0,0.0;0.0,0.0;0.0,0.0;0.0,0.0;0.0,0.0;0.0,0.0;0.0,0.0;0.0,0.0;0.0,0.0;0.0,0.0;0.0,0.0;0.0,0.0;0.0,0.0;0.0,0.0;0.0,0.0;0.0,0.0;0.0,0.0;0.0,0.0;0.0,0.0;0.0,0.0;0.0,0.0;0.0,0.0;0.0,0.0;0.0,0.0;0.0,0.0;0.0,0.0;0.0,0.0;0.0,0.0;0.0,0.0;0.0,0.0;0.0,0.0;0.0,0.0;0.0,0.0;0.0,0.0;0.0,0.0;0.0,0.0;0.0,0.0;0.0,0.0;0.0,0.0;0.0,0.0;0.0,0.0;0.0,0.0;0.0,0.0;0.0,0.0;0.0,0.0;0.0,0.0;0.0,0.0;0.0,0.0;0.0,0.0;0.0,0.0;0.0,0.0;0.0,0.0;0.0,0.0;0.0,0.0;0.0,0.0;0.0,0.0;0.0,0.0;0.0,0.0;0.0,0.0;0.0,0.0;0.0,0.0;0.0,0.0;0.0,0.0;0.0,0.0;0.0,0.0;0.0,0.0;0.0,0.0;0.0,0.0;0.0,0.0;0.0,0.0;0.0,0.0;0.0,0.0;0.0,0.0;0.0,0.0;0.0,0.0;0.0,0.0;0.0,0.0;0.0,0.0;0.0,0.0;0.0,0.0;0.0,0.0;0.0,0.0;0.0,0.0;0.0,0.0;0.0,0.0;0.0,0.0;0.0,0.0;0.0,0.0;0.0,0.0;0.0,0.0;0.0,0.0;0.0,0.0;0.0,0.0;0.0,0.0;0.0,0.0;0.0,0.0;0.0,0.0;0.0,0.0;0.0,0.0;0.0,0.0;0.0,0.0;0.0,0.0;0.0,0.0;0.0,0.0;0.0,0.0;0.0,0.0;0.0,0.0;0.0,0.0;0.0,0.0;0.0,0.0;0.0,0.0;0.0,0.0;0.0,0.0;0.0,0.0;0.0,0.0;0.0,0.0;0.0,0.0;0.0,0.0;0.0,0.0;0.0,0.0;0.0,0.0;0.0,0.0;0.0,0.0;0.0,0.0;0.0,0.0;0.0,0.0;0.0,0.0;0.0,0.0;0.0,0.0;0.0,0.0;0.0,0.0;0.0,0.0;0.0,0.0;0.0,0.0;0.0,0.0;0.0,0.0;0.0,0.0;0.0,0.0;0.0,0.0;0.0,0.0;0.0,0.0;0.0,0.0;0.0,0.0;0.0,0.0;0.0,0.0;0.0,0.0;0.0,0.0;0.0,0.0;0.0,0.0;0.0,0.0;0.0,0.0;0.0,0.0;0.0,0.0;0.0,0.0;0.0,0.0;0.0,0.0;0.0,0.0;0.0,0.0;0.0,0.0;0.0,0.0;0.0,0.0;0.0,0.0;0.0,0.0;0.0,0.0;0.0,0.0;0.0,0.0;0.0,0.0;0.0,0.0;0.0,0.0;0.0,0.0;0.0,0.0;0.0,0.0;0.0,0.0;0.0,0.0;0.0,0.0;0.0,0.0;0.0,0.0;0.0,0.0;0.0,0.0;0.0,0.0;0.0,0.0;0.0,0.0;0.0,0.0;0.0,0.0;0.0,0.0;0.0,0.0;0.0,0.0;0.0,0.0;0.0,0.0;0.0,0.0;0.0,0.0;0.0,0.0;0.0,0.0;0.0,0.0;0.0,0.0;0.0,0.0;0.0,0.0;0.0,0.0;0.0,0.0;0.0,0.0;0.0,0.0;0.0,0.0;0.0,0.0;0.0,0.0;0.0,0.0;0.0,0.0;0.0,0.0;0.0,0.0;0.0,0.0;0.0,0.0;0.0,0.0;0.0,0.0;0.0,0.0;0.0,0.0;0.0,0.0;0.0,0.0;0.0,0.0;0.0,0.0;0.0,0.0;0.0,0.0;0.0,0.0;0.0,0.0;0.0,0.0;0.0,0.0;0.0,0.0;0.0,0.0;0.0,0.0;0.0,0.0;0.0,0.0;0.0,0.0;0.0,0.0;0.0,0.0;0.0,0.0;0.0,0.0;0.0,0.0;0.0,0.0;0.0,0.0;0.0,0.0;0.0,0.0;0.0,0.0;0.0,0.0;0.0,0.0;0.0,0.0;0.0,0.0;0.0,0.0;0.0,0.0;0.0,0.0;0.0,0.0;0.0,0.0;0.0,0.0;0.0,0.0;0.0,0.0;0.0,0.0;0.0,0.0;0.0,0.0;0.0,0.0;0.0,0.0;0.0,0.0;0.0,0.0;0.0,0.0;0.0,0.0;0.0,0.0;0.0,0.0;0.0,0.0;0.0,0.0;0.0,0.0;0.0,0.0;0.0,0.0;0.0,0.0;0.0,0.0;0.0,0.0;0.0,0.0;0.0,0.0;0.0,0.0;0.0,0.0;0.0,0.0;0.0,0.0;0.0,0.0;0.0,0.0;0.0,0.0;0.0,0.0;0.0,0.0;0.0,0.0;0.0,0.0;0.0,0.0;0.0,0.0;0.0,0.0;0.0,0.0;0.0,0.0;0.0,0.0;0.0,0.0;0.0,0.0;0.0,0.0;0.0,0.0;0.0,0.0;0.0,0.0;0.0,0.0;0.0,0.0;0.0,0.0;0.0,0.0;0.0,0.0;0.0,0.0;0.0,0.0;0.0,0.0;0.0,0.0;0.0,0.0;0.0,0.0;0.0,0.0;0.0,0.0;0.0,0.0;0.0,0.0;0.0,0.0;0.0,0.0;0.0,0.0;0.0,0.0;0.0,0.0;0.0,0.0;0.0,0.0;0.0,0.0;0.0,0.0;0.0,0.0;0.0,0.0;0.0,0.0;0.0,0.0;0.0,0.0;0.0,0.0;0.0,0.0;0.0,0.0;0.0,0.0;0.0,0.0;0.0,0.0;0.0,0.0;0.0,0.0;0.0,0.0;0.0,0.0;0.0,0.0;0.0,0.0;0.0,0.0;0.0,0.0;0.0,0.0;0.0,0.0;0.0,0.0;0.0,0.0;0.0,0.0;0.0,0.0;0.0,0.0;0.0,0.0;0.0,0.0;0.0,0.0;0.0,0.0;0.0,0.0;0.0,0.0;0.0,0.0;0.0,0.0;0.0,0.0;0.0,0.0;0.0,0.0;0.0,0.0;0.0,0.0;0.0,0.0;0.0,0.0;0.0,0.0;0.0,0.0;0.0,0.0;0.0,0.0;0.0,0.0;0.0,0.0;0.0,0.0;0.0,0.0;0.0,0.0;0.0,0.0;0.0,0.0;0.0,0.0;0.0,0.0;0.0,0.0;0.0,0.0;0.0,0.0;0.0,0.0;0.0,0.0;0.0,0.0;0.0,0.0;0.0,0.0;0.0,0.0;0.0,0.0;0.0,0.0;0.0,0.0;0.0,0.0;0.0,0.0;0.0,0.0;0.0,0.0;0.0,0.0;0.0,0.0;0.0,0.0;0.0,0.0;0.0,0.0;0.0,0.0;0.0,0.0;0.0,0.0;0.0,0.0;0.0,0.0;0.0,0.0;0.0,0.0;0.0,0.0;0.0,0.0;0.0,0.0;0.0,0.0;0.0,0.0;0.0,0.0;0.0,0.0;0.0,0.0;0.0,0.0;0.0,0.0;0.0,0.0;0.0,0.0;0.0,0.0;0.0,0.0;0.0,0.0;0.0,0.0;0.0,0.0;0.0,0.0;0.0,0.0;0.0,0.0;0.0,0.0;0.0,0.0;0.0,0.0;0.0,0.0;0.0,0.0;0.0,0.0;0.0,0.0;0.0,0.0;0.0,0.0;0.0,0.0;0.0,0.0;0.0,0.0;0.0,0.0;0.0,0.0;0.0,0.0;0.0,0.0;0.0,0.0;0.0,0.0;0.0,0.0;0.0,0.0;0.0,0.0;0.0,0.0;0.0,0.0;0.0,0.0;0.0,0.0;0.0,0.0;0.0,0.0;0.0,0.0;0.0,0.0;0.0,0.0;0.0,0.0;0.0,0.0;0.0,0.0;0.0,0.0;0.0,0.0;0.0,0.0;0.0,0.0;0.0,0.0;0.0,0.0;0.0,0.0;0.0,0.0;0.0,0.0;0.0,0.0;0.0,0.0;0.0,0.0;0.0,0.0;0.0,0.0;0.0,0.0;0.0,0.0;0.0,0.0;0.0,0.0;0.0,0.0;0.0,0.0;0.0,0.0;0.0,0.0;0.0,0.0;0.0,0.0;0.0,0.0;0.0,0.0;0.0,0.0;0.0,0.0;0.0,0.0;0.0,0.0;0.0,0.0;0.0,0.0;0.0,0.0;0.0,0.0;0.0,0.0;0.0,0.0;0.0,0.0;0.0,0.0;0.0,0.0;0.0,0.0;0.0,0.0;0.0,0.0;0.0,0.0;0.0,0.0;0.0,0.0;0.0,0.0;0.0,0.0;0.0,0.0;0.0,0.0;0.0,0.0;0.0,0.0;0.0,0.0;0.0,0.0;0.0,0.0;0.0,0.0;0.0,0.0;0.0,0.0;0.0,0.0;0.0,0.0;0.0,0.0;0.0,0.0;0.0,0.0;0.0,0.0;0.0,0.0;0.0,0.0;0.0,0.0;0.0,0.0;0.0,0.0;0.0,0.0;0.0,0.0;0.0,0.0;0.0,0.0;0.0,0.0;0.0,0.0;0.0,0.0;0.0,0.0;0.0,0.0;0.0,0.0;0.0,0.0;0.0,0.0;0.0,0.0;0.0,0.0;0.0,0.0;0.0,0.0;0.0,0.0;0.0,0.0;0.0,0.0;0.0,0.0;0.0,0.0;0.0,0.0;0.0,0.0;0.0,0.0;0.0,0.0;0.0,0.0;0.0,0.0;0.0,0.0;0.0,0.0;0.0,0.0;0.0,0.0;0.0,0.0;0.0,0.0;0.0,0.0;0.0,0.0;0.0,0.0;0.0,0.0;0.0,0.0;0.0,0.0;0.0,0.0;0.0,0.0;0.0,0.0;0.0,0.0;0.0,0.0;0.0,0.0;0.0,0.0;0.0,0.0;0.0,0.0;0.0,0.0;0.0,0.0;0.0,0.0;0.0,0.0;0.0,0.0;0.0,0.0;0.0,0.0;0.0,0.0;0.0,0.0;0.0,0.0;0.0,0.0;0.0,0.0;0.0,0.0;0.0,0.0;0.0,0.0;0.0,0.0;0.0,0.0;0.0,0.0;0.0,0.0;0.0,0.0;0.0,0.0;0.0,0.0;0.0,0.0;0.0,0.0;0.0,0.0;0.0,0.0;0.0,0.0;0.0,0.0;0.0,0.0;0.0,0.0;0.0,0.0;0.0,0.0;0.0,0.0;0.0,0.0;0.0,0.0;0.0,0.0;0.0,0.0;0.0,0.0;0.0,0.0;0.0,0.0;0.0,0.0;0.0,0.0;0.0,0.0;0.0,0.0;0.0,0.0;0.0,0.0;0.0,0.0;0.0,0.0;0.0,0.0;0.0,0.0;0.0,0.0;0.0,0.0;0.0,0.0;0.0,0.0;0.0,0.0;0.0,0.0;0.0,0.0;0.0,0.0;0.0,0.0;0.0,0.0;0.0,0.0;0.0,0.0;0.0,0.0;0.0,0.0;0.0,0.0;0.0,0.0;0.0,0.0;0.0,0.0;0.0,0.0;0.0,0.0;0.0,0.0;0.0,0.0;0.0,0.0;0.0,0.0;0.0,0.0;0.0,0.0;0.0,0.0;0.0,0.0;0.0,0.0;0.0,0.0;0.0,0.0;0.0,0.0;0.0,0.0;0.0,0.0;0.0,0.0;0.0,0.0;0.0,0.0;0.0,0.0;0.0,0.0;0.0,0.0;0.0,0.0;0.0,0.0;0.0,0.0;0.0,0.0;0.0,0.0;0.0,0.0;0.0,0.0;0.0,0.0;0.0,0.0;0.0,0.0;0.0,0.0;0.0,0.0;0.0,0.0;0.0,0.0;0.0,0.0;0.0,0.0;0.0,0.0;0.0,0.0;0.0,0.0;0.0,0.0;0.0,0.0;0.0,0.0;0.0,0.0;0.0,0.0;0.0,0.0;0.0,0.0;0.0,0.0;0.0,0.0;0.0,0.0;0.0,0.0;0.0,0.0;0.0,0.0;0.0,0.0;0.0,0.0;0.0,0.0;0.0,0.0;0.0,0.0;0.0,0.0;0.0,0.0;0.0,0.0;0.0,0.0;0.0,0.0;0.0,0.0;0.0,0.0;0.0,0.0;0.0,0.0;0.0,0.0;0.0,0.0;0.0,0.0;0.0,0.0;0.0,0.0;0.0,0.0;0.0,0.0;0.0,0.0;0.0,0.0;0.0,0.0;0.0,0.0;0.0,0.0;0.0,0.0;0.0,0.0;0.0,0.0;0.0,0.0;0.0,0.0;0.0,0.0;0.0,0.0;0.0,0.0;0.0,0.0;0.0,0.0;0.0,0.0;0.0,0.0;0.0,0.0;0.0,0.0;0.0,0.0;0.0,0.0;0.0,0.0;0.0,0.0;0.0,0.0;0.0,0.0;0.0,0.0;0.0,0.0;0.0,0.0;0.0,0.0;0.0,0.0;0.0,0.0;0.0,0.0;0.0,0.0;0.0,0.0;0.0,0.0;0.0,0.0;0.0,0.0;0.0,0.0;0.0,0.0;0.0,0.0;0.0,0.0;0.0,0.0;0.0,0.0;0.0,0.0;0.0,0.0;0.0,0.0;0.0,0.0;0.0,0.0;0.0,0.0;0.0,0.0;0.0,0.0;0.0,0.0;0.0,0.0;0.0,0.0;0.0,0.0;0.0,0.0;0.0,0.0;0.0,0.0;0.0,0.0;0.0,0.0;0.0,0.0;0.0,0.0;0.0,0.0;0.0,0.0;0.0,0.0;0.0,0.0;0.0,0.0;0.0,0.0;0.0,0.0;0.0,0.0;0.0,0.0;0.0,0.0;0.0,0.0;0.0,0.0;0.0,0.0;0.0,0.0;0.0,0.0;0.0,0.0;0.0,0.0;0.0,0.0;0.0,0.0;0.0,0.0;0.0,0.0;0.0,0.0;0.0,0.0;0.0,0.0;0.0,0.0;0.0,0.0;0.0,0.0;0.0,0.0;0.0,0.0;0.0,0.0;0.0,0.0;0.0,0.0;0.0,0.0;0.0,0.0;0.0,0.0;0.0,0.0;0.0,0.0;0.0,0.0;0.0,0.0;0.0,0.0;0.0,0.0;0.0,0.0;0.0,0.0;0.0,0.0;0.0,0.0;0.0,0.0;0.0,0.0;0.0,0.0;0.0,0.0;0.0,0.0;0.0,0.0;0.0,0.0;0.0,0.0;0.0,0.0;0.0,0.0;0.0,0.0;0.0,0.0;0.0,0.0;0.0,0.0;0.0,0.0;0.0,0.0;0.0,0.0;0.0,0.0;0.0,0.0;0.0,0.0;0.0,0.0;0.0,0.0;0.0,0.0;0.0,0.0;0.0,0.0;0.0,0.0;0.0,0.0;0.0,0.0;0.0,0.0;0.0,0.0;0.0,0.0;0.0,0.0;0.0,0.0;0.0,0.0;0.0,0.0;0.0,0.0;0.0,0.0;0.0,0.0;0.0,0.0;0.0,0.0;0.0,0.0;0.0,0.0;0.0,0.0;0.0,0.0;0.0,0.0;0.0,0.0;0.0,0.0;0.0,0.0;0.0,0.0;0.0,0.0;0.0,0.0;0.0,0.0;0.0,0.0;0.0,0.0;0.0,0.0;0.0,0.0;0.0,0.0;0.0,0.0;0.0,0.0;0.0,0.0;0.0,0.0;0.0,0.0;0.0,0.0;0.0,0.0;0.0,0.0;0.0,0.0;0.0,0.0;0.0,0.0;0.0,0.0;0.0,0.0;0.0,0.0;0.0,0.0;0.0,0.0;0.0,0.0;0.0,0.0;0.0,0.0;0.0,0.0;0.0,0.0;0.0,0.0;0.0,0.0;0.0,0.0;0.0,0.0;0.0,0.0;0.0,0.0;0.0,0.0;0.0,0.0;0.0,0.0;0.0,0.0;0.0,0.0;0.0,0.0;0.0,0.0;0.0,0.0;0.0,0.0;0.0,0.0;0.0,0.0;0.0,0.0;0.0,0.0;0.0,0.0;0.0,0.0;0.0,0.0;0.0,0.0;0.0,0.0;0.0,0.0;0.0,0.0;0.0,0.0;0.0,0.0;0.0,0.0;0.0,0.0;0.0,0.0;0.0,0.0;0.0,0.0;0.0,0.0;0.0,0.0;0.0,0.0;0.0,0.0;0.0,0.0;0.0,0.0;0.0,0.0;0.0,0.0;0.0,0.0;0.0,0.0;0.0,0.0;0.0,0.0;0.0,0.0;0.0,0.0;0.0,0.0;0.0,0.0;0.0,0.0;0.0,0.0;0.0,0.0;0.0,0.0;0.0,0.0;0.0,0.0;0.0,0.0;0.0,0.0;0.0,0.0;0.0,0.0;0.0,0.0;0.0,0.0;0.0,0.0;0.0,0.0;0.0,0.0;0.0,0.0;0.0,0.0;0.0,0.0;0.0,0.0;0.0,0.0;0.0,0.0;0.0,0.0;0.0,0.0;0.0,0.0;0.0,0.0;0.0,0.0;0.0,0.0;0.0,0.0;0.0,0.0;0.0,0.0;0.0,0.0;0.0,0.0;0.0,0.0;0.0,0.0;0.0,0.0;0.0,0.0;0.0,0.0;0.0,0.0;0.0,0.0;0.0,0.0;0.0,0.0;0.0,0.0;0.0,0.0;0.0,0.0;0.0,0.0;0.0,0.0;0.0,0.0;0.0,0.0;0.0,0.0;0.0,0.0;0.0,0.0;0.0,0.0;0.0,0.0;0.0,0.0;0.0,0.0;0.0,0.0;0.0,0.0;0.0,0.0;0.0,0.0;0.0,0.0;0.0,0.0;0.0,0.0;0.0,0.0;0.0,0.0;0.0,0.0;0.0,0.0;0.0,0.0;0.0,0.0;0.0,0.0;0.0,0.0;0.0,0.0;0.0,0.0;0.0,0.0;0.0,0.0;0.0,0.0;0.0,0.0;0.0,0.0;0.0,0.0;0.0,0.0;0.0,0.0;0.0,0.0;0.0,0.0;0.0,0.0;0.0,0.0;0.0,0.0;0.0,0.0;0.0,0.0;0.0,0.0;0.0,0.0;0.0,0.0;0.0,0.0;0.0,0.0;0.0,0.0;0.0,0.0;0.0,0.0;0.0,0.0;0.0,0.0;0.0,0.0;0.0,0.0;0.0,0.0;0.0,0.0;0.0,0.0;0.0,0.0;0.0,0.0;0.0,0.0;0.0,0.0;0.0,0.0;0.0,0.0;0.0,0.0;0.0,0.0;0.0,0.0;0.0,0.0;0.0,0.0;0.0,0.0;0.0,0.0;0.0,0.0;0.0,0.0;0.0,0.0;0.0,0.0;0.0,0.0;0.0,0.0;0.0,0.0;0.0,0.0;0.0,0.0;0.0,0.0;0.0,0.0;0.0,0.0;0.0,0.0;0.0,0.0;0.0,0.0;0.0,0.0;0.0,0.0;0.0,0.0;0.0,0.0;0.0,0.0;0.0,0.0;0.0,0.0;0.0,0.0;0.0,0.0;0.0,0.0;0.0,0.0;0.0,0.0;0.0,0.0;0.0,0.0;0.0,0.0;0.0,0.0;0.0,0.0;0.0,0.0;0.0,0.0;0.0,0.0;0.0,0.0;0.0,0.0;0.0,0.0;0.0,0.0;0.0,0.0;0.0,0.0;0.0,0.0;0.0,0.0;0.0,0.0;0.0,0.0;0.0,0.0;0.0,0.0;0.0,0.0;0.0,0.0;0.0,0.0;0.0,0.0;0.0,0.0;0.0,0.0;0.0,0.0;0.0,0.0;0.0,0.0;0.0,0.0;0.0,0.0;0.0,0.0;0.0,0.0;0.0,0.0;0.0,0.0;0.0,0.0;0.0,0.0;0.0,0.0;0.0,0.0;0.0,0.0;0.0,0.0;0.0,0.0;0.0,0.0;0.0,0.0;0.0,0.0;0.0,0.0;0.0,0.0;0.0,0.0;0.0,0.0;0.0,0.0;0.0,0.0;0.0,0.0;0.0,0.0;0.0,0.0;0.0,0.0;0.0,0.0;0.0,0.0;0.0,0.0;0.0,0.0;0.0,0.0;0.0,0.0;0.0,0.0;0.0,0.0;0.0,0.0;0.0,0.0;0.0,0.0;0.0,0.0;0.0,0.0;0.0,0.0;0.0,0.0;0.0,0.0;0.0,0.0;0.0,0.0;0.0,0.0;0.0,0.0;0.0,0.0;0.0,0.0;0.0,0.0;0.0,0.0;0.0,0.0;0.0,0.0;0.0,0.0;0.0,0.0;0.0,0.0;0.0,0.0;0.0,0.0;0.0,0.0;0.0,0.0;0.0,0.0;0.0,0.0;0.0,0.0;0.0,0.0;0.0,0.0;0.0,0.0;0.0,0.0;0.0,0.0;0.0,0.0;0.0,0.0;0.0,0.0;0.0,0.0;0.0,0.0;0.0,0.0;0.0,0.0;0.0,0.0;0.0,0.0;0.0,0.0;0.0,0.0;0.0,0.0;0.0,0.0;0.0,0.0;0.0,0.0;0.0,0.0;0.0,0.0;0.0,0.0;0.0,0.0;0.0,0.0;0.0,0.0;0.0,0.0;0.0,0.0;0.0,0.0;0.0,0.0;0.0,0.0;0.0,0.0;0.0,0.0;0.0,0.0;0.0,0.0;0.0,0.0;0.0,0.0;0.0,0.0;0.0,0.0;0.0,0.0;0.0,0.0;0.0,0.0;0.0,0.0;0.0,0.0;0.0,0.0;0.0,0.0;0.0,0.0;0.0,0.0;0.0,0.0;0.0,0.0;0.0,0.0;0.0,0.0;0.0,0.0;0.0,0.0;0.0,0.0;0.0,0.0;0.0,0.0;0.0,0.0;0.0,0.0;0.0,0.0;0.0,0.0;0.0,0.0;0.0,0.0;0.0,0.0;0.0,0.0;0.0,0.0;0.0,0.0;0.0,0.0;0.0,0.0;0.0,0.0;0.0,0.0;0.0,0.0;0.0,0.0;0.0,0.0;0.0,0.0;0.0,0.0;0.0,0.0;0.0,0.0;0.0,0.0;0.0,0.0;0.0,0.0;0.0,0.0;0.0,0.0;0.0,0.0;0.0,0.0;0.0,0.0;0.0,0.0;0.0,0.0;0.0,0.0;0.0,0.0;0.0,0.0;0.0,0.0;0.0,0.0;0.0,0.0;0.0,0.0;0.0,0.0;0.0,0.0;0.0,0.0;0.0,0.0;0.0,0.0;0.0,0.0;0.0,0.0;0.0,0.0;0.0,0.0;0.0,0.0;0.0,0.0;0.0,0.0;0.0,0.0;0.0,0.0;0.0,0.0;0.0,0.0;0.0,0.0;0.0,0.0;0.0,0.0;0.0,0.0;0.0,0.0;0.0,0.0;0.0,0.0;0.0,0.0;0.0,0.0;0.0,0.0;0.0,0.0;0.0,0.0;0.0,0.0;0.0,0.0;0.0,0.0;0.0,0.0;0.0,0.0;0.0,0.0;0.0,0.0;0.0,0.0;0.0,0.0;0.0,0.0;0.0,0.0;0.0,0.0;0.0,0.0;0.0,0.0;0.0,0.0;0.0,0.0;0.0,0.0;0.0,0.0;0.0,0.0;0.0,0.0;0.0,0.0;0.0,0.0;0.0,0.0;0.0,0.0;0.0,0.0;0.0,0.0;0.0,0.0;0.0,0.0;0.0,0.0;0.0,0.0;0.0,0.0;0.0,0.0;0.0,0.0;0.0,0.0;0.0,0.0;0.0,0.0;0.0,0.0;0.0,0.0;0.0,0.0;0.0,0.0;0.0,0.0;0.0,0.0;0.0,0.0;0.0,0.0;0.0,0.0;0.0,0.0;0.0,0.0;0.0,0.0;0.0,0.0;0.0,0.0;0.0,0.0;0.0,0.0;0.0,0.0;0.0,0.0;0.0,0.0;0.0,0.0;0.0,0.0;0.0,0.0;0.0,0.0;0.0,0.0;0.0,0.0;0.0,0.0;0.0,0.0;0.0,0.0;0.0,0.0;0.0,0.0;0.0,0.0;0.0,0.0;0.0,0.0;0.0,0.0;0.0,0.0;0.0,0.0;0.0,0.0;0.0,0.0;0.0,0.0;0.0,0.0;0.0,0.0;0.0,0.0;0.0,0.0;0.0,0.0;0.0,0.0;0.0,0.0;0.0,0.0;0.0,0.0;0.0,0.0;0.0,0.0;0.0,0.0;0.0,0.0;0.0,0.0;0.0,0.0;0.0,0.0;0.0,0.0;0.0,0.0;0.0,0.0;0.0,0.0;0.0,0.0;0.0,0.0;0.0,0.0;0.0,0.0;0.0,0.0;0.0,0.0;0.0,0.0;0.0,0.0;0.0,0.0;0.0,0.0;0.0,0.0;0.0,0.0;0.0,0.0;0.0,0.0;0.0,0.0;0.0,0.0;0.0,0.0;0.0,0.0;0.0,0.0;0.0,0.0;0.0,0.0;0.0,0.0;0.0,0.0;0.0,0.0;0.0,0.0;0.0,0.0;0.0,0.0;0.0,0.0;0.0,0.0;0.0,0.0;0.0,0.0;0.0,0.0;0.0,0.0;0.0,0.0;0.0,0.0;0.0,0.0;0.0,0.0;0.0,0.0;0.0,0.0;0.0,0.0;0.0,0.0;0.0,0.0;0.0,0.0;0.0,0.0;0.0,0.0;0.0,0.0;0.0,0.0;0.0,0.0;0.0,0.0;0.0,0.0;0.0,0.0;0.0,0.0;0.0,0.0;0.0,0.0;0.0,0.0;0.0,0.0;0.0,0.0;0.0,0.0;0.0,0.0;0.0,0.0;0.0,0.0;0.0,0.0;0.0,0.0;0.0,0.0;0.0,0.0;0.0,0.0;0.0,0.0;0.0,0.0;0.0,0.0;0.0,0.0;0.0,0.0;0.0,0.0;0.0,0.0;0.0,0.0;0.0,0.0;0.0,0.0;0.0,0.0;0.0,0.0;0.0,0.0;0.0,0.0;0.0,0.0;0.0,0.0;0.0,0.0;0.0,0.0;0.0,0.0;0.0,0.0;0.0,0.0;0.0,0.0;0.0,0.0;0.0,0.0;0.0,0.0;0.0,0.0;0.0,0.0;0.0,0.0;0.0,0.0;0.0,0.0;0.0,0.0;0.0,0.0;0.0,0.0;0.0,0.0;0.0,0.0;0.0,0.0;0.0,0.0;0.0,0.0;0.0,0.0;0.0,0.0;0.0,0.0;0.0,0.0;0.0,0.0;0.0,0.0;0.0,0.0;0.0,0.0;0.0,0.0;0.0,0.0;0.0,0.0;0.0,0.0;0.0,0.0;0.0,0.0;0.0,0.0;0.0,0.0;0.0,0.0;0.0,0.0;0.0,0.0;0.0,0.0;0.0,0.0;0.0,0.0;0.0,0.0;0.0,0.0;0.0,0.0;0.0,0.0;0.0,0.0;0.0,0.0;0.0,0.0;0.0,0.0;0.0,0.0;0.0,0.0;0.0,0.0;0.0,0.0;0.0,0.0;0.0,0.0;0.0,0.0;0.0,0.0;0.0,0.0;0.0,0.0;0.0,0.0;0.0,0.0;0.0,0.0;0.0,0.0;0.0,0.0;0.0,0.0;0.0,0.0;0.0,0.0;0.0,0.0;0.0,0.0;0.0,0.0;0.0,0.0;0.0,0.0;0.0,0.0;0.0,0.0;0.0,0.0;0.0,0.0;0.0,0.0;0.0,0.0;0.0,0.0;0.0,0.0;0.0,0.0;0.0,0.0;0.0,0.0;0.0,0.0;0.0,0.0;0.0,0.0;0.0,0.0;0.0,0.0;0.0,0.0;0.0,0.0;0.0,0.0;0.0,0.0;0.0,0.0;0.0,0.0;0.0,0.0;0.0,0.0;0.0,0.0;0.0,0.0;0.0,0.0;0.0,0.0;0.0,0.0;0.0,0.0;0.0,0.0;0.0,0.0;0.0,0.0;0.0,0.0;0.0,0.0;0.0,0.0;0.0,0.0;0.0,0.0;0.0,0.0;0.0,0.0;0.0,0.0;0.0,0.0;0.0,0.0;0.0,0.0;0.0,0.0;0.0,0.0;0.0,0.0;0.0,0.0;0.0,0.0;0.0,0.0;0.0,0.0;0.0,0.0;0.0,0.0;0.0,0.0;0.0,0.0;0.0,0.0;0.0,0.0;0.0,0.0;0.0,0.0;0.0,0.0;0.0,0.0;0.0,0.0;0.0,0.0;0.0,0.0;0.0,0.0;0.0,0.0;0.0,0.0;0.0,0.0;0.0,0.0;0.0,0.0;0.0,0.0;0.0,0.0;0.0,0.0;0.0,0.0;0.0,0.0;0.0,0.0;0.0,0.0;0.0,0.0;0.0,0.0;0.0,0.0;0.0,0.0;0.0,0.0;0.0,0.0;0.0,0.0;0.0,0.0;0.0,0.0;0.0,0.0;0.0,0.0;0.0,0.0;0.0,0.0;0.0,0.0;0.0,0.0;0.0,0.0;0.0,0.0;0.0,0.0;0.0,0.0;0.0,0.0;0.0,0.0;0.0,0.0;0.0,0.0;0.0,0.0;0.0,0.0;0.0,0.0;0.0,0.0;0.0,0.0;0.0,0.0;0.0,0.0;0.0,0.0;0.0,0.0;0.0,0.0;0.0,0.0;0.0,0.0;0.0,0.0;0.0,0.0;0.0,0.0;0.0,0.0;0.0,0.0;0.0,0.0;0.0,0.0;0.0,0.0;0.0,0.0;0.0,0.0;0.0,0.0;0.0,0.0;0.0,0.0;0.0,0.0;0.0,0.0;0.0,0.0;0.0,0.0;0.0,0.0;0.0,0.0;0.0,0.0;0.0,0.0;0.0,0.0;0.0,0.0;0.0,0.0;0.0,0.0;0.0,0.0;0.0,0.0;0.0,0.0;0.0,0.0;0.0,0.0;0.0,0.0;0.0,0.0;0.0,0.0;0.0,0.0;0.0,0.0;0.0,0.0;0.0,0.0;0.0,0.0;0.0,0.0;0.0,0.0;0.0,0.0;0.0,0.0;0.0,0.0;0.0,0.0;0.0,0.0;0.0,0.0;0.0,0.0;0.0,0.0;0.0,0.0;0.0,0.0;0.0,0.0;0.0,0.0;0.0,0.0;0.0,0.0;0.0,0.0;0.0,0.0;0.0,0.0;0.0,0.0;0.0,0.0;0.0,0.0;0.0,0.0;0.0,0.0;0.0,0.0;0.0,0.0;0.0,0.0;0.0,0.0;0.0,0.0;0.0,0.0;0.0,0.0;0.0,0.0;0.0,0.0;0.0,0.0;0.0,0.0;0.0,0.0;0.0,0.0;0.0,0.0;0.0,0.0;0.0,0.0;0.0,0.0;0.0,0.0;0.0,0.0;0.0,0.0;0.0,0.0;0.0,0.0;0.0,0.0;0.0,0.0;0.0,0.0;0.0,0.0;0.0,0.0;0.0,0.0;0.0,0.0;0.0,0.0;0.0,0.0;0.0,0.0;0.0,0.0;0.0,0.0;0.0,0.0;0.0,0.0;0.0,0.0;0.0,0.0;0.0,0.0;0.0,0.0;0.0,0.0;0.0,0.0;0.0,0.0;0.0,0.0;0.0,0.0;0.0,0.0;0.0,0.0;0.0,0.0;0.0,0.0;0.0,0.0;0.0,0.0;0.0,0.0;0.0,0.0;0.0,0.0;0.0,0.0;0.0,0.0;0.0,0.0;0.0,0.0;0.0,0.0;0.0,0.0;0.0,0.0;0.0,0.0;0.0,0.0;0.0,0.0;0.0,0.0;0.0,0.0;0.0,0.0;0.0,0.0;0.0,0.0;0.0,0.0;0.0,0.0;0.0,0.0;0.0,0.0;0.0,0.0;0.0,0.0;0.0,0.0;0.0,0.0;0.0,0.0;0.0,0.0;0.0,0.0;0.0,0.0;0.0,0.0;0.0,0.0;0.0,0.0;0.0,0.0;0.0,0.0;0.0,0.0;0.0,0.0;0.0,0.0;0.0,0.0;0.0,0.0;0.0,0.0;0.0,0.0;0.0,0.0;0.0,0.0;0.0,0.0;0.0,0.0;0.0,0.0;0.0,0.0;0.0,0.0;0.0,0.0;0.0,0.0;0.0,0.0;0.0,0.0;0.0,0.0;0.0,0.0;0.0,0.0;0.0,0.0;0.0,0.0;0.0,0.0;0.0,0.0;0.0,0.0;0.0,0.0;0.0,0.0;0.0,0.0;0.0,0.0;0.0,0.0;0.0,0.0;0.0,0.0;0.0,0.0;0.0,0.0;0.0,0.0;0.0,0.0;0.0,0.0;0.0,0.0;0.0,0.0;0.0,0.0;0.0,0.0;0.0,0.0;0.0,0.0;0.0,0.0;0.0,0.0;0.0,0.0;0.0,0.0;0.0,0.0;0.0,0.0;0.0,0.0;0.0,0.0;0.0,0.0;0.0,0.0;0.0,0.0;0.0,0.0;0.0,0.0;0.0,0.0;0.0,0.0;0.0,0.0;0.0,0.0;0.0,0.0;0.0,0.0;0.0,0.0;0.0,0.0;0.0,0.0;0.0,0.0;0.0,0.0;0.0,0.0;0.0,0.0;0.0,0.0;0.0,0.0;0.0,0.0;0.0,0.0;0.0,0.0;0.0,0.0;0.0,0.0;0.0,0.0;0.0,0.0;0.0,0.0;0.0,0.0;0.0,0.0;0.0,0.0;0.0,0.0;0.0,0.0;0.0,0.0;0.0,0.0;0.0,0.0;0.0,0.0;0.0,0.0;0.0,0.0;0.0,0.0;0.0,0.0;0.0,0.0;0.0,0.0;0.0,0.0;0.0,0.0;0.0,0.0;0.0,0.0;0.0,0.0;0.0,0.0;0.0,0.0;0.0,0.0;0.0,0.0;0.0,0.0;0.0,0.0;0.0,0.0;0.0,0.0;0.0,0.0;0.0,0.0;0.0,0.0;0.0,0.0;0.0,0.0;0.0,0.0;0.0,0.0;0.0,0.0;0.0,0.0;0.0,0.0;0.0,0.0;0.0,0.0;0.0,0.0;0.0,0.0;0.0,0.0;0.0,0.0;0.0,0.0;0.0,0.0;0.0,0.0;0.0,0.0;0.0,0.0;0.0,0.0;0.0,0.0;0.0,0.0;0.0,0.0;0.0,0.0;0.0,0.0;0.0,0.0;0.0,0.0;0.0,0.0;0.0,0.0;0.0,0.0;0.0,0.0;0.0,0.0;0.0,0.0;0.0,0.0;0.0,0.0;0.0,0.0;0.0,0.0;0.0,0.0;0.0,0.0;0.0,0.0;0.0,0.0;0.0,0.0;0.0,0.0;0.0,0.0;0.0,0.0;0.0,0.0;0.0,0.0;0.0,0.0;0.0,0.0;0.0,0.0;0.0,0.0;0.0,0.0;0.0,0.0;0.0,0.0;0.0,0.0;0.0,0.0;0.0,0.0;0.0,0.0;0.0,0.0;0.0,0.0;0.0,0.0;0.0,0.0;0.0,0.0;0.0,0.0;0.0,0.0;0.0,0.0;0.0,0.0;0.0,0.0;0.0,0.0;0.0,0.0;0.0,0.0;0.0,0.0;0.0,0.0;0.0,0.0;0.0,0.0;0.0,0.0;0.0,0.0;0.0,0.0;0.0,0.0;0.0,0.0;0.0,0.0;0.0,0.0;0.0,0.0;0.0,0.0;0.0,0.0;0.0,0.0;0.0,0.0;0.0,0.0;0.0,0.0;0.0,0.0;0.0,0.0;0.0,0.0;0.0,0.0;0.0,0.0;0.0,0.0;0.0,0.0;0.0,0.0;0.0,0.0;0.0,0.0;0.0,0.0;0.0,0.0;0.0,0.0;0.0,0.0;0.0,0.0;0.0,0.0;0.0,0.0;0.0,0.0;0.0,0.0;0.0,0.0;0.0,0.0;0.0,0.0;0.0,0.0;0.0,0.0;0.0,0.0;0.0,0.0;0.0,0.0;0.0,0.0;0.0,0.0;0.0,0.0;0.0,0.0;0.0,0.0;0.0,0.0;0.0,0.0;0.0,0.0;0.0,0.0;0.0,0.0;0.0,0.0;0.0,0.0;0.0,0.0;0.0,0.0;0.0,0.0;0.0,0.0;0.0,0.0;0.0,0.0;0.0,0.0;0.0,0.0;0.0,0.0;0.0,0.0;0.0,0.0;0.0,0.0;0.0,0.0;0.0,0.0;0.0,0.0;0.0,0.0;0.0,0.0;0.0,0.0;0.0,0.0;0.0,0.0;0.0,0.0;0.0,0.0;0.0,0.0;0.0,0.0;0.0,0.0;0.0,0.0;0.0,0.0;0.0,0.0;0.0,0.0;0.0,0.0;0.0,0.0;0.0,0.0;0.0,0.0;0.0,0.0;0.0,0.0;0.0,0.0;0.0,0.0;0.0,0.0;0.0,0.0;0.0,0.0;0.0,0.0;0.0,0.0;0.0,0.0;0.0,0.0;0.0,0.0;0.0,0.0;0.0,0.0;0.0,0.0;0.0,0.0;0.0,0.0;0.0,0.0;0.0,0.0;0.0,0.0;0.0,0.0;0.0,0.0;0.0,0.0;0.0,0.0;0.0,0.0;0.0,0.0;0.0,0.0;0.0,0.0;0.0,0.0;0.0,0.0;0.0,0.0;0.0,0.0;0.0,0.0;0.0,0.0;0.0,0.0;0.0,0.0;0.0,0.0;0.0,0.0;0.0,0.0;0.0,0.0;0.0,0.0;0.0,0.0;0.0,0.0;0.0,0.0;0.0,0.0;0.0,0.0;0.0,0.0;0.0,0.0;0.0,0.0;0.0,0.0;0.0,0.0;0.0,0.0;0.0,0.0;0.0,0.0;0.0,0.0;0.0,0.0;0.0,0.0;0.0,0.0;0.0,0.0;0.0,0.0;0.0,0.0;0.0,0.0;0.0,0.0;0.0,0.0;0.0,0.0;0.0,0.0;0.0,0.0;0.0,0.0;0.0,0.0;0.0,0.0;0.0,0.0;0.0,0.0;0.0,0.0;0.0,0.0;0.0,0.0;0.0,0.0;0.0,0.0;0.0,0.0;0.0,0.0;0.0,0.0;0.0,0.0;0.0,0.0;0.0,0.0;0.0,0.0;0.0,0.0;0.0,0.0;0.0,0.0;0.0,0.0;0.0,0.0;0.0,0.0;0.0,0.0;0.0,0.0;0.0,0.0;0.0,0.0;0.0,0.0;0.0,0.0;0.0,0.0;0.0,0.0;0.0,0.0;0.0,0.0;0.0,0.0;0.0,0.0;0.0,0.0;0.0,0.0;0.0,0.0;0.0,0.0;0.0,0.0;0.0,0.0;0.0,0.0;0.0,0.0;0.0,0.0;0.0,0.0;0.0,0.0;0.0,0.0;0.0,0.0;0.0,0.0;0.0,0.0;0.0,0.0;0.0,0.0;0.0,0.0;0.0,0.0;0.0,0.0;0.0,0.0;0.0,0.0;0.0,0.0;0.0,0.0;0.0,0.0;0.0,0.0;0.0,0.0;0.0,0.0;0.0,0.0;0.0,0.0;0.0,0.0;0.0,0.0;0.0,0.0;0.0,0.0;0.0,0.0;0.0,0.0;0.0,0.0;0.0,0.0;0.0,0.0;0.0,0.0;0.0,0.0;0.0,0.0;0.0,0.0;0.0,0.0;0.0,0.0;0.0,0.0;0.0,0.0;0.0,0.0;0.0,0.0;0.0,0.0;0.0,0.0;0.0,0.0;0.0,0.0;0.0,0.0;0.0,0.0;0.0,0.0;0.0,0.0;0.0,0.0;0.0,0.0;0.0,0.0;0.0,0.0;0.0,0.0;0.0,0.0;0.0,0.0;0.0,0.0;0.0,0.0;0.0,0.0;0.0,0.0;0.0,0.0;0.0,0.0;0.0,0.0;0.0,0.0;0.0,0.0;0.0,0.0;0.0,0.0;0.0,0.0;0.0,0.0;0.0,0.0;0.0,0.0;0.0,0.0;0.0,0.0;0.0,0.0;0.0,0.0;0.0,0.0;0.0,0.0;0.0,0.0;0.0,0.0;0.0,0.0;0.0,0.0;0.0,0.0;0.0,0.0;0.0,0.0;0.0,0.0;0.0,0.0;0.0,0.0;0.0,0.0;0.0,0.0;0.0,0.0;0.0,0.0;0.0,0.0;0.0,0.0;0.0,0.0;0.0,0.0;0.0,0.0;0.0,0.0;0.0,0.0;0.0,0.0;0.0,0.0;0.0,0.0;0.0,0.0;0.0,0.0;0.0,0.0;0.0,0.0;0.0,0.0;0.0,0.0;0.0,0.0;0.0,0.0;0.0,0.0;0.0,0.0;0.0,0.0;0.0,0.0;0.0,0.0;0.0,0.0;0.0,0.0;0.0,0.0;0.0,0.0;0.0,0.0;0.0,0.0;0.0,0.0;0.0,0.0;0.0,0.0;0.0,0.0;0.0,0.0;0.0,0.0;0.0,0.0;0.0,0.0;0.0,0.0;0.0,0.0;0.0,0.0;0.0,0.0;0.0,0.0;0.0,0.0;0.0,0.0;0.0,0.0;0.0,0.0;0.0,0.0;0.0,0.0;0.0,0.0;0.0,0.0;0.0,0.0;0.0,0.0;0.0,0.0;0.0,0.0;0.0,0.0;0.0,0.0;0.0,0.0;0.0,0.0;0.0,0.0;0.0,0.0;0.0,0.0;0.0,0.0;0.0,0.0;0.0,0.0;0.0,0.0;0.0,0.0;0.0,0.0;0.0,0.0;0.0,0.0;0.0,0.0;0.0,0.0;0.0,0.0;0.0,0.0;0.0,0.0;0.0,0.0;0.0,0.0;0.0,0.0;0.0,0.0;0.0,0.0;0.0,0.0;0.0,0.0;0.0,0.0;0.0,0.0;0.0,0.0;0.0,0.0;0.0,0.0;0.0,0.0;0.0,0.0;0.0,0.0;0.0,0.0;0.0,0.0;0.0,0.0;0.0,0.0;0.0,0.0;0.0,0.0;0.0,0.0;0.0,0.0;0.0,0.0;0.0,0.0;0.0,0.0;0.0,0.0;0.0,0.0;0.0,0.0;0.0,0.0;0.0,0.0;0.0,0.0;0.0,0.0;0.0,0.0;0.0,0.0;0.0,0.0;0.0,0.0;0.0,0.0;0.0,0.0;0.0,0.0;0.0,0.0;0.0,0.0;0.0,0.0;0.0,0.0;0.0,0.0;0.0,0.0;0.0,0.0;0.0,0.0;0.0,0.0;0.0,0.0;0.0,0.0;0.0,0.0;0.0,0.0;0.0,0.0;0.0,0.0;0.0,0.0;0.0,0.0;0.0,0.0;0.0,0.0;0.0,0.0;0.0,0.0;0.0,0.0;0.0,0.0;0.0,0.0;0.0,0.0;0.0,0.0;0.0,0.0;0.0,0.0;0.0,0.0;0.0,0.0;0.0,0.0;0.0,0.0;0.0,0.0;0.0,0.0;0.0,0.0;0.0,0.0;0.0,0.0;0.0,0.0;0.0,0.0;0.0,0.0;0.0,0.0;0.0,0.0;0.0,0.0;0.0,0.0;0.0,0.0;0.0,0.0;0.0,0.0;0.0,0.0;0.0,0.0;0.0,0.0;0.0,0.0;0.0,0.0;0.0,0.0;0.0,0.0;0.0,0.0;0.0,0.0;0.0,0.0;0.0,0.0;0.0,0.0;0.0,0.0;0.0,0.0;0.0,0.0;0.0,0.0;0.0,0.0;0.0,0.0;0.0,0.0;0.0,0.0;0.0,0.0;0.0,0.0;0.0,0.0;0.0,0.0;0.0,0.0;0.0,0.0;0.0,0.0;0.0,0.0;0.0,0.0;0.0,0.0;0.0,0.0;0.0,0.0;0.0,0.0;0.0,0.0;0.0,0.0;0.0,0.0;0.0,0.0;0.0,0.0;0.0,0.0;0.0,0.0;0.0,0.0;0.0,0.0;0.0,0.0;0.0,0.0;0.0,0.0;0.0,0.0;0.0,0.0;0.0,0.0;0.0,0.0;0.0,0.0;0.0,0.0;0.0,0.0;0.0,0.0;0.0,0.0;0.0,0.0;0.0,0.0;0.0,0.0;0.0,0.0;0.0,0.0;0.0,0.0;0.0,0.0;0.0,0.0;0.0,0.0;0.0,0.0;0.0,0.0;0.0,0.0;0.0,0.0;0.0,0.0;0.0,0.0;0.0,0.0;0.0,0.0;0.0,0.0;0.0,0.0;0.0,0.0;0.0,0.0;0.0,0.0;0.0,0.0;0.0,0.0;0.0,0.0;0.0,0.0;0.0,0.0;0.0,0.0;0.0,0.0;0.0,0.0;0.0,0.0;0.0,0.0;0.0,0.0;0.0,0.0;0.0,0.0;0.0,0.0;0.0,0.0;0.0,0.0;0.0,0.0;0.0,0.0;0.0,0.0;0.0,0.0;0.0,0.0;0.0,0.0;0.0,0.0;0.0,0.0;0.0,0.0;0.0,0.0;0.0,0.0;0.0,0.0;0.0,0.0;0.0,0.0;0.0,0.0;0.0,0.0;0.0,0.0;0.0,0.0;0.0,0.0;0.0,0.0;0.0,0.0;0.0,0.0;0.0,0.0;0.0,0.0;0.0,0.0;0.0,0.0;0.0,0.0;0.0,0.0;0.0,0.0;0.0,0.0;0.0,0.0;0.0,0.0;0.0,0.0;0.0,0.0;0.0,0.0;0.0,0.0;0.0,0.0;0.0,0.0;0.0,0.0;0.0,0.0;0.0,0.0;0.0,0.0;0.0,0.0;0.0,0.0;0.0,0.0;0.0,0.0;0.0,0.0;0.0,0.0;0.0,0.0;0.0,0.0;0.0,0.0;0.0,0.0;0.0,0.0;0.0,0.0;0.0,0.0;0.0,0.0;0.0,0.0;0.0,0.0;0.0,0.0;0.0,0.0;0.0,0.0;0.0,0.0;0.0,0.0;0.0,0.0;0.0,0.0;0.0,0.0;0.0,0.0;0.0,0.0;0.0,0.0;0.0,0.0;0.0,0.0;0.0,0.0;0.0,0.0;0.0,0.0;0.0,0.0;0.0,0.0;0.0,0.0;0.0,0.0;0.0,0.0;0.0,0.0;0.0,0.0;0.0,0.0;0.0,0.0;0.0,0.0;0.0,0.0;0.0,0.0;0.0,0.0;0.0,0.0;0.0,0.0;0.0,0.0;0.0,0.0;0.0,0.0;0.0,0.0;0.0,0.0;0.0,0.0;0.0,0.0;0.0,0.0;0.0,0.0;0.0,0.0;0.0,0.0;0.0,0.0;0.0,0.0;0.0,0.0;0.0,0.0;0.0,0.0;0.0,0.0;0.0,0.0;0.0,0.0;0.0,0.0;0.0,0.0;0.0,0.0;0.0,0.0;0.0,0.0;0.0,0.0;0.0,0.0;0.0,0.0;0.0,0.0;0.0,0.0;0.0,0.0;0.0,0.0;0.0,0.0;0.0,0.0;0.0,0.0;0.0,0.0;0.0,0.0;0.0,0.0;0.0,0.0;0.0,0.0;0.0,0.0;0.0,0.0;0.0,0.0;0.0,0.0;0.0,0.0;0.0,0.0;0.0,0.0;0.0,0.0;0.0,0.0;0.0,0.0;0.0,0.0;0.0,0.0;0.0,0.0;0.0,0.0;0.0,0.0;0.0,0.0;0.0,0.0;0.0,0.0;0.0,0.0;0.0,0.0;0.0,0.0;0.0,0.0;0.0,0.0;0.0,0.0;0.0,0.0;0.0,0.0;0.0,0.0;0.0,0.0;0.0,0.0;0.0,0.0;0.0,0.0;0.0,0.0;0.0,0.0;0.0,0.0;0.0,0.0;0.0,0.0;0.0,0.0;0.0,0.0;0.0,0.0;0.0,0.0;0.0,0.0;0.0,0.0;0.0,0.0;0.0,0.0;0.0,0.0;0.0,0.0;0.0,0.0;0.0,0.0;0.0,0.0;0.0,0.0;0.0,0.0;0.0,0.0;0.0,0.0;0.0,0.0;0.0,0.0;0.0,0.0;0.0,0.0;0.0,0.0;0.0,0.0;0.0,0.0;0.0,0.0;0.0,0.0;0.0,0.0;0.0,0.0;0.0,0.0;0.0,0.0;0.0,0.0;0.0,0.0;0.0,0.0;0.0,0.0;0.0,0.0;0.0,0.0;0.0,0.0;0.0,0.0;0.0,0.0;0.0,0.0;0.0,0.0;0.0,0.0;0.0,0.0;0.0,0.0;0.0,0.0;0.0,0.0;0.0,0.0;0.0,0.0;0.0,0.0;0.0,0.0;0.0,0.0;0.0,0.0;0.0,0.0;0.0,0.0;0.0,0.0;0.0,0.0;0.0,0.0;0.0,0.0;0.0,0.0;0.0,0.0;0.0,0.0;0.0,0.0;0.0,0.0;0.0,0.0;0.0,0.0;0.0,0.0;0.0,0.0;0.0,0.0;0.0,0.0;0.0,0.0;0.0,0.0;0.0,0.0;0.0,0.0;0.0,0.0;0.0,0.0;0.0,0.0;0.0,0.0;0.0,0.0;0.0,0.0;0.0,0.0;0.0,0.0;0.0,0.0;0.0,0.0;0.0,0.0;0.0,0.0;0.0,0.0;0.0,0.0;0.0,0.0;0.0,0.0;0.0,0.0;0.0,0.0;0.0,0.0;0.0,0.0;0.0,0.0;0.0,0.0;0.0,0.0;0.0,0.0;0.0,0.0;0.0,0.0;0.0,0.0;0.0,0.0;0.0,0.0;0.0,0.0;0.0,0.0;0.0,0.0;0.0,0.0;0.0,0.0;0.0,0.0;0.0,0.0;0.0,0.0;0.0,0.0;0.0,0.0;0.0,0.0;0.0,0.0;0.0,0.0;0.0,0.0;0.0,0.0;0.0,0.0;0.0,0.0;0.0,0.0;0.0,0.0;0.0,0.0;0.0,0.0;0.0,0.0;0.0,0.0;0.0,0.0;0.0,0.0;0.0,0.0;0.0,0.0;0.0,0.0;0.0,0.0;0.0,0.0;0.0,0.0;0.0,0.0;0.0,0.0;0.0,0.0;0.0,0.0;0.0,0.0;0.0,0.0;0.0,0.0;0.0,0.0;0.0,0.0;0.0,0.0;0.0,0.0;0.0,0.0;0.0,0.0;0.0,0.0;0.0,0.0;0.0,0.0;0.0,0.0;0.0,0.0;0.0,0.0;0.0,0.0;0.0,0.0;0.0,0.0;0.0,0.0;0.0,0.0;0.0,0.0;0.0,0.0;0.0,0.0;0.0,0.0;0.0,0.0;0.0,0.0;0.0,0.0;0.0,0.0;0.0,0.0;0.0,0.0;0.0,0.0;0.0,0.0;0.0,0.0;0.0,0.0;0.0,0.0;0.0,0.0;0.0,0.0;0.0,0.0;0.0,0.0;0.0,0.0;0.0,0.0;0.0,0.0;0.0,0.0;0.0,0.0;0.0,0.0;0.0,0.0;0.0,0.0;0.0,0.0;0.0,0.0;0.0,0.0;0.0,0.0;0.0,0.0;0.0,0.0;0.0,0.0;0.0,0.0;0.0,0.0;0.0,0.0;0.0,0.0;0.0,0.0;0.0,0.0;0.0,0.0;0.0,0.0;0.0,0.0;0.0,0.0;0.0,0.0;0.0,0.0;0.0,0.0;0.0,0.0;0.0,0.0;0.0,0.0;0.0,0.0;0.0,0.0;0.0,0.0;0.0,0.0;0.0,0.0;0.0,0.0;0.0,0.0;0.0,0.0;0.0,0.0;0.0,0.0;0.0,0.0;0.0,0.0;0.0,0.0;0.0,0.0;0.0,0.0;0.0,0.0;0.0,0.0;0.0,0.0;0.0,0.0;0.0,0.0;0.0,0.0;0.0,0.0;0.0,0.0;0.0,0.0;0.0,0.0;0.0,0.0;0.0,0.0;0.0,0.0;0.0,0.0;0.0,0.0;0.0,0.0;0.0,0.0;0.0,0.0;0.0,0.0;0.0,0.0;0.0,0.0;0.0,0.0;0.0,0.0;0.0,0.0;0.0,0.0;0.0,0.0;0.0,0.0;0.0,0.0;0.0,0.0;0.0,0.0;0.0,0.0;0.0,0.0;0.0,0.0;0.0,0.0;0.0,0.0;0.0,0.0;0.0,0.0;0.0,0.0;0.0,0.0;0.0,0.0;0.0,0.0;0.0,0.0;0.0,0.0;0.0,0.0;0.0,0.0;0.0,0.0;0.0,0.0;0.0,0.0;0.0,0.0;0.0,0.0;0.0,0.0;0.0,0.0;0.0,0.0;0.0,0.0;0.0,0.0;0.0,0.0;0.0,0.0;0.0,0.0;0.0,0.0;0.0,0.0;0.0,0.0;0.0,0.0;0.0,0.0;0.0,0.0;0.0,0.0;0.0,0.0;0.0,0.0;0.0,0.0;0.0,0.0;0.0,0.0;0.0,0.0;0.0,0.0;0.0,0.0;0.0,0.0;0.0,0.0;0.0,0.0;0.0,0.0;0.0,0.0;0.0,0.0;0.0,0.0;0.0,0.0;0.0,0.0;0.0,0.0;0.0,0.0;0.0,0.0;0.0,0.0;0.0,0.0;0.0,0.0;0.0,0.0;0.0,0.0;0.0,0.0;0.0,0.0;0.0,0.0;0.0,0.0;0.0,0.0;0.0,0.0;0.0,0.0;0.0,0.0;0.0,0.0;0.0,0.0;0.0,0.0;0.0,0.0;0.0,0.0;0.0,0.0;0.0,0.0;0.0,0.0;0.0,0.0;0.0,0.0;0.0,0.0;0.0,0.0;0.0,0.0;0.0,0.0;0.0,0.0;0.0,0.0;0.0,0.0;0.0,0.0;0.0,0.0;0.0,0.0;0.0,0.0;0.0,0.0;0.0,0.0;0.0,0.0;0.0,0.0;0.0,0.0;0.0,0.0;0.0,0.0;0.0,0.0;0.0,0.0;0.0,0.0;0.0,0.0;0.0,0.0;0.0,0.0;0.0,0.0;0.0,0.0;0.0,0.0;0.0,0.0;0.0,0.0;0.0,0.0;0.0,0.0;0.0,0.0;0.0,0.0;0.0,0.0;0.0,0.0;0.0,0.0;0.0,0.0;0.0,0.0;0.0,0.0;0.0,0.0;0.0,0.0;0.0,0.0;0.0,0.0;0.0,0.0;0.0,0.0;0.0,0.0;0.0,0.0;0.0,0.0;0.0,0.0;0.0,0.0;0.0,0.0;0.0,0.0;0.0,0.0;0.0,0.0;0.0,0.0;0.0,0.0;0.0,0.0;0.0,0.0;0.0,0.0;0.0,0.0;0.0,0.0;0.0,0.0;0.0,0.0;0.0,0.0;0.0,0.0;0.0,0.0;0.0,0.0;0.0,0.0;0.0,0.0;0.0,0.0;0.0,0.0;0.0,0.0;0.0,0.0;0.0,0.0;0.0,0.0;0.0,0.0;0.0,0.0;0.0,0.0;0.0,0.0;0.0,0.0;0.0,0.0;0.0,0.0;0.0,0.0;0.0,0.0;0.0,0.0;0.0,0.0;0.0,0.0;0.0,0.0;0.0,0.0;0.0,0.0;0.0,0.0;0.0,0.0;0.0,0.0;0.0,0.0;0.0,0.0;0.0,0.0;0.0,0.0;0.0,0.0;0.0,0.0;0.0,0.0;0.0,0.0;0.0,0.0;0.0,0.0;0.0,0.0;0.0,0.0;0.0,0.0;0.0,0.0;0.0,0.0;0.0,0.0;0.0,0.0;0.0,0.0;0.0,0.0;0.0,0.0;0.0,0.0;0.0,0.0;0.0,0.0;0.0,0.0;0.0,0.0;0.0,0.0;0.0,0.0;0.0,0.0;0.0,0.0;0.0,0.0;0.0,0.0;0.0,0.0;0.0,0.0;0.0,0.0;0.0,0.0;0.0,0.0;0.0,0.0;0.0,0.0;0.0,0.0;0.0,0.0;0.0,0.0;0.0,0.0;0.0,0.0;0.0,0.0;0.0,0.0;0.0,0.0;0.0,0.0;0.0,0.0;0.0,0.0;0.0,0.0;0.0,0.0;0.0,0.0;0.0,0.0;0.0,0.0;0.0,0.0;0.0,0.0;0.0,0.0;0.0,0.0;0.0,0.0;0.0,0.0;0.0,0.0;0.0,0.0;0.0,0.0;0.0,0.0;0.0,0.0;0.0,0.0;0.0,0.0;0.0,0.0;0.0,0.0;0.0,0.0;0.0,0.0;0.0,0.0;0.0,0.0;0.0,0.0;0.0,0.0;0.0,0.0;0.0,0.0;0.0,0.0;0.0,0.0;0.0,0.0;0.0,0.0;0.0,0.0;0.0,0.0;0.0,0.0;0.0,0.0;0.0,0.0;0.0,0.0;0.0,0.0;0.0,0.0;0.0,0.0;0.0,0.0;0.0,0.0;0.0,0.0;0.0,0.0;0.0,0.0;0.0,0.0;0.0,0.0;0.0,0.0;0.0,0.0;0.0,0.0;0.0,0.0;0.0,0.0;0.0,0.0;0.0,0.0;0.0,0.0;0.0,0.0;0.0,0.0;0.0,0.0;0.0,0.0;0.0,0.0;0.0,0.0;0.0,0.0;0.0,0.0;0.0,0.0;0.0,0.0;0.0,0.0;0.0,0.0;0.0,0.0;0.0,0.0;0.0,0.0;0.0,0.0;0.0,0.0;0.0,0.0;0.0,0.0;0.0,0.0;0.0,0.0;0.0,0.0;0.0,0.0;0.0,0.0;0.0,0.0;0.0,0.0;0.0,0.0;0.0,0.0;0.0,0.0;0.0,0.0;0.0,0.0;0.0,0.0;0.0,0.0;0.0,0.0;</value>
            </Data>
          </ExtendedData>
        </gx:Track>
      </Placemark>
    </Folder>
  </Document>
</kml>