<?xml version='1.0' encoding='UTF-8' standalone='yes' ?>
<kml xmlns="http://www.opengis.net/kml/2.2" xmlns:gx="http://www.google.com/kml/ext/2.2">
  <Document id="TbuluKmlVersion2">
    <name>杖一ZENONE跑野线路—松鼠线（官方）</name>
    <description><![CDATA[杖一|ZENONE一直致力于山地越野爱好者和追求轻量化探险者而设计，有着10多年的丰富的手杖经验，品牌宗旨“踏实走路，杖義人生”，目前立足于杭州，因杭城运动而得以发展。
因为品牌宗旨与杭州徒步跑野的氛围的发展不谋而合，所以探索出了不同的线路，让大家一起动起来。
松鼠线全长：18.66公里，爬升：1200m+，在18.66公里中：铺装7处5.92公里占比31.73%，游阶6处2.73公里占比14.63%，土路12处共10.01公里占比53.64%。铺装为低平缓地带，游阶多为山脊线上，土路多为上下陂路段，为入门进阶型路线，大约在4-6小时内完成。
途径：杖一跑来坞-石虎山-灵峰山-白乐桥-月桂峰-法镜寺-佛学院-美人峰-北高峰-灵隐-西溪步道-将军山-灵峰山-石虎山-杖一跑来坞。
因为松鼠线与UTMB的CCC组别100k，距离爬升相比例是一样，被誉为一条难得的训练路线。

线路提示：建议结伴同行，日落前下山不建议夜跑，

户外有风险，请提前购买保险！]]>
    </description>
    <snippet><![CDATA[通过“两步路”生成，http://www.2bulu.com]]>
    </snippet>
    <author>zs_eykxsY</author>
    <ExtendedData>
      <Data name="TrackId">
        <value>23790191</value>
      </Data>
      <Data name="TrackTypeId">
        <value>8</value>
      </Data>
      <Data name="TrackTags">
        <value>杖一跑来坞,杖一跑野路线,杖一松鼠线</value>
      </Data>
      <Data name="BeginTime">
        <value>2509742000</value>
      </Data>
      <Data name="EndTime">
        <value>2527381000</value>
      </Data>
      <Data name="TimeUsed">
        <value>17639000</value>
      </Data>
      <Data name="PauseTime">
        <value>14245062000</value>
      </Data>
      <Data name="PosStartName">
        <value>杖一跑来坞</value>
      </Data>
      <Data name="PosEndName">
        <value>杖一跑来坞</value>
      </Data>
      <Data name="ProductVersion">
        <value>and_6.9.9</value>
      </Data>
      <Data name="StartDistrictId">
        <value>7728</value>
      </Data>
      <Data name="EndDistrictId">
        <value>7728</value>
      </Data>
      <Data name="CreaterId">
        <value>41458541</value>
      </Data>
      <Data name="CreaterName">
        <value>zs_eykxsY</value>
      </Data>
      <Data name="CreaterIcon">
        <value>891627507</value>
      </Data>
      <Data name="OriginCreaterId">
        <value>1387903</value>
      </Data>
      <Data name="OriginCreaterNickname">
        <value></value>
      </Data>
      <Data name="OriginCreaterName">
        <value>V577</value>
      </Data>
      <Data name="Privacy">
        <value>1</value>
      </Data>
    </ExtendedData>
    <Style id="TrackStyle_n">
      <LineStyle>
        <color>ff1034e8</color>
        <width>5</width>
      </LineStyle>
      <IconStyle>
        <Icon><![CDATA[http://files.2bulu.com/f/d1?downParams=BYohR0x5OLAr0OBxohfNOA%3D%3D%0A]]>
        </Icon>
      </IconStyle>
    </Style>
    <Style id="TrackStyle_h">
      <LineStyle>
        <color>ff1034e8</color>
        <width>7</width>
        <scale>1.1</scale>
      </LineStyle>
      <IconStyle>
        <Icon><![CDATA[http://files.2bulu.com/f/d1?downParams=BYohR0x5OLAr0OBxohfNOA%3D%3D%0A]]>
        </Icon>
      </IconStyle>
    </Style>
    <StyleMap id="TrackStyle">
      <Pair>
        <key>normal</key>
        <styleUrl>#TrackStyle_n</styleUrl>
      </Pair>
      <Pair>
        <key>highlight</key>
        <styleUrl>#TrackStyle_h</styleUrl>
      </Pair>
    </StyleMap>
    <Style id="LineStringStyle">
      <LineStyle>
        <color>ff1034e8</color>
        <width>6</width>
      </LineStyle>
    </Style>
    <Style id="startPointStyle">
      <IconStyle>
        <scale>1.1</scale>
        <Icon><![CDATA[http://files.2bulu.com/f/d1?downParams=n%2BVE0NaFmzwndk%2BZ75NU9A%3D%3D%0A]]>
        </Icon>
      </IconStyle>
    </Style>
    <Style id="endPointStyle">
      <IconStyle>
        <scale>1.1</scale>
        <Icon><![CDATA[http://files.2bulu.com/f/d1?downParams=0Q3GJ5o%2FHpsr0OBxohfNOA%3D%3D%0A]]>
        </Icon>
      </IconStyle>
    </Style>
    <Style id="MarkerStylePicture">
      <LabelStyle>
        <color>ff00ffff</color>
        <colorMode>normal</colorMode>
      </LabelStyle>
      <IconStyle>
        <scale>1.1</scale>
        <Icon><![CDATA[http://files.2bulu.com/f/d1?downParams=vMzvc3dTBl0r0OBxohfNOA%3D%3D%0A]]>
        </Icon>
      </IconStyle>
    </Style>
    <Style id="MarkerStyleSound">
      <LabelStyle>
        <color>ff00ffff</color>
        <colorMode>normal</colorMode>
      </LabelStyle>
      <IconStyle>
        <scale>1.1</scale>
        <Icon><![CDATA[http://files.2bulu.com/f/d1?downParams=poL0RfxWHTIr0OBxohfNOA%3D%3D%0A]]>
        </Icon>
      </IconStyle>
    </Style>
    <Style id="MarkerStyleVideo">
      <LabelStyle>
        <color>ff00ffff</color>
        <colorMode>normal</colorMode>
      </LabelStyle>
      <IconStyle>
        <scale>1.1</scale>
        <Icon><![CDATA[http://files.2bulu.com/f/d1?downParams=vMzvc3dTBl0r0OBxohfNOA%3D%3D%0A]]>
        </Icon>
      </IconStyle>
    </Style>
    <Style id="MarkerStyleText">
      <LabelStyle>
        <color>ff00ffff</color>
        <colorMode>normal</colorMode>
      </LabelStyle>
      <IconStyle>
        <scale>1.1</scale>
        <Icon><![CDATA[http://files.2bulu.com/f/d1?downParams=s2An6%2B3%2BIWUr0OBxohfNOA%3D%3D%0A]]>
        </Icon>
      </IconStyle>
    </Style>
    <Folder id="TbuluHisPointFolder">
      <name>标注点</name>
      <Placemark id="startPoint">
        <name>起点</name>
        <styleUrl>#startPointStyle</styleUrl>
        <TimeStamp>
          <when>1970-01-30T01:09:02Z</when>
        </TimeStamp>
        <Point>
          <coordinates>120.11974501423538,30.260939095169302,12.0</coordinates>
        </Point>
      </Placemark>
      <Placemark id="endPoint">
        <name>终点</name>
        <styleUrl>#endPointStyle</styleUrl>
        <TimeStamp>
          <when>1970-01-30T06:03:01Z</when>
        </TimeStamp>
        <Point>
          <coordinates>120.11975574307144,30.260959966108203,12.0</coordinates>
        </Point>
      </Placemark>
      <Placemark id="realPoint">
        <name>公共厕所</name>
        <styleUrl>#MarkerStyleText</styleUrl>
        <description />
        <TimeStamp>
          <when>1970-01-03T02:26:13Z</when>
        </TimeStamp>
        <Point>
          <coordinates>120.10519956238568,30.247272066771984,33.0</coordinates>
        </Point>
        <ExtendedData>
          <Data name="PosType">
            <value>0</value>
          </Data>
          <Data name="Speed">
            <value>0.0</value>
          </Data>
          <Data name="Accuracy">
            <value>0.0</value>
          </Data>
          <Data name="Time">
            <value>181573000</value>
          </Data>
          <Data name="description">
            <value></value>
          </Data>
          <Data name="FileId">
            <value>0</value>
          </Data>
          <Data name="FileSize">
            <value>0</value>
          </Data>
          <Data name="FileType">
            <value>-1</value>
          </Data>
        </ExtendedData>
      </Placemark>
      <Placemark id="realPoint">
        <name>公共厕所</name>
        <styleUrl>#MarkerStyleText</styleUrl>
        <description />
        <TimeStamp>
          <when>1970-01-03T02:26:13Z</when>
        </TimeStamp>
        <Point>
          <coordinates>120.09985961951315,30.23840728215873,61.0</coordinates>
        </Point>
        <ExtendedData>
          <Data name="PosType">
            <value>0</value>
          </Data>
          <Data name="Speed">
            <value>0.0</value>
          </Data>
          <Data name="Accuracy">
            <value>0.0</value>
          </Data>
          <Data name="Time">
            <value>181573000</value>
          </Data>
          <Data name="description">
            <value></value>
          </Data>
          <Data name="FileId">
            <value>0</value>
          </Data>
          <Data name="FileSize">
            <value>0</value>
          </Data>
          <Data name="FileType">
            <value>-1</value>
          </Data>
        </ExtendedData>
      </Placemark>
      <Placemark id="realPoint">
        <name>公共厕所</name>
        <styleUrl>#MarkerStyleText</styleUrl>
        <description />
        <TimeStamp>
          <when>1970-01-03T02:26:13Z</when>
        </TimeStamp>
        <Point>
          <coordinates>120.11491796001792,30.26050097309053,27.0</coordinates>
        </Point>
        <ExtendedData>
          <Data name="PosType">
            <value>0</value>
          </Data>
          <Data name="Speed">
            <value>0.0</value>
          </Data>
          <Data name="Accuracy">
            <value>0.0</value>
          </Data>
          <Data name="Time">
            <value>181573000</value>
          </Data>
          <Data name="description">
            <value></value>
          </Data>
          <Data name="FileId">
            <value>0</value>
          </Data>
          <Data name="FileSize">
            <value>0</value>
          </Data>
          <Data name="FileType">
            <value>-1</value>
          </Data>
        </ExtendedData>
      </Placemark>
      <Placemark id="realPoint">
        <name>公共厕所</name>
        <styleUrl>#MarkerStyleText</styleUrl>
        <description />
        <TimeStamp>
          <when>1970-01-03T02:26:13Z</when>
        </TimeStamp>
        <Point>
          <coordinates>120.0988940242678,30.259093567729,26.0</coordinates>
        </Point>
        <ExtendedData>
          <Data name="PosType">
            <value>0</value>
          </Data>
          <Data name="Speed">
            <value>0.0</value>
          </Data>
          <Data name="Accuracy">
            <value>0.0</value>
          </Data>
          <Data name="Time">
            <value>181573000</value>
          </Data>
          <Data name="description">
            <value></value>
          </Data>
          <Data name="FileId">
            <value>0</value>
          </Data>
          <Data name="FileSize">
            <value>0</value>
          </Data>
          <Data name="FileType">
            <value>-1</value>
          </Data>
        </ExtendedData>
      </Placemark>
      <Placemark id="realPoint">
        <name>公共厕所</name>
        <styleUrl>#MarkerStyleText</styleUrl>
        <description />
        <TimeStamp>
          <when>1970-01-03T02:26:13Z</when>
        </TimeStamp>
        <Point>
          <coordinates>120.09302451275288,30.248083686456084,298.0</coordinates>
        </Point>
        <ExtendedData>
          <Data name="PosType">
            <value>0</value>
          </Data>
          <Data name="Speed">
            <value>0.0</value>
          </Data>
          <Data name="Accuracy">
            <value>0.0</value>
          </Data>
          <Data name="Time">
            <value>181573000</value>
          </Data>
          <Data name="description">
            <value></value>
          </Data>
          <Data name="FileId">
            <value>0</value>
          </Data>
          <Data name="FileSize">
            <value>0</value>
          </Data>
          <Data name="FileType">
            <value>-1</value>
          </Data>
        </ExtendedData>
      </Placemark>
      <Placemark id="realPoint">
        <name>景点--北高峰</name>
        <styleUrl>#MarkerStyleText</styleUrl>
        <description />
        <TimeStamp>
          <when>1970-01-23T07:58:05Z</when>
        </TimeStamp>
        <Point>
          <coordinates>120.0935747846961,30.247656125575304,289.0</coordinates>
        </Point>
        <ExtendedData>
          <Data name="PosType">
            <value>0</value>
          </Data>
          <Data name="Speed">
            <value>0.0</value>
          </Data>
          <Data name="Accuracy">
            <value>0.0</value>
          </Data>
          <Data name="Time">
            <value>1929485000</value>
          </Data>
          <Data name="description">
            <value></value>
          </Data>
          <Data name="FileId">
            <value>0</value>
          </Data>
          <Data name="FileSize">
            <value>0</value>
          </Data>
          <Data name="FileType">
            <value>-1</value>
          </Data>
        </ExtendedData>
      </Placemark>
      <Placemark id="realPoint">
        <name>起终点：杖一跑来坞</name>
        <styleUrl>#MarkerStyleText</styleUrl>
        <description />
        <TimeStamp>
          <when>1970-01-23T07:58:05Z</when>
        </TimeStamp>
        <Point>
          <coordinates>120.119781,30.261003,12.0</coordinates>
        </Point>
        <ExtendedData>
          <Data name="PosType">
            <value>0</value>
          </Data>
          <Data name="Speed">
            <value>0.0</value>
          </Data>
          <Data name="Accuracy">
            <value>0.0</value>
          </Data>
          <Data name="Time">
            <value>1929485000</value>
          </Data>
          <Data name="description">
            <value></value>
          </Data>
          <Data name="FileId">
            <value>0</value>
          </Data>
          <Data name="FileSize">
            <value>0</value>
          </Data>
          <Data name="FileType">
            <value>-1</value>
          </Data>
        </ExtendedData>
      </Placemark>
      <Placemark id="realPoint">
        <name>小店</name>
        <styleUrl>#MarkerStyleText</styleUrl>
        <description />
        <TimeStamp>
          <when>1970-01-23T07:58:05Z</when>
        </TimeStamp>
        <Point>
          <coordinates>120.10159073397516,30.246064150705934,41.0</coordinates>
        </Point>
        <ExtendedData>
          <Data name="PosType">
            <value>0</value>
          </Data>
          <Data name="Speed">
            <value>0.0</value>
          </Data>
          <Data name="Accuracy">
            <value>0.0</value>
          </Data>
          <Data name="Time">
            <value>1929485000</value>
          </Data>
          <Data name="description">
            <value></value>
          </Data>
          <Data name="FileId">
            <value>0</value>
          </Data>
          <Data name="FileSize">
            <value>0</value>
          </Data>
          <Data name="FileType">
            <value>-1</value>
          </Data>
        </ExtendedData>
      </Placemark>
      <Placemark id="realPoint">
        <name>小店</name>
        <styleUrl>#MarkerStyleText</styleUrl>
        <description />
        <TimeStamp>
          <when>1970-01-24T13:36:08Z</when>
        </TimeStamp>
        <Point>
          <coordinates>120.10340399108829,30.2461970038712,43.0</coordinates>
        </Point>
        <ExtendedData>
          <Data name="PosType">
            <value>0</value>
          </Data>
          <Data name="Speed">
            <value>0.0</value>
          </Data>
          <Data name="Accuracy">
            <value>0.0</value>
          </Data>
          <Data name="Time">
            <value>2036168000</value>
          </Data>
          <Data name="description">
            <value></value>
          </Data>
          <Data name="FileId">
            <value>0</value>
          </Data>
          <Data name="FileSize">
            <value>0</value>
          </Data>
          <Data name="FileType">
            <value>-1</value>
          </Data>
        </ExtendedData>
      </Placemark>
    </Folder>
    <Folder id="TbuluTrackFolder">
      <name>轨迹</name>
      <Placemark>
        <name>轨迹片段1</name>
        <description>
          <div>通过“两步路”生成，http://www.2bulu.com</div>
          <div>上传者:zs_eykxsY</div>
          <div>开始时间:1970-01-30 09:09:02</div>
          <div>结束时间:1970-01-30 14:03:01</div>
          <div>轨迹点数:3403</div>
          <div>本段里程:18834.962670762314米</div>
          <div>最高海拔:358.0米</div>
          <div>最低海拔:0.11111111米</div>
          <div>累计爬升:1366.6666666700003米</div>
          <div>累计下降:1348.6666666700003米</div>
        </description>
        <gx:Track>
          <gx:coord>120.11974501423538 30.260939095169302 12.0</gx:coord>
          <gx:coord>120.11967787519096 30.260949404910207 12.0</gx:coord>
          <gx:coord>120.11952331289648 30.26097245514393 13.0</gx:coord>
          <gx:coord>120.11949246749282 30.26098284870386 13.0</gx:coord>
          <gx:coord>120.11942658573388 30.26099206879735 13.0</gx:coord>
          <gx:coord>120.11934192851186 30.261005898937583 14.0</gx:coord>
          <gx:coord>120.11932047083974 30.260931719094515 14.0</gx:coord>
          <gx:coord>120.11930303648114 30.26085183955729 13.0</gx:coord>
          <gx:coord>120.1192479673773 30.260643297806386 13.0</gx:coord>
          <gx:coord>120.1191847678274 30.26047180406749 14.0</gx:coord>
          <gx:coord>120.11913640424608 30.260313050821424 14.0</gx:coord>
          <gx:coord>120.11909885331988 30.26027482934296 13.0</gx:coord>
          <gx:coord>120.11886910535397 30.26028740219772 13.0</gx:coord>
          <gx:coord>120.11866483837366 30.26031380519271 14.0</gx:coord>
          <gx:coord>120.11848479509354 30.260332245379686 15.0</gx:coord>
          <gx:coord>120.11825772933662 30.260343644768 15.0</gx:coord>
          <gx:coord>120.11804080568254 30.2603610791266 15.0</gx:coord>
          <gx:coord>120.11783176101744 30.260368958115578 16.0</gx:coord>
          <gx:coord>120.11779513210058 30.260369209572676 16.0</gx:coord>
          <gx:coord>120.11758357286452 30.260359989479184 16.0</gx:coord>
          <gx:coord>120.1173710078001 30.26039737276733 17.0</gx:coord>
          <gx:coord>120.11731727980076 30.260406592860814 17.0</gx:coord>
          <gx:coord>120.11712114326656 30.260415729135275 18.0</gx:coord>
          <gx:coord>120.1170794852078 30.26042377576232 18.0</gx:coord>
          <gx:coord>120.11684437282383 30.26045017875731 18.0</gx:coord>
          <gx:coord>120.11660079471768 30.26046652346849 18.0</gx:coord>
          <gx:coord>120.11637289077044 30.26050549931824 19.0</gx:coord>
          <gx:coord>120.11615118943156 30.26048563420773 20.0</gx:coord>
          <gx:coord>120.1159372832626 30.26049066334963 20.0</gx:coord>
          <gx:coord>120.11583452112971 30.260495273396373 20.0</gx:coord>
          <gx:coord>120.11564877815545 30.26049569249153 21.0</gx:coord>
          <gx:coord>120.11543923057616 30.260501308366656 22.0</gx:coord>
          <gx:coord>120.11524041183291 30.26052083820105 23.0</gx:coord>
          <gx:coord>120.11498786509036 30.26050910353661 23.0</gx:coord>
          <gx:coord>120.11474738828838 30.260508935898542 24.0</gx:coord>
          <gx:coord>120.11464127339424 30.26048102416098 24.0</gx:coord>
          <gx:coord>120.11459961533546 30.26045906357467 24.0</gx:coord>
          <gx:coord>120.11442895978688 30.260575907304883 25.0</gx:coord>
          <gx:coord>120.11429065838456 30.260721752420068 25.0</gx:coord>
          <gx:coord>120.11415093205868 30.260903472080827 25.0</gx:coord>
          <gx:coord>120.11409787461162 30.261092567816377 25.0</gx:coord>
          <gx:coord>120.11409653350712 30.261213518679146 25.0</gx:coord>
          <gx:coord>120.11411463841796 30.26122667826712 26.0</gx:coord>
          <gx:coord>120.11412536725402 30.261268336325884 27.0</gx:coord>
          <gx:coord>120.114120002836 30.261352909728885 28.0</gx:coord>
          <gx:coord>120.1140917558223 30.26144435629249 29.0</gx:coord>
          <gx:coord>120.11405495926738 30.261514261364937 30.0</gx:coord>
          <gx:coord>120.11405009776354 30.2616077195853 31.0</gx:coord>
          <gx:coord>120.11403132230043 30.261679468676448 32.0</gx:coord>
          <gx:coord>120.1140138041228 30.261882143095136 33.0</gx:coord>
          <gx:coord>120.1139936875552 30.261965543031693 33.0</gx:coord>
          <gx:coord>120.11400039307772 30.262023461982608 33.0</gx:coord>
          <gx:coord>120.11399092152716 30.26204894296825 43.0</gx:coord>
          <gx:coord>120.11398689821362 30.262096468359232 45.0</gx:coord>
          <gx:coord>120.1139828749001 30.262145083397627 43.0</gx:coord>
          <gx:coord>120.11399360373616 30.26219956576824 45.0</gx:coord>
          <gx:coord>120.11397482827306 30.26220065541565 49.0</gx:coord>
          <gx:coord>120.11391422711311 30.26221725158393 47.0</gx:coord>
          <gx:coord>120.11385513469575 30.262237703427672 46.0</gx:coord>
          <gx:coord>120.11379889212547 30.26224575005472 45.0</gx:coord>
          <gx:coord>120.11374910362063 30.26225279085338 46.0</gx:coord>
          <gx:coord>120.11370082385838 30.26227466762066 44.0</gx:coord>
          <gx:coord>120.1136564835906 30.26230936869979 41.0</gx:coord>
          <gx:coord>120.11359320022166 30.262324875220656 41.0</gx:coord>
          <gx:coord>120.11353687383236 30.26234976947308 39.0</gx:coord>
          <gx:coord>120.11349203065038 30.262379441410303 37.0</gx:coord>
          <gx:coord>120.1134630292654 30.26237986050546 38.0</gx:coord>
          <gx:coord>120.1134442538023 30.26235672645271 39.0</gx:coord>
          <gx:coord>120.11342640034854 30.262332167476416 37.0</gx:coord>
          <gx:coord>120.11338759213686 30.26232831180096 37.0</gx:coord>
          <gx:coord>120.11333202011885 30.2623382024467 37.0</gx:coord>
          <gx:coord>120.11326312087476 30.26233761571348 39.0</gx:coord>
          <gx:coord>120.11323101818562 30.262324959039688 43.0</gx:coord>
          <gx:coord>120.11324744671585 30.262286821380258 42.0</gx:coord>
          <gx:coord>120.11325733736156 30.26223711669445 44.0</gx:coord>
          <gx:coord>120.11326865293086 30.262171486392617 46.0</gx:coord>
          <gx:coord>120.11327921412884 30.262112142518163 46.0</gx:coord>
          <gx:coord>120.11328826658428 30.26205623522401 47.0</gx:coord>
          <gx:coord>120.1132803875953 30.26205430738628 34.0</gx:coord>
          <gx:coord>120.11314870789649 30.26211440563202 35.0</gx:coord>
          <gx:coord>120.11304929852486 30.26217115111649 35.0</gx:coord>
          <gx:coord>120.11293186806142 30.2622346021235 36.0</gx:coord>
          <gx:coord>120.1128006912768 30.262276846915483 36.0</gx:coord>
          <gx:coord>120.11276707984509 30.26228321716189 37.0</gx:coord>
          <gx:coord>120.11269742622972 30.2623191755265 37.0</gx:coord>
          <gx:coord>120.11262215673923 30.262343483045697 38.0</gx:coord>
          <gx:coord>120.11251067742704 30.262356139719486 40.0</gx:coord>
          <gx:coord>120.1124328095466 30.262374579906464 40.0</gx:coord>
          <gx:coord>120.11236826889215 30.262379189953208 41.0</gx:coord>
          <gx:coord>120.11227698996665 30.26241271756589 42.0</gx:coord>
          <gx:coord>120.11218294501305 30.262423111125827 43.0</gx:coord>
          <gx:coord>120.11211982928216 30.26242889463901 44.0</gx:coord>
          <gx:coord>120.11205537244678 30.262435767799616 46.0</gx:coord>
          <gx:coord>120.1119603216648 30.26247021742165 47.0</gx:coord>
          <gx:coord>120.11190315708518 30.262496955692768 48.0</gx:coord>
          <gx:coord>120.11183802969754 30.26253048330545 49.0</gx:coord>
          <gx:coord>120.11178472079337 30.262560993433 50.0</gx:coord>
          <gx:coord>120.11175672523676 30.26258555240929 51.0</gx:coord>
          <gx:coord>120.1117261312902 30.26261086575687 52.0</gx:coord>
          <gx:coord>120.111685981974 30.262634754180908 54.0</gx:coord>
          <gx:coord>120.11160803027452 30.26268806308508 55.0</gx:coord>
          <gx:coord>120.11157450266182 30.262731984257695 56.0</gx:coord>
          <gx:coord>120.11155027896166 30.262745898216963 56.0</gx:coord>
          <gx:coord>120.11150325648488 30.262774815782905 56.0</gx:coord>
          <gx:coord>120.1114576589316 30.262819994241 57.0</gx:coord>
          <gx:coord>120.11140150018036 30.2628717944026 58.0</gx:coord>
          <gx:coord>120.11134198866785 30.262906244024634 59.0</gx:coord>
          <gx:coord>120.11131457984447 30.262899789959192 60.0</gx:coord>
          <gx:coord>120.11118348687889 30.262883864343166 61.0</gx:coord>
          <gx:coord>120.1110212970525 30.262831645086408 62.0</gx:coord>
          <gx:coord>120.1109655573964 30.26278479024768 63.0</gx:coord>
          <gx:coord>120.11092490516604 30.26274430565536 64.0</gx:coord>
          <gx:coord>120.11089581996202 30.26273642666638 64.0</gx:coord>
          <gx:coord>120.11085072532296 30.262728044763207 65.0</gx:coord>
          <gx:coord>120.110790040344 30.26270139031112 66.0</gx:coord>
          <gx:coord>120.11071493849158 30.262660067528486 67.0</gx:coord>
          <gx:coord>120.11064536869526 30.262613715603948 68.0</gx:coord>
          <gx:coord>120.1104879565537 30.262503242120147 70.0</gx:coord>
          <gx:coord>120.11041671037674 30.262427888810635 71.0</gx:coord>
          <gx:coord>120.11036038398744 30.26234566234052 72.0</gx:coord>
          <gx:coord>120.11031872592866 30.262291179969907 73.0</gx:coord>
          <gx:coord>120.110287880525 30.262240217998624 74.0</gx:coord>
          <gx:coord>120.11024756357074 30.262172995135188 75.0</gx:coord>
          <gx:coord>120.11013340204954 30.262065287679437 76.0</gx:coord>
          <gx:coord>120.1100783329457 30.262013068422675 78.0</gx:coord>
          <gx:coord>120.11004748754203 30.26197954080999 78.0</gx:coord>
          <gx:coord>120.1100098527968 30.26195514947176 78.0</gx:coord>
          <gx:coord>120.10998437181117 30.26192271150649 79.0</gx:coord>
          <gx:coord>120.10995880700648 30.2618926204741 79.0</gx:coord>
          <gx:coord>120.10993600822984 30.26187057606876 79.0</gx:coord>
          <gx:coord>120.10990239679812 30.261832354590297 80.0</gx:coord>
          <gx:coord>120.10985545814036 30.261791786178943 80.0</gx:coord>
          <gx:coord>120.10982587002218 30.261744260787964 81.0</gx:coord>
          <gx:coord>120.109793683514 30.261668991297483 82.0</gx:coord>
          <gx:coord>120.10974263772368 30.261615682393312 83.0</gx:coord>
          <gx:coord>120.1096996385604 30.261532198637724 83.0</gx:coord>
          <gx:coord>120.10967147536576 30.261434884741902 84.0</gx:coord>
          <gx:coord>120.10964054614304 30.2613503113389 85.0</gx:coord>
          <gx:coord>120.10960299521685 30.26130630634725 86.0</gx:coord>
          <gx:coord>120.10957072488964 30.26129012927413 86.0</gx:coord>
          <gx:coord>120.10948162525892 30.26130303740501 88.0</gx:coord>
          <gx:coord>120.10945413261652 30.261319717392325 88.0</gx:coord>
          <gx:coord>120.10943535715342 30.261328350752592 89.0</gx:coord>
          <gx:coord>120.10940484702589 30.26134637184441 90.0</gx:coord>
          <gx:coord>120.1093948725611 30.261358944699168 90.0</gx:coord>
          <gx:coord>120.109386658296 30.261390209198 91.0</gx:coord>
          <gx:coord>120.10938305407764 30.261395992711183 91.0</gx:coord>
          <gx:coord>120.1093536335975 30.261411499232054 93.0</gx:coord>
          <gx:coord>120.1093425694853 30.26142507791519 94.0</gx:coord>
          <gx:coord>120.10933812707664 30.261433040723205 95.0</gx:coord>
          <gx:coord>120.10932203382254 30.26145081035793 96.0</gx:coord>
          <gx:coord>120.10928557254374 30.261479895561934 98.0</gx:coord>
          <gx:coord>120.10926906019448 30.261498084291816 98.0</gx:coord>
          <gx:coord>120.10925975628196 30.261504454538223 99.0</gx:coord>
          <gx:coord>120.10925472714008 30.261515770107508 99.0</gx:coord>
          <gx:coord>120.10923989117146 30.2615300193429 100.0</gx:coord>
          <gx:coord>120.10923427529632 30.26154225692153 100.0</gx:coord>
          <gx:coord>120.10921617038548 30.26157134212553 101.0</gx:coord>
          <gx:coord>120.10918658226728 30.26161308400333 102.0</gx:coord>
          <gx:coord>120.10918255895376 30.26162926107645 102.0</gx:coord>
          <gx:coord>120.10914634913206 30.261655915528536 103.0</gx:coord>
          <gx:coord>120.10913821868598 30.26168483309448 104.0</gx:coord>
          <gx:coord>120.1091234665364 30.261712661013007 104.0</gx:coord>
          <gx:coord>120.10911810211836 30.261731185019016 105.0</gx:coord>
          <gx:coord>120.10909664444624 30.2617578394711 106.0</gx:coord>
          <gx:coord>120.10909262113272 30.261765886098143 106.0</gx:coord>
          <gx:coord>120.10908180847764 30.261783320456743 107.0</gx:coord>
          <gx:coord>120.109059009701 30.261796060949564 107.0</gx:coord>
          <gx:coord>120.10905498638748 30.26182036846876 108.0</gx:coord>
          <gx:coord>120.1090362109244 30.26183076202869 108.0</gx:coord>
          <gx:coord>120.10903084650636 30.261849286034703 109.0</gx:coord>
          <gx:coord>120.10901466943324 30.26185741648078 110.0</gx:coord>
          <gx:coord>120.10901198722422 30.2618701569736 111.0</gx:coord>
          <gx:coord>120.10899991728364 30.261887507513165 111.0</gx:coord>
          <gx:coord>120.10899321176112 30.261911815032363 112.0</gx:coord>
          <gx:coord>120.10897980071604 30.26191994547844 112.0</gx:coord>
          <gx:coord>120.10898382402956 30.26193494908512 113.0</gx:coord>
          <gx:coord>120.10896630585194 30.261947689577937 114.0</gx:coord>
          <gx:coord>120.10894350707532 30.261956993490458 114.0</gx:coord>
          <gx:coord>120.10892741382122 30.26198943145573 116.0</gx:coord>
          <gx:coord>120.10890721343458 30.26200787164271 116.0</gx:coord>
          <gx:coord>120.10890721343458 30.26203569956124 117.0</gx:coord>
          <gx:coord>120.108892461285 30.262041483074427 117.0</gx:coord>
          <gx:coord>120.1088427565992 30.26206931099296 118.0</gx:coord>
          <gx:coord>120.10879439301787 30.26211440563202 119.0</gx:coord>
          <gx:coord>120.10874879546463 30.262128319591284 119.0</gx:coord>
          <gx:coord>120.1086027827114 30.26214617304504 120.0</gx:coord>
          <gx:coord>120.1084706839174 30.262166960164905 121.0</gx:coord>
          <gx:coord>120.1083451230079 30.262197637930512 122.0</gx:coord>
          <gx:coord>120.10831360705195 30.262188501656052 122.0</gx:coord>
          <gx:coord>120.10811688378452 30.26222228072584 122.0</gx:coord>
          <gx:coord>120.10790465399624 30.262235356494784 121.0</gx:coord>
          <gx:coord>120.1078334916383 30.262256478890777 119.0</gx:coord>
          <gx:coord>120.10781086049974 30.26226033456624 119.0</gx:coord>
          <gx:coord>120.10778646916152 30.26225513778627 118.0</gx:coord>
          <gx:coord>120.10773165151475 30.262249941006303 117.0</gx:coord>
          <gx:coord>120.10766929015516 30.262253461405635 116.0</gx:coord>
          <gx:coord>120.1076043304056 30.262251030653715 114.0</gx:coord>
          <gx:coord>120.10755454190075 30.262246588245038 113.0</gx:coord>
          <gx:coord>120.10750466957688 30.26225128211081 112.0</gx:coord>
          <gx:coord>120.10736452415586 30.26227810420096 113.0</gx:coord>
          <gx:coord>120.10734306648374 30.262284390628334 114.0</gx:coord>
          <gx:coord>120.10733024217188 30.262281456962228 115.0</gx:coord>
          <gx:coord>120.10730291716754 30.26227810420096 116.0</gx:coord>
          <gx:coord>120.10724047198892 30.262297466397285 117.0</gx:coord>
          <gx:coord>120.10720836929976 30.26230501011014 118.0</gx:coord>
          <gx:coord>120.10719277895988 30.26230802759528 119.0</gx:coord>
          <gx:coord>120.10717400349677 30.26233669370413 121.0</gx:coord>
          <gx:coord>120.10715472511949 30.26234306395054 121.0</gx:coord>
          <gx:coord>120.10713729076087 30.26234658434987 122.0</gx:coord>
          <gx:coord>120.10713326744737 30.26236276142299 123.0</gx:coord>
          <gx:coord>120.10711440816522 30.262370891869068 123.0</gx:coord>
          <gx:coord>120.10709965601563 30.26237432844937 123.0</gx:coord>
          <gx:coord>120.10707953944802 30.262383548542857 124.0</gx:coord>
          <gx:coord>120.1070633623749 30.26239402592182 124.0</gx:coord>
          <gx:coord>120.10705129243432 30.262407939881086 125.0</gx:coord>
          <gx:coord>120.10703788138926 30.26241715997457 126.0</gx:coord>
          <gx:coord>120.10701642371714 30.262427553534508 128.0</gx:coord>
          <gx:coord>120.106997564435 30.262435683980584 128.0</gx:coord>
          <gx:coord>120.1069801300764 30.26244725100696 129.0</gx:coord>
          <gx:coord>120.10696403682232 30.262457644566894 130.0</gx:coord>
          <gx:coord>120.10694928467274 30.262468121945854 130.0</gx:coord>
          <gx:coord>120.10693310759962 30.26247507892549 131.0</gx:coord>
          <gx:coord>120.10692237876356 30.26247851550579 131.0</gx:coord>
          <gx:coord>120.1069116499275 30.262490082532167 132.0</gx:coord>
          <gx:coord>120.10689823888242 30.26249586604536 132.0</gx:coord>
          <gx:coord>120.10688482783736 30.26250625960529 133.0</gx:coord>
          <gx:coord>120.10688616894186 30.262520173564557 134.0</gx:coord>
          <gx:coord>120.1068807207048 30.26253174059093 135.0</gx:coord>
          <gx:coord>120.10686730965972 30.26256308890879 136.0</gx:coord>
          <gx:coord>120.10684451088308 30.262593179941177 137.0</gx:coord>
          <gx:coord>120.10681760497393 30.26259426958859 137.0</gx:coord>
          <gx:coord>120.10679480619729 30.26259426958859 139.0</gx:coord>
          <gx:coord>120.1067800540477 30.26259426958859 140.0</gx:coord>
          <gx:coord>120.1067639607936 30.26260818354785 140.0</gx:coord>
          <gx:coord>120.10676664300264 30.26261975057423 140.0</gx:coord>
          <gx:coord>120.10675851255657 30.26262905448675 141.0</gx:coord>
          <gx:coord>120.1067477837205 30.26262905448675 142.0</gx:coord>
          <gx:coord>120.10673303157093 30.262626707553864 142.0</gx:coord>
          <gx:coord>120.10671693831682 30.262627881020308 143.0</gx:coord>
          <gx:coord>120.10671827942132 30.262627881020308 144.0</gx:coord>
          <gx:coord>120.10670352727176 30.26263483799994 145.0</gx:coord>
          <gx:coord>120.10669405572116 30.26263483799994 145.0</gx:coord>
          <gx:coord>120.10667259804904 30.262630144134164 146.0</gx:coord>
          <gx:coord>120.1066457759589 30.262633580714464 147.0</gx:coord>
          <gx:coord>120.10662021115422 30.262639364227653 147.0</gx:coord>
          <gx:coord>120.1065987534821 30.262634754180908 148.0</gx:coord>
          <gx:coord>120.106582660228 30.262639364227653 149.0</gx:coord>
          <gx:coord>120.10655743069948 30.262642297893763 0.11111111</gx:coord>
          <gx:coord>120.10649967938662 30.26240131817758 0.11111111</gx:coord>
          <gx:coord>120.10637453757226 30.26205782778561 0.11111111</gx:coord>
          <gx:coord>120.10624562390149 30.261909551918507 0.11111111</gx:coord>
          <gx:coord>120.10585628449915 30.26174845173955 0.11111111</gx:coord>
          <gx:coord>120.10560382157564 30.261542173102495 0.11111111</gx:coord>
          <gx:coord>120.10547356680036 30.261439075693488 0.11111111</gx:coord>
          <gx:coord>120.10536753572524 30.26125140488148 0.11111111</gx:coord>
          <gx:coord>120.10531112551688 30.26111930608749 0.11111111</gx:coord>
          <gx:coord>120.10528296232224 30.26105099357665 144.0</gx:coord>
          <gx:coord>120.10526552796364 30.26102081872523 144.0</gx:coord>
          <gx:coord>120.10516352020204 30.260876063257456 143.0</gx:coord>
          <gx:coord>120.1051414757967 30.26081470772624 142.0</gx:coord>
          <gx:coord>120.1051121391356 30.26076123118401 141.0</gx:coord>
          <gx:coord>120.1050804555416 30.26070431806147 139.0</gx:coord>
          <gx:coord>120.10505338199437 30.260518072173 139.0</gx:coord>
          <gx:coord>120.1050439942628 30.26045554317534 139.0</gx:coord>
          <gx:coord>120.1050722412765 30.26027717627585 138.0</gx:coord>
          <gx:coord>120.1051057688892 30.26018220931292 137.0</gx:coord>
          <gx:coord>120.1051206048578 30.260124290362 136.0</gx:coord>
          <gx:coord>120.10511121712624 30.260081458836797 135.0</gx:coord>
          <gx:coord>120.10513267479836 30.26001658290625 135.0</gx:coord>
          <gx:coord>120.1051940303296 30.259822458028797 135.0</gx:coord>
          <gx:coord>120.10530064813793 30.259643755853176 135.0</gx:coord>
          <gx:coord>120.10532713495196 30.259618693962693 134.0</gx:coord>
          <gx:coord>120.10536342859268 30.259547866880894 133.0</gx:coord>
          <gx:coord>120.10536510497332 30.25948751717806 133.0</gx:coord>
          <gx:coord>120.10535538196564 30.259462539106607 133.0</gx:coord>
          <gx:coord>120.10534071363509 30.2594162710011 132.0</gx:coord>
          <gx:coord>120.10535429231822 30.259325159713622 131.0</gx:coord>
          <gx:coord>120.10536736808716 30.25929909199476 130.0</gx:coord>
          <gx:coord>120.10536275804044 30.259273778647184 128.0</gx:coord>
          <gx:coord>120.10535437613726 30.25923689827323 127.0</gx:coord>
          <gx:coord>120.10532403364778 30.259210327640176 126.0</gx:coord>
          <gx:coord>120.10529352352025 30.259189205244184 124.0</gx:coord>
          <gx:coord>120.1052077766508 30.25911091826856 124.0</gx:coord>
          <gx:coord>120.10511456988752 30.25901075452566 125.0</gx:coord>
          <gx:coord>120.10492161847652 30.258951243013144 125.0</gx:coord>
          <gx:coord>120.10486856102943 30.25892525911331 125.0</gx:coord>
          <gx:coord>120.10482296347618 30.25889533571899 125.0</gx:coord>
          <gx:coord>120.10468734428288 30.258792908862237 124.0</gx:coord>
          <gx:coord>120.10462389327586 30.258750412613157 123.0</gx:coord>
          <gx:coord>120.1045808941126 30.25870523415506 121.0</gx:coord>
          <gx:coord>120.10453395545484 30.25864379480481 119.0</gx:coord>
          <gx:coord>120.10450604371728 30.258592246100307 118.0</gx:coord>
          <gx:coord>120.10445876978338 30.25856039486825 116.0</gx:coord>
          <gx:coord>120.1043774653226 30.25852502323687 115.0</gx:coord>
          <gx:coord>120.10430697351694 30.258463751524687 114.0</gx:coord>
          <gx:coord>120.10422592051329 30.258333748206496 115.0</gx:coord>
          <gx:coord>120.10421100072564 30.258315978571773 117.0</gx:coord>
          <gx:coord>120.1041664928198 30.25827968493104 118.0</gx:coord>
          <gx:coord>120.10408418253064 30.258093439042568 117.0</gx:coord>
          <gx:coord>120.1040774770081 30.258064521476623 116.0</gx:coord>
          <gx:coord>120.10408552363516 30.258004255592823 116.0</gx:coord>
          <gx:coord>120.1040843501687 30.257816668599844 116.0</gx:coord>
          <gx:coord>120.10409843176603 30.25770208798349 117.0</gx:coord>
          <gx:coord>120.10411955416204 30.25766445323825 117.0</gx:coord>
          <gx:coord>120.10414092801513 30.257630925625563 118.0</gx:coord>
          <gx:coord>120.10414771735668 30.25759052485228 119.0</gx:coord>
          <gx:coord>120.1041467115283 30.25754911825061 120.0</gx:coord>
          <gx:coord>120.10415928438306 30.257530761882663 120.0</gx:coord>
          <gx:coord>120.10416129603982 30.25751743465662 121.0</gx:coord>
          <gx:coord>120.1041556801647 30.257496060803533 121.0</gx:coord>
          <gx:coord>120.10417227633296 30.25748449377716 122.0</gx:coord>
          <gx:coord>120.10422080755234 30.257434034720063 123.0</gx:coord>
          <gx:coord>120.10422684252262 30.257385252043605 123.0</gx:coord>
          <gx:coord>120.10422608815134 30.257331021130085 124.0</gx:coord>
          <gx:coord>120.1042791455984 30.25716321542859 125.0</gx:coord>
          <gx:coord>120.10430722497404 30.25697562843561 124.0</gx:coord>
          <gx:coord>120.1043248269707 30.256922906264663 124.0</gx:coord>
          <gx:coord>120.1043507270515 30.25688669644296 124.0</gx:coord>
          <gx:coord>120.10436489246786 30.256856437772512 124.0</gx:coord>
          <gx:coord>120.10437830351292 30.25683674030006 123.0</gx:coord>
          <gx:coord>120.10439179837704 30.2567985188216 123.0</gx:coord>
          <gx:coord>120.1044210512191 30.256766583770517 122.0</gx:coord>
          <gx:coord>120.1044995058328 30.256724506616592 121.0</gx:coord>
          <gx:coord>120.104547617957 30.2566740475595 120.0</gx:coord>
          <gx:coord>120.10452716611326 30.25662031956017 120.0</gx:coord>
          <gx:coord>120.10455692186952 30.25656810030341 119.0</gx:coord>
          <gx:coord>120.10460662655532 30.25645569898188 121.0</gx:coord>
          <gx:coord>120.10463076643646 30.25636190548539 122.0</gx:coord>
          <gx:coord>120.1046509668231 30.25632133707404 123.0</gx:coord>
          <gx:coord>120.10467225685716 30.25628495961428 124.0</gx:coord>
          <gx:coord>120.10470377281308 30.25624263100326 125.0</gx:coord>
          <gx:coord>120.1047215424478 30.256204577162865 125.0</gx:coord>
          <gx:coord>120.1047516334802 30.25608278810978 125.0</gx:coord>
          <gx:coord>120.1047651283443 30.255975080654025 125.0</gx:coord>
          <gx:coord>120.10481885634364 30.255892854183912 125.0</gx:coord>
          <gx:coord>120.10483897291124 30.2558106277138 126.0</gx:coord>
          <gx:coord>120.10482153855264 30.255624130368236 127.0</gx:coord>
          <gx:coord>120.10474182665348 30.2554205339402 128.0</gx:coord>
          <gx:coord>120.10473730042575 30.255395052954555 128.0</gx:coord>
          <gx:coord>120.10466395877302 30.255279382690787 129.0</gx:coord>
          <gx:coord>120.1045571733266 30.25520176626742 131.0</gx:coord>
          <gx:coord>120.104460446164 30.255137560889125 131.0</gx:coord>
          <gx:coord>120.10439179837704 30.255138566717505 132.0</gx:coord>
          <gx:coord>120.10437620803714 30.25513546541333 132.0</gx:coord>
          <gx:coord>120.10435768403111 30.255128927528855 132.0</gx:coord>
          <gx:coord>120.10430990718304 30.25510361418128 133.0</gx:coord>
          <gx:coord>120.10428434237838 30.25510411709547 133.0</gx:coord>
          <gx:coord>120.10423765517773 30.25506346486509 134.0</gx:coord>
          <gx:coord>120.10419901460408 30.255060363560915 134.0</gx:coord>
          <gx:coord>120.10415626689792 30.255041923373938 135.0</gx:coord>
          <gx:coord>120.10411988943817 30.25502784177661 136.0</gx:coord>
          <gx:coord>120.10404277592896 30.25498417206109 136.0</gx:coord>
          <gx:coord>120.1039804983884 30.25493413209915 136.0</gx:coord>
          <gx:coord>120.10396524332464 30.25492373853922 136.0</gx:coord>
          <gx:coord>120.10391721501946 30.25489741936326 136.0</gx:coord>
          <gx:coord>120.10388779453932 30.254870345816016 137.0</gx:coord>
          <gx:coord>120.10386516340076 30.25485785678029 137.0</gx:coord>
          <gx:coord>120.10383322834969 30.254828603938225 138.0</gx:coord>
          <gx:coord>120.10378872044384 30.254779318347573 138.0</gx:coord>
          <gx:coord>120.10376072488724 30.254771606996652 138.0</gx:coord>
          <gx:coord>120.10371378622948 30.25475316680968 139.0</gx:coord>
          <gx:coord>120.10370314121246 30.254745539277792 140.0</gx:coord>
          <gx:coord>120.10368671268223 30.254720896482468 140.0</gx:coord>
          <gx:coord>120.10367942042647 30.254693403840065 141.0</gx:coord>
          <gx:coord>120.10366290807724 30.25467856787145 141.0</gx:coord>
          <gx:coord>120.10363600216806 30.254664653912187 141.0</gx:coord>
          <gx:coord>120.10362393222748 30.254655349999663 142.0</gx:coord>
          <gx:coord>120.10361052118242 30.25465073995292 143.0</gx:coord>
          <gx:coord>120.1036064978689 30.2546379994601 143.0</gx:coord>
          <gx:coord>120.1035904046148 30.254636825993657 144.0</gx:coord>
          <gx:coord>120.10358478873968 30.25462727062404 144.0</gx:coord>
          <gx:coord>120.10352343320848 30.25461863726377 145.0</gx:coord>
          <gx:coord>120.10351547040044 30.254613775759932 146.0</gx:coord>
          <gx:coord>120.10347766801716 30.25459298864007 146.0</gx:coord>
          <gx:coord>120.1034418772906 30.25457169860601 147.0</gx:coord>
          <gx:coord>120.10343165136874 30.25455677881837 147.0</gx:coord>
          <gx:coord>120.10341606102884 30.254511516541243 149.0</gx:coord>
          <gx:coord>120.10337783955038 30.25440380908549 150.0</gx:coord>
          <gx:coord>120.10337557643652 30.25439517572522 150.0</gx:coord>
          <gx:coord>120.10337876155972 30.254378579556946 150.0</gx:coord>
          <gx:coord>120.10338295251132 30.254359301179647 151.0</gx:coord>
          <gx:coord>120.10338446125388 30.254348991438743 151.0</gx:coord>
          <gx:coord>120.10336484760046 30.254330970346928 151.0</gx:coord>
          <gx:coord>120.10335814207792 30.25430766865611 152.0</gx:coord>
          <gx:coord>120.10333366692066 30.254270704463124 153.0</gx:coord>
          <gx:coord>120.10332997888328 30.254263915121555 153.0</gx:coord>
          <gx:coord>120.1033147238195 30.254246732220054 154.0</gx:coord>
          <gx:coord>120.10331120342016 30.254239104688168 154.0</gx:coord>
          <gx:coord>120.10329779237507 30.254233237355947 155.0</gx:coord>
          <gx:coord>120.10327734053136 30.25421613827348 156.0</gx:coord>
          <gx:coord>120.10325118899344 30.25419451296329 156.0</gx:coord>
          <gx:coord>120.10323056951164 30.25418847799301 157.0</gx:coord>
          <gx:coord>120.10318790562452 30.2541614882648 158.0</gx:coord>
          <gx:coord>120.1031661964953 30.254145562648773 159.0</gx:coord>
          <gx:coord>120.10315136052668 30.254127038642764 159.0</gx:coord>
          <gx:coord>120.1031450740993 30.254114717245105 160.0</gx:coord>
          <gx:coord>120.10315362364054 30.254106000065804 160.0</gx:coord>
          <gx:coord>120.10316301137208 30.25408864952624 160.0</gx:coord>
          <gx:coord>120.10316586121915 30.254083201289177 161.0</gx:coord>
          <gx:coord>120.10314331389964 30.25406526401639 162.0</gx:coord>
          <gx:coord>120.10311909019948 30.25403550826013 162.0</gx:coord>
          <gx:coord>120.10310609824955 30.254023605957627 163.0</gx:coord>
          <gx:coord>120.10309285484254 30.253997538238764 163.0</gx:coord>
          <gx:coord>120.10304868221284 30.25395143777132 164.0</gx:coord>
          <gx:coord>120.1030237879604 30.253924699500203 165.0</gx:coord>
          <gx:coord>120.10300057008862 30.25390785187483 166.0</gx:coord>
          <gx:coord>120.10297123342752 30.25388429872692 167.0</gx:coord>
          <gx:coord>120.102940807119 30.25384423322976 168.0</gx:coord>
          <gx:coord>120.10292312130332 30.253832582384348 169.0</gx:coord>
          <gx:coord>120.1029087882489 30.253816908225417 170.0</gx:coord>
          <gx:coord>120.1029035076499 30.25380383245647 170.0</gx:coord>
          <gx:coord>120.10290635749698 30.25378874503076 171.0</gx:coord>
          <gx:coord>120.10290820151567 30.25377022102475 171.0</gx:coord>
          <gx:coord>120.10291205719112 30.25375186465681 172.0</gx:coord>
          <gx:coord>120.10292303748427 30.253702159971 173.0</gx:coord>
          <gx:coord>120.10291867889464 30.25365823879838 174.0</gx:coord>
          <gx:coord>120.10292722843587 30.25364357046783 174.0</gx:coord>
          <gx:coord>120.10292303748427 30.25362412445247 174.0</gx:coord>
          <gx:coord>120.10292303748427 30.25362412445247 174.0</gx:coord>
          <gx:coord>120.10284198448062 30.25352152995765 173.0</gx:coord>
          <gx:coord>120.10279865004122 30.25347107090056 172.0</gx:coord>
          <gx:coord>120.10278020985425 30.25344056077301 172.0</gx:coord>
          <gx:coord>120.1026706583798 30.25328155606985 171.0</gx:coord>
          <gx:coord>120.10264861397444 30.25323461741209 170.0</gx:coord>
          <gx:coord>120.10261709801853 30.253199161961675 169.0</gx:coord>
          <gx:coord>120.10244728066029 30.253080893307924 169.0</gx:coord>
          <gx:coord>120.10231249965727 30.25302540510893 170.0</gx:coord>
          <gx:coord>120.10218081995843 30.252942256629467 171.0</gx:coord>
          <gx:coord>120.10214905254544 30.252907555550337 172.0</gx:coord>
          <gx:coord>120.10213279165328 30.25287637487054 172.0</gx:coord>
          <gx:coord>120.10209406726062 30.25282717309892 173.0</gx:coord>
          <gx:coord>120.10207621380688 30.252811079844832 174.0</gx:coord>
          <gx:coord>120.10204838588834 30.252780066803098 175.0</gx:coord>
          <gx:coord>120.10201770812272 30.2527073957026 175.0</gx:coord>
          <gx:coord>120.10202709585428 30.252674790099263 175.0</gx:coord>
          <gx:coord>120.10204528458416 30.25265383534133 173.0</gx:coord>
          <gx:coord>120.10205106809735 30.252648135647178 172.0</gx:coord>
          <gx:coord>120.10205467231572 30.25263254530728 170.0</gx:coord>
          <gx:coord>120.10205442085862 30.25260287337005 169.0</gx:coord>
          <gx:coord>120.10206112638116 30.252600694075227 167.0</gx:coord>
          <gx:coord>120.10208275169134 30.25261108763516 166.0</gx:coord>
          <gx:coord>120.10209591127932 30.252612428739667 164.0</gx:coord>
          <gx:coord>120.10209775529802 30.252603627741337 163.0</gx:coord>
          <gx:coord>120.10210471227764 30.25259608402848 162.0</gx:coord>
          <gx:coord>120.10212181136012 30.25260044261813 160.0</gx:coord>
          <gx:coord>120.10214628651738 30.252608070150018 159.0</gx:coord>
          <gx:coord>120.10220387019216 30.25260865688324 158.0</gx:coord>
          <gx:coord>120.10223111137748 30.252603543922305 157.0</gx:coord>
          <gx:coord>120.10225382633509 30.252590803429484 156.0</gx:coord>
          <gx:coord>120.10229238308966 30.252570351585742 155.0</gx:coord>
          <gx:coord>120.1023183669895 30.252541434019804 154.0</gx:coord>
          <gx:coord>120.10232775472105 30.25253397412598 153.0</gx:coord>
          <gx:coord>120.1023522298783 30.252530621364716 152.0</gx:coord>
          <gx:coord>120.10241702198982 30.252535985782743 151.0</gx:coord>
          <gx:coord>120.10243378579617 30.252538081258532 150.0</gx:coord>
          <gx:coord>120.10245457291605 30.25253615342081 149.0</gx:coord>
          <gx:coord>120.10248097591102 30.25251729413867 148.0</gx:coord>
          <gx:coord>120.1024893578142 30.25251545011997 147.0</gx:coord>
          <gx:coord>120.10250528343022 30.252516036853194 146.0</gx:coord>
          <gx:coord>120.1025332789868 30.25252710096538 145.0</gx:coord>
          <gx:coord>120.10254610329866 30.25253154337406 144.0</gx:coord>
          <gx:coord>120.10255062952638 30.252529280260205 143.0</gx:coord>
          <gx:coord>120.10256454348564 30.25251930579543 142.0</gx:coord>
          <gx:coord>120.10256856679916 30.252498853951693 140.0</gx:coord>
          <gx:coord>120.10258440859616 30.252483431249857 138.0</gx:coord>
          <gx:coord>120.10261290706694 30.252475636079907 137.0</gx:coord>
          <gx:coord>120.10263545438649 30.252470774576068 136.0</gx:coord>
          <gx:coord>120.10263637639582 30.25245610624552 134.0</gx:coord>
          <gx:coord>120.10263863950968 30.252447808161374 134.0</gx:coord>
          <gx:coord>120.10264341719449 30.252439845353365 133.0</gx:coord>
          <gx:coord>120.10267795063557 30.252422243356705 132.0</gx:coord>
          <gx:coord>120.10270728729664 30.25243171490729 131.0</gx:coord>
          <gx:coord>120.10272497311234 30.25242744013667 130.0</gx:coord>
          <gx:coord>120.10275606997313 30.252433139830828 129.0</gx:coord>
          <gx:coord>120.1027906872332 30.252425260841846 128.0</gx:coord>
          <gx:coord>120.10281013324855 30.252418220043182 127.0</gx:coord>
          <gx:coord>120.10282019153236 30.25240858085453 126.0</gx:coord>
          <gx:coord>120.1028186827898 30.252403635531664 125.0</gx:coord>
          <gx:coord>120.10281767696142 30.25239684619009 125.0</gx:coord>
          <gx:coord>120.10283318348228 30.252376897260547 124.0</gx:coord>
          <gx:coord>120.10282790288328 30.25234437547624 123.0</gx:coord>
          <gx:coord>120.1028281543404 30.252301208674908 121.0</gx:coord>
          <gx:coord>120.10283301584424 30.252283355221152 120.0</gx:coord>
          <gx:coord>120.10284533724187 30.2522686868906 119.0</gx:coord>
          <gx:coord>120.1028736680746 30.25225401856005 117.0</gx:coord>
          <gx:coord>120.10289696976542 30.252245888113976 116.0</gx:coord>
          <gx:coord>120.10293326340616 30.2522343210876 114.0</gx:coord>
          <gx:coord>120.10294206440447 30.25222619064152 113.0</gx:coord>
          <gx:coord>120.1029481831938 30.25222241878509 112.0</gx:coord>
          <gx:coord>120.10296410880984 30.252226777374744 111.0</gx:coord>
          <gx:coord>120.1029880810529 30.25223289616406 110.0</gx:coord>
          <gx:coord>120.10300409048796 30.25223348289728 109.0</gx:coord>
          <gx:coord>120.10301909409463 30.25223046541214 108.0</gx:coord>
          <gx:coord>120.1030382886529 30.25222543627024 107.0</gx:coord>
          <gx:coord>120.10307173244657 30.252228789031506 106.0</gx:coord>
          <gx:coord>120.10310660116374 30.252232560887933 104.0</gx:coord>
          <gx:coord>120.10312059894204 30.25222845375538 104.0</gx:coord>
          <gx:coord>120.10313174687326 30.252222502604127 103.0</gx:coord>
          <gx:coord>120.10315504856408 30.25220699608326 102.0</gx:coord>
          <gx:coord>120.1031641010195 30.25220607407391 101.0</gx:coord>
          <gx:coord>120.10317374020816 30.2522065769881 101.0</gx:coord>
          <gx:coord>120.10323752649128 30.252209594473243 99.0</gx:coord>
          <gx:coord>120.10327038355172 30.25221236050129 98.0</gx:coord>
          <gx:coord>120.10330885648727 30.25221487507224 98.0</gx:coord>
          <gx:coord>120.10339284315704 30.25223465636373 96.0</gx:coord>
          <gx:coord>120.10342737659812 30.252221580594775 95.0</gx:coord>
          <gx:coord>120.10345889255404 30.252223340794444 95.0</gx:coord>
          <gx:coord>120.10348303243518 30.252222502604127 94.0</gx:coord>
          <gx:coord>120.10352737270296 30.252209594473243 94.0</gx:coord>
          <gx:coord>120.1035597268492 30.252201883122325 94.0</gx:coord>
          <gx:coord>120.103662237525 30.252181012183428 92.0</gx:coord>
          <gx:coord>120.10368512012064 30.252173133194447 92.0</gx:coord>
          <gx:coord>120.10377111844718 30.25214983150363 91.0</gx:coord>
          <gx:coord>120.10385937988758 30.252151172608137 90.0</gx:coord>
          <gx:coord>120.10390623472632 30.25212611071765 89.0</gx:coord>
          <gx:coord>120.10395082645118 30.25213558226824 88.0</gx:coord>
          <gx:coord>120.10402156971396 30.25213717482984 92.0</gx:coord>
          <gx:coord>120.1040605455637 30.25214295834303 91.0</gx:coord>
          <gx:coord>120.10408468544485 30.252138348296285 89.0</gx:coord>
          <gx:coord>120.10412232019009 30.25213373824954 88.0</gx:coord>
          <gx:coord>120.10418677702546 30.252117477357388 87.0</gx:coord>
          <gx:coord>120.10425525717436 30.25208855979145 86.0</gx:coord>
          <gx:coord>120.10436933487654 30.25204111821949 85.0</gx:coord>
          <gx:coord>120.1044123340398 30.25201211683452 84.0</gx:coord>
          <gx:coord>120.10444988496602 30.2519959397614 84.0</gx:coord>
          <gx:coord>120.10451358743012 30.25196232832968 83.0</gx:coord>
          <gx:coord>120.10458684526384 30.25195193476975 83.0</gx:coord>
          <gx:coord>120.10463654994965 30.251926453784108 83.0</gx:coord>
          <gx:coord>120.10467418469489 30.25189636275172 83.0</gx:coord>
          <gx:coord>120.10471575893462 30.251882448792458 81.0</gx:coord>
          <gx:coord>120.10475741699338 30.25187088176608 81.0</gx:coord>
          <gx:coord>120.10480167344213 30.25182461366057 80.0</gx:coord>
          <gx:coord>120.10487291961908 30.25178756564856 80.0</gx:coord>
          <gx:coord>120.10492119938137 30.251759737730023 79.0</gx:coord>
          <gx:coord>120.10497224517168 30.251725036650896 79.0</gx:coord>
          <gx:coord>120.10503267869352 30.251702992245555 78.0</gx:coord>
          <gx:coord>120.10506486520173 30.251693772152063 77.0</gx:coord>
          <gx:coord>120.10509177111088 30.25167290121317 76.0</gx:coord>
          <gx:coord>120.10512529872358 30.251664854586124 76.0</gx:coord>
          <gx:coord>120.1051575690508 30.251634679734707 76.0</gx:coord>
          <gx:coord>120.10518573224545 30.251626633107666 75.0</gx:coord>
          <gx:coord>120.10520459152758 30.251616155728694 75.0</gx:coord>
          <gx:coord>120.10521263815464 30.25160341523588 75.0</gx:coord>
          <gx:coord>120.10522873140872 30.25158262811601 75.0</gx:coord>
          <gx:coord>120.1052448246628 30.25157332420349 75.0</gx:coord>
          <gx:coord>120.10525153018534 30.25155362673104 75.0</gx:coord>
          <gx:coord>120.10526494123042 30.25153510272503 74.0</gx:coord>
          <gx:coord>120.10533912107348 30.25150584988296 74.0</gx:coord>
          <gx:coord>120.10537507943808 30.25146913714707 73.0</gx:coord>
          <gx:coord>120.10542076081038 30.251455223187804 72.0</gx:coord>
          <gx:coord>120.10547046549618 30.251430915668607 72.0</gx:coord>
          <gx:coord>120.1054932642728 30.251420522108678 70.0</gx:coord>
          <gx:coord>120.10551338084042 30.25141012854874 70.0</gx:coord>
          <gx:coord>120.10553483851254 30.25139621458948 69.0</gx:coord>
          <gx:coord>120.10556710883976 30.251383474096656 69.0</gx:coord>
          <gx:coord>120.105607425794 30.251374170184132 68.0</gx:coord>
          <gx:coord>120.10561547242104 30.251364950090647 68.0</gx:coord>
          <gx:coord>120.10564095340668 30.25135916657746 68.0</gx:coord>
          <gx:coord>120.10566031560302 30.25135388597846 67.0</gx:coord>
          <gx:coord>120.10568680241704 30.25134634226561 66.0</gx:coord>
          <gx:coord>120.1057390216738 30.251338379457597 65.0</gx:coord>
          <gx:coord>120.10576316155492 30.25132563896477 64.0</gx:coord>
          <gx:coord>120.10577925480902 30.251317508518696 63.0</gx:coord>
          <gx:coord>120.10581420734523 30.251308288425207 62.0</gx:coord>
          <gx:coord>120.1058262772858 30.251302421092987 62.0</gx:coord>
          <gx:coord>120.10584329254924 30.251297559589148 61.0</gx:coord>
          <gx:coord>120.10586793534458 30.2512723300606 60.0</gx:coord>
          <gx:coord>120.1059031393379 30.251261685043573 59.0</gx:coord>
          <gx:coord>120.10591546073556 30.25125900283456 59.0</gx:coord>
          <gx:coord>120.10594027116896 30.25125028565526 58.0</gx:coord>
          <gx:coord>120.10595401749016 30.251246010884643 58.0</gx:coord>
          <gx:coord>120.10598729364574 30.251232348382477 57.0</gx:coord>
          <gx:coord>120.10600414127111 30.251206532120705 57.0</gx:coord>
          <gx:coord>120.10605183430016 30.251173926517367 56.0</gx:coord>
          <gx:coord>120.10609751567245 30.251157749444246 56.0</gx:coord>
          <gx:coord>120.10613380931318 30.251134615391493 56.0</gx:coord>
          <gx:coord>120.1061378326267 30.251116091385484 56.0</gx:coord>
          <gx:coord>120.10614856146276 30.25108130648732 56.0</gx:coord>
          <gx:coord>120.10615258477628 30.251047695055604 56.0</gx:coord>
          <gx:coord>120.10614453814924 30.2509874291718 56.0</gx:coord>
          <gx:coord>120.1061391737312 30.250953901559114 56.0</gx:coord>
          <gx:coord>120.10613380931318 30.25093068368733 57.0</gx:coord>
          <gx:coord>120.10613112710416 30.25089707225561 57.0</gx:coord>
          <gx:coord>120.10611369274557 30.25088206864893 58.0</gx:coord>
          <gx:coord>120.10609751567245 30.250854240730405 59.0</gx:coord>
          <gx:coord>120.10609483346344 30.250829933211207 59.0</gx:coord>
          <gx:coord>120.1060881279409 30.250798668712378 59.0</gx:coord>
          <gx:coord>120.1060791593045 30.250771092250943 60.0</gx:coord>
          <gx:coord>120.1060706935823 30.25072792544961 61.0</gx:coord>
          <gx:coord>120.1060693524778 30.25069087743759 61.0</gx:coord>
          <gx:coord>120.10606130585074 30.250655002892017 61.0</gx:coord>
          <gx:coord>120.1060519181192 30.25059356354177 62.0</gx:coord>
          <gx:coord>120.10605057701468 30.250565819442272 62.0</gx:coord>
          <gx:coord>120.10603984817864 30.250510163605213 62.0</gx:coord>
          <gx:coord>120.1060358248651 30.25047194212675 62.0</gx:coord>
          <gx:coord>120.10603314265607 30.25044989772141 62.0</gx:coord>
          <gx:coord>120.10603984817864 30.250403629615903 62.0</gx:coord>
          <gx:coord>120.1060358248651 30.25037462823093 62.0</gx:coord>
          <gx:coord>120.1060371659696 30.250323666259646 63.0</gx:coord>
          <gx:coord>120.1060358248651 30.250294664874676 64.0</gx:coord>
          <gx:coord>120.1060371659696 30.25026692077517 64.0</gx:coord>
          <gx:coord>120.1060344837606 30.25024839676917 65.0</gx:coord>
          <gx:coord>120.10602509602904 30.25022174231708 65.0</gx:coord>
          <gx:coord>120.10602911934257 30.25020321831107 66.0</gx:coord>
          <gx:coord>120.10602777823806 30.25018461048603 66.0</gx:coord>
          <gx:coord>120.10602107271552 30.25015912950039 67.0</gx:coord>
          <gx:coord>120.106019731611 30.25014060549438 67.0</gx:coord>
          <gx:coord>120.10601168498395 30.250119734555483 67.0</gx:coord>
          <gx:coord>120.10600900277495 30.250089643523097 68.0</gx:coord>
          <gx:coord>120.10600095614792 30.250061815604568 69.0</gx:coord>
          <gx:coord>120.10593113489448 30.24999350309372 70.0</gx:coord>
          <gx:coord>120.1059123594314 30.24995637126267 70.0</gx:coord>
          <gx:coord>120.10588679462673 30.24992167018354 70.0</gx:coord>
          <gx:coord>120.10585863143206 30.249886885285378 70.0</gx:coord>
          <gx:coord>120.105847902596 30.24986484088004 69.0</gx:coord>
          <gx:coord>120.10582367889585 30.24983474984765 69.0</gx:coord>
          <gx:coord>120.1057834457606 30.249771047383547 68.0</gx:coord>
          <gx:coord>120.1057525165379 30.249723521992564 68.0</gx:coord>
          <gx:coord>120.10567464865744 30.24964121170342 68.0</gx:coord>
          <gx:coord>120.10565050877632 30.249621514230967 69.0</gx:coord>
          <gx:coord>120.1056317333132 30.249606929719448 70.0</gx:coord>
          <gx:coord>120.10562502779068 30.24959485977888 70.0</gx:coord>
          <gx:coord>120.10561153292656 30.249571725726128 69.0</gx:coord>
          <gx:coord>120.10559678077698 30.24954624474049 69.0</gx:coord>
          <gx:coord>120.1055820286274 30.24946628138423 68.0</gx:coord>
          <gx:coord>120.1055820286274 30.249415319412947 67.0</gx:coord>
          <gx:coord>120.10557129979134 30.24935740046203 67.0</gx:coord>
          <gx:coord>120.1056129578501 30.249308701604605 67.0</gx:coord>
          <gx:coord>120.10565092787148 30.24928045459092 66.0</gx:coord>
          <gx:coord>120.1056647580117 30.249258242547512 66.0</gx:coord>
          <gx:coord>120.10570691898464 30.249220691621304 65.0</gx:coord>
          <gx:coord>120.1057458948344 30.249161683022976 64.0</gx:coord>
          <gx:coord>120.10575930587947 30.249129245057706 63.0</gx:coord>
          <gx:coord>120.10577539913356 30.24910611100495 63.0</gx:coord>
          <gx:coord>120.10577271692456 30.249080546200275 63.0</gx:coord>
          <gx:coord>120.10577003471552 30.24906319566071 62.0</gx:coord>
          <gx:coord>120.10576869361104 30.249043498188257 62.0</gx:coord>
          <gx:coord>120.10579157620668 30.248999493196607 62.0</gx:coord>
          <gx:coord>120.1057942584157 30.248961271718144 62.0</gx:coord>
          <gx:coord>120.10580766946076 30.248940400779247 61.0</gx:coord>
          <gx:coord>120.10580766946076 30.24891952984035 61.0</gx:coord>
          <gx:coord>120.10579962283371 30.248904526233677 60.0</gx:coord>
          <gx:coord>120.10581437498332 30.24888482876122 59.0</gx:coord>
          <gx:coord>120.10581571608782 30.24886630475521 59.0</gx:coord>
          <gx:coord>120.1058116927743 30.248845433816317 59.0</gx:coord>
          <gx:coord>120.10580766946076 30.248832693323493 57.0</gx:coord>
          <gx:coord>120.10581437498332 30.248824562877417 57.0</gx:coord>
          <gx:coord>120.10582242161036 30.24880955927074 56.0</gx:coord>
          <gx:coord>120.1058354973793 30.248802518472075 55.0</gx:coord>
          <gx:coord>120.10589634999631 30.2487597707659 55.0</gx:coord>
          <gx:coord>120.1059285365045 30.24873311631381 55.0</gx:coord>
          <gx:coord>120.1059473119676 30.24872381240129 54.0</gx:coord>
          <gx:coord>120.10595669969916 30.24871341884136 54.0</gx:coord>
          <gx:coord>120.10597229003906 30.248699756339192 53.0</gx:coord>
          <gx:coord>120.10598897002636 30.248689111322165 52.0</gx:coord>
          <gx:coord>120.10599835775793 30.2486786339432 50.0</gx:coord>
          <gx:coord>120.10601579211652 30.248670587316155 50.0</gx:coord>
          <gx:coord>120.10602928698064 30.24865667335689 49.0</gx:coord>
          <gx:coord>120.10603599250317 30.24864627979696 49.0</gx:coord>
          <gx:coord>120.10604001581667 30.24863462895155 49.0</gx:coord>
          <gx:coord>120.1060440391302 30.24861266836524 48.0</gx:coord>
          <gx:coord>120.10606080293655 30.24859355762601 47.0</gx:coord>
          <gx:coord>120.10606952011584 30.248575620353225 47.0</gx:coord>
          <gx:coord>120.10608159005642 30.24855357594788 46.0</gx:coord>
          <gx:coord>120.106088379398 30.248533878475428 46.0</gx:coord>
          <gx:coord>120.10608703829348 30.248507224023346 45.0</gx:coord>
          <gx:coord>120.10607899166644 30.248492220416665 44.0</gx:coord>
          <gx:coord>120.10605610907078 30.248471349477768 44.0</gx:coord>
          <gx:coord>120.106030292809 30.248460033908486 43.0</gx:coord>
          <gx:coord>120.10602568276228 30.248455423861746 43.0</gx:coord>
          <gx:coord>120.10601319372654 30.24843773804605 42.0</gx:coord>
          <gx:coord>120.10599567554893 30.24841921404004 42.0</gx:coord>
          <gx:coord>120.10598360560834 30.248401779681444 42.0</gx:coord>
          <gx:coord>120.10594873689116 30.248364731669422 42.0</gx:coord>
          <gx:coord>120.10590364225207 30.24833749048412 41.0</gx:coord>
          <gx:coord>120.10589090175928 30.248327683657408 41.0</gx:coord>
          <gx:coord>120.10585335083306 30.24830672889948 41.0</gx:coord>
          <gx:coord>120.10583055205645 30.24828476831317 41.0</gx:coord>
          <gx:coord>120.10579970665276 30.24827546440065 41.0</gx:coord>
          <gx:coord>120.10577145963909 30.248261550441384 41.0</gx:coord>
          <gx:coord>120.10572452098133 30.248236069455743 41.0</gx:coord>
          <gx:coord>120.10568420402706 30.24820706807077 41.0</gx:coord>
          <gx:coord>120.10567213408648 30.24818737059832 41.0</gx:coord>
          <gx:coord>120.10564522817732 30.248172283172607 42.0</gx:coord>
          <gx:coord>120.10561840608716 30.24816071614623 42.0</gx:coord>
          <gx:coord>120.10559694841504 30.24814453907311 43.0</gx:coord>
          <gx:coord>120.10557004250586 30.24811092764139 42.0</gx:coord>
          <gx:coord>120.10551639832556 30.24804370477796 43.0</gx:coord>
          <gx:coord>120.1054747402668 30.248015876859423 43.0</gx:coord>
          <gx:coord>120.1054559648037 30.248028617352247 44.0</gx:coord>
          <gx:coord>120.1054076012224 30.24800196290016 44.0</gx:coord>
          <gx:coord>120.10538748465478 30.247997269034386 44.0</gx:coord>
          <gx:coord>120.1053605787456 30.24798570200801 44.0</gx:coord>
          <gx:coord>120.10536191985013 30.24796139448881 44.0</gx:coord>
          <gx:coord>120.10535932146011 30.247938260436054 43.0</gx:coord>
          <gx:coord>120.10536686517298 30.24790557101369 43.0</gx:coord>
          <gx:coord>120.10538212023675 30.247882604599 42.0</gx:coord>
          <gx:coord>120.10537675581872 30.24785712361336 41.0</gx:coord>
          <gx:coord>120.1053700502962 30.2477702870965 41.0</gx:coord>
          <gx:coord>120.10537675581872 30.24770767427981 41.0</gx:coord>
          <gx:coord>120.10538077913225 30.247633578255773 41.0</gx:coord>
          <gx:coord>120.10538212023675 30.2476011402905 41.0</gx:coord>
          <gx:coord>120.10535127483308 30.247507262974977 42.0</gx:coord>
          <gx:coord>120.10524784214796 30.247384468093514 42.0</gx:coord>
          <gx:coord>120.1051861513406 30.2473299857229 42.0</gx:coord>
          <gx:coord>120.10514449328184 30.24730333127081 42.0</gx:coord>
          <gx:coord>120.1052035856992 30.247196797281504 42.0</gx:coord>
          <gx:coord>120.10522906668484 30.24711800739169 43.0</gx:coord>
          <gx:coord>120.105250608176 30.247071655467156 43.0</gx:coord>
          <gx:coord>120.10526670143008 30.246996385976672 42.0</gx:coord>
          <gx:coord>120.10527608916163 30.24695581756532 42.0</gx:coord>
          <gx:coord>120.1052519492805 30.246878201141957 43.0</gx:coord>
          <gx:coord>120.10519285686314 30.246760016307235 43.0</gx:coord>
          <gx:coord>120.10503041557968 30.246704360470176 43.0</gx:coord>
          <gx:coord>120.10496059432626 30.246670749038454 44.0</gx:coord>
          <gx:coord>120.10483972728252 30.246651051566005 44.0</gx:coord>
          <gx:coord>120.1046839915216 30.24660578928888 44.0</gx:coord>
          <gx:coord>120.1045994181186 30.246591875329614 44.0</gx:coord>
          <gx:coord>120.1044477056712 30.246586007997397 44.0</gx:coord>
          <gx:coord>120.1043523196131 30.246558180078864 44.0</gx:coord>
          <gx:coord>120.10428249835968 30.24653965607285 44.0</gx:coord>
          <gx:coord>120.10420739650726 30.24651300162077 44.0</gx:coord>
          <gx:coord>120.10412676259875 30.246478216722608 44.0</gx:coord>
          <gx:coord>120.1039656624198 30.246409820392728 45.0</gx:coord>
          <gx:coord>120.10386097244918 30.246371598914266 45.0</gx:coord>
          <gx:coord>120.10361798107624 30.246259113773704 45.0</gx:coord>
          <gx:coord>120.10351857170464 30.246234806254503 46.0</gx:coord>
          <gx:coord>120.10345009155571 30.24620119482279 46.0</gx:coord>
          <gx:coord>120.10340583510695 30.246187280863523 46.0</gx:coord>
          <gx:coord>120.10337088257074 30.24617680348456 46.0</gx:coord>
          <gx:coord>120.1033440604806 30.246140928938985 46.0</gx:coord>
          <gx:coord>120.10331187397242 30.246124668046832 46.0</gx:coord>
          <gx:coord>120.10328362695871 30.2461177110672 47.0</gx:coord>
          <gx:coord>120.10326485149562 30.246094577014446 47.0</gx:coord>
          <gx:coord>120.1032782625407 30.24605861864984 47.0</gx:coord>
          <gx:coord>120.1032917574048 30.246034311130643 47.0</gx:coord>
          <gx:coord>120.10331589728594 30.24600187316537 47.0</gx:coord>
          <gx:coord>120.10332394391298 30.245971782132983 47.0</gx:coord>
          <gx:coord>120.10334003716709 30.245954431593415 47.0</gx:coord>
          <gx:coord>120.1033575553447 30.245928950607777 47.0</gx:coord>
          <gx:coord>120.10338974185288 30.245890729129314 46.0</gx:coord>
          <gx:coord>120.10343106463552 30.245847646147013 46.0</gx:coord>
          <gx:coord>120.10343274101616 30.24582702666521 46.0</gx:coord>
          <gx:coord>120.10345017537476 30.24580841884017 46.0</gx:coord>
          <gx:coord>120.1034595631063 30.24579567834735 47.0</gx:coord>
          <gx:coord>120.10348236188293 30.245779501274228 47.0</gx:coord>
          <gx:coord>120.10355620644988 30.245704231783748 47.0</gx:coord>
          <gx:coord>120.1035938411951 30.245677577331666 47.0</gx:coord>
          <gx:coord>120.10366902686656 30.245599960908294 47.0</gx:coord>
          <gx:coord>120.10380732826889 30.24547607637942 47.0</gx:coord>
          <gx:coord>120.1039429474622 30.245342887938023 47.0</gx:coord>
          <gx:coord>120.10401545092463 30.24528144858777 47.0</gx:coord>
          <gx:coord>120.10403959080575 30.24524792097509 47.0</gx:coord>
          <gx:coord>120.10421795770526 30.24510090239346 46.0</gx:coord>
          <gx:coord>120.10426523163916 30.245049269869924 46.0</gx:coord>
          <gx:coord>120.10430864989758 30.245019178837538 46.0</gx:coord>
          <gx:coord>120.10443119332194 30.24491474032402 47.0</gx:coord>
          <gx:coord>120.10448408313096 30.24488146416843 47.0</gx:coord>
          <gx:coord>120.10458215139806 30.244792699813843 47.0</gx:coord>
          <gx:coord>120.10465063154696 30.244771912693977 47.0</gx:coord>
          <gx:coord>120.10471911169589 30.244733691215515 47.0</gx:coord>
          <gx:coord>120.10478080250324 30.244739474728703 46.0</gx:coord>
          <gx:coord>120.10486998595296 30.24473997764289 46.0</gx:coord>
          <gx:coord>120.10498490184546 30.24472220800817 46.0</gx:coord>
          <gx:coord>120.10502521879972 30.24465037509799 46.0</gx:coord>
          <gx:coord>120.10505069978537 30.24459589272737 46.0</gx:coord>
          <gx:coord>120.10505883023144 30.244551887735724 46.0</gx:coord>
          <gx:coord>120.10505883023144 30.24452179670334 46.0</gx:coord>
          <gx:coord>120.10508246719836 30.244494387879968 46.0</gx:coord>
          <gx:coord>120.10508162900804 30.24440361186862 46.0</gx:coord>
          <gx:coord>120.10502924211325 30.24430747143924 46.0</gx:coord>
          <gx:coord>120.10504676029086 30.244277380406857 46.0</gx:coord>
          <gx:coord>120.10505883023144 30.24424376897514 46.0</gx:coord>
          <gx:coord>120.10510853491724 30.244114017114043 46.0</gx:coord>
          <gx:coord>120.10515279136598 30.243966914713383 47.0</gx:coord>
          <gx:coord>120.10519042611122 30.243902038782835 47.0</gx:coord>
          <gx:coord>120.1052696350962 30.243851076811552 48.0</gx:coord>
          <gx:coord>120.10532738640904 30.24376885034144 48.0</gx:coord>
          <gx:coord>120.1053851377219 30.24370858445764 49.0</gx:coord>
          <gx:coord>120.1054522767663 30.243624094873667 49.0</gx:coord>
          <gx:coord>120.10546568781136 30.243582352995872 49.0</gx:coord>
          <gx:coord>120.1054657716304 30.243548741564155 50.0</gx:coord>
          <gx:coord>120.10548454709352 30.24349895305932 50.0</gx:coord>
          <gx:coord>120.1055033225566 30.243473472073678 50.0</gx:coord>
          <gx:coord>120.1055180747062 30.24345955811441 50.0</gx:coord>
          <gx:coord>120.10552612133324 30.243430640548468 51.0</gx:coord>
          <gx:coord>120.1055503450334 30.243403986096386 51.0</gx:coord>
          <gx:coord>120.105565097183 30.24338085204363 51.0</gx:coord>
          <gx:coord>120.10557046160102 30.24334372021258 51.0</gx:coord>
          <gx:coord>120.10557046160102 30.24331245571375 51.0</gx:coord>
          <gx:coord>120.10561077855527 30.24321631528437 52.0</gx:coord>
          <gx:coord>120.10562150739132 30.24317574687302 51.0</gx:coord>
          <gx:coord>120.10562553070486 30.24314221926033 51.0</gx:coord>
          <gx:coord>120.10563760064542 30.24310047738254 51.0</gx:coord>
          <gx:coord>120.10567389428616 30.243035601451997 51.0</gx:coord>
          <gx:coord>120.1057987846434 30.243076169863343 51.0</gx:coord>
          <gx:coord>120.10585787706076 30.243086647242308 51.0</gx:coord>
          <gx:coord>120.10590883903204 30.24310869164765 50.0</gx:coord>
          <gx:coord>120.10595854371786 30.24310290813446 49.0</gx:coord>
          <gx:coord>120.10602828115223 30.243097124621272 49.0</gx:coord>
          <gx:coord>120.10610891506076 30.24309368804097 48.0</gx:coord>
          <gx:coord>120.10618016123772 30.24309603497386 48.0</gx:coord>
          <gx:coord>120.10620832443236 30.243084467947483 48.0</gx:coord>
          <gx:coord>120.106231123209 30.243062423542145 48.0</gx:coord>
          <gx:coord>120.10627680458128 30.24304163642228 48.0</gx:coord>
          <gx:coord>120.1063090749085 30.24300567805767 46.0</gx:coord>
          <gx:coord>120.10630094446242 30.24297676049173 46.0</gx:coord>
          <gx:coord>120.10630639269948 30.242941975593567 45.0</gx:coord>
          <gx:coord>120.10631846264005 30.242850445210934 47.0</gx:coord>
          <gx:coord>120.10631443932652 30.242794873192903 48.0</gx:coord>
          <gx:coord>120.10631443932652 30.242762435227636 48.0</gx:coord>
          <gx:coord>120.10633187368512 30.242703342810277 48.0</gx:coord>
          <gx:coord>120.10633463971315 30.242647267878056 49.0</gx:coord>
          <gx:coord>120.10633992031217 30.24261994287372 49.0</gx:coord>
          <gx:coord>120.1063291914761 30.242586331442 50.0</gx:coord>
          <gx:coord>120.10635341517629 30.242544589564204 51.0</gx:coord>
          <gx:coord>120.10637445375323 30.24247501976788 52.0</gx:coord>
          <gx:coord>120.1063741184771 30.24243805557489 54.0</gx:coord>
          <gx:coord>120.10637571103872 30.24242808111012 54.0</gx:coord>
          <gx:coord>120.1064197998494 30.24240310303867 54.0</gx:coord>
          <gx:coord>120.10645165108144 30.2423653844744 55.0</gx:coord>
          <gx:coord>120.10647646151484 30.24231467396021 56.0</gx:coord>
          <gx:coord>120.10647788643836 30.24230151437223 57.0</gx:coord>
          <gx:coord>120.1064721867442 30.24229422211647 57.0</gx:coord>
          <gx:coord>120.10647545568644 30.24228969588876 57.0</gx:coord>
          <gx:coord>120.10649465024473 30.24225633591413 58.0</gx:coord>
          <gx:coord>120.1065102405846 30.242222975939512 59.0</gx:coord>
          <gx:coord>120.10651828721166 30.24221459403634 59.0</gx:coord>
          <gx:coord>120.10652733966708 30.242204032838345 60.0</gx:coord>
          <gx:coord>120.10654686950149 30.2421682421118 61.0</gx:coord>
          <gx:coord>120.10655231773852 30.24216472171247 61.0</gx:coord>
          <gx:coord>120.10655969381332 30.242154579609632 61.0</gx:coord>
          <gx:coord>120.10657084174454 30.24215005338192 62.0</gx:coord>
          <gx:coord>120.10658618062736 30.242138653993607 63.0</gx:coord>
          <gx:coord>120.10659079067408 30.24212909862399 63.0</gx:coord>
          <gx:coord>120.10659682564436 30.24211510084569 63.0</gx:coord>
          <gx:coord>120.10660042986274 30.24210026487708 63.0</gx:coord>
          <gx:coord>120.10659825056791 30.24206900037825 64.0</gx:coord>
          <gx:coord>120.10660369880496 30.24205382913351 64.0</gx:coord>
          <gx:coord>120.10662389919162 30.24202566593885 65.0</gx:coord>
          <gx:coord>120.10663571767508 30.241986606270075 66.0</gx:coord>
          <gx:coord>120.10663689114152 30.24195802398026 67.0</gx:coord>
          <gx:coord>120.1066436804831 30.24193606339395 68.0</gx:coord>
          <gx:coord>120.1066455245018 30.24192776530981 68.0</gx:coord>
          <gx:coord>120.10664963163435 30.241920640692115 69.0</gx:coord>
          <gx:coord>120.10665248148143 30.24189616553485 70.0</gx:coord>
          <gx:coord>120.10666572488844 30.241850232705477 71.0</gx:coord>
          <gx:coord>120.10667955502868 30.24182366207242 72.0</gx:coord>
          <gx:coord>120.10668575763702 30.241806646808985 72.0</gx:coord>
          <gx:coord>120.10668441653252 30.241778315976266 73.0</gx:coord>
          <gx:coord>120.10668818838894 30.24177035316825 73.0</gx:coord>
          <gx:coord>120.10669372044504 30.241748644039035 74.0</gx:coord>
          <gx:coord>120.10671341791748 30.241718804463744 74.0</gx:coord>
          <gx:coord>120.10675616562366 30.24171369150281 75.0</gx:coord>
          <gx:coord>120.10677435435356 30.241714781150225 76.0</gx:coord>
          <gx:coord>120.10679279454052 30.241711847484112 76.0</gx:coord>
          <gx:coord>120.10682959109543 30.24169852025807 76.0</gx:coord>
          <gx:coord>120.10683772154152 30.241701789200302 77.0</gx:coord>
          <gx:coord>120.10684283450246 30.24170145392418 77.0</gx:coord>
          <gx:coord>120.10686211287975 30.241696257144213 77.0</gx:coord>
          <gx:coord>120.10687401518226 30.24168284609914 77.0</gx:coord>
          <gx:coord>120.10688315145671 30.24166340008378 78.0</gx:coord>
          <gx:coord>120.10689270682632 30.2416468039155 78.0</gx:coord>
          <gx:coord>120.10690201073884 30.241634733974934 79.0</gx:coord>
          <gx:coord>120.10691014118493 30.24160522967577 80.0</gx:coord>
          <gx:coord>120.10692355223 30.241580167785287 80.0</gx:coord>
          <gx:coord>120.10696311481296 30.24148134514689 79.0</gx:coord>
          <gx:coord>120.10697786696257 30.24145117029548 80.0</gx:coord>
          <gx:coord>120.10698054917157 30.24142225272953 80.0</gx:coord>
          <gx:coord>120.10698457248508 30.24139216169715 80.0</gx:coord>
          <gx:coord>120.10700209066272 30.241359723731875 81.0</gx:coord>
          <gx:coord>120.1069994084537 30.241346899420023 81.0</gx:coord>
          <gx:coord>120.10700745508076 30.2413341589272 82.0</gx:coord>
          <gx:coord>120.10700745508076 30.241313371807337 82.0</gx:coord>
          <gx:coord>120.10700879618526 30.24128671735525 83.0</gx:coord>
          <gx:coord>120.10702623054384 30.2412704564631 83.0</gx:coord>
          <gx:coord>120.10702623054384 30.241240365430716 84.0</gx:coord>
          <gx:coord>120.10704374872148 30.24120792746544 84.0</gx:coord>
          <gx:coord>120.1070464309305 30.241195186972615 84.0</gx:coord>
          <gx:coord>120.10701952502131 30.241151181980968 84.0</gx:coord>
          <gx:coord>120.10701416060328 30.24110248312354 84.0</gx:coord>
          <gx:coord>120.10701952502131 30.241057304665446 85.0</gx:coord>
          <gx:coord>120.1070060301572 30.2409889921546 86.0</gx:coord>
          <gx:coord>120.1069833151996 30.240934509783983 87.0</gx:coord>
          <gx:coord>120.1069618575275 30.24091481231153 87.0</gx:coord>
          <gx:coord>120.10694299824536 30.2408904209733 88.0</gx:coord>
          <gx:coord>120.10694433934988 30.240870723500848 88.0</gx:coord>
          <gx:coord>120.10690276511014 30.24083023890853 88.0</gx:coord>
          <gx:coord>120.10688935406506 30.24080123752356 89.0</gx:coord>
          <gx:coord>120.10687585920095 30.24076066911221 91.0</gx:coord>
          <gx:coord>120.10686244815588 30.240735188126564 91.0</gx:coord>
          <gx:coord>120.1068651303649 30.24071892723441 92.0</gx:coord>
          <gx:coord>120.1068637892604 30.24070618674159 92.0</gx:coord>
          <gx:coord>120.10687158443034 30.24069151841104 93.0</gx:coord>
          <gx:coord>120.10685708373784 30.240665702149272 93.0</gx:coord>
          <gx:coord>120.1068463549018 30.2406367007643 94.0</gx:coord>
          <gx:coord>120.1068128272891 30.240597305819392 95.0</gx:coord>
          <gx:coord>120.10677787475288 30.24057182483375 96.0</gx:coord>
          <gx:coord>120.10673898272216 30.240541649982333 98.0</gx:coord>
          <gx:coord>120.10671341791748 30.24050577543676 99.0</gx:coord>
          <gx:coord>120.10669061914086 30.240474427118897 100.0</gx:coord>
          <gx:coord>120.10667318478228 30.240441989153624 101.0</gx:coord>
          <gx:coord>120.10665298439562 30.240415334701535 102.0</gx:coord>
          <gx:coord>120.1066127512604 30.2403655461967 104.0</gx:coord>
          <gx:coord>120.1065831631422 30.24032497778535 105.0</gx:coord>
          <gx:coord>120.10656170547009 30.240301759913564 106.0</gx:coord>
          <gx:coord>120.10653756558897 30.240290192887187 107.0</gx:coord>
          <gx:coord>120.10647310875356 30.24027049541473 108.0</gx:coord>
          <gx:coord>120.10643547400832 30.240220623090863 109.0</gx:coord>
          <gx:coord>120.10640596970916 30.240166140720248 110.0</gx:coord>
          <gx:coord>120.10638048872352 30.240137223154303 110.0</gx:coord>
          <gx:coord>120.1063495595008 30.240109395235777 110.0</gx:coord>
          <gx:coord>120.10633614845574 30.24008508771658 110.0</gx:coord>
          <gx:coord>120.10632273741066 30.24005843326449 110.0</gx:coord>
          <gx:coord>120.1063093263656 30.240034041926265 111.0</gx:coord>
          <gx:coord>120.10630262084304 30.240002777427435 111.0</gx:coord>
          <gx:coord>120.10628644376992 30.239981906488534 112.0</gx:coord>
          <gx:coord>120.10627571493389 30.23995407857001 113.0</gx:coord>
          <gx:coord>120.10626766830684 30.23992977105081 113.0</gx:coord>
          <gx:coord>120.10625559836626 30.239906636998057 114.0</gx:coord>
          <gx:coord>120.10624889284372 30.239877635613084 114.0</gx:coord>
          <gx:coord>120.1062421873212 30.23983941413462 115.0</gx:coord>
          <gx:coord>120.10621930472551 30.23977571167052 115.0</gx:coord>
          <gx:coord>120.1061602961272 30.23967253044248 115.0</gx:coord>
          <gx:coord>120.10616566054524 30.239625005051494 115.0</gx:coord>
          <gx:coord>120.10614822618663 30.239578736945987 115.0</gx:coord>
          <gx:coord>120.10615224950016 30.23947907611728 116.0</gx:coord>
          <gx:coord>120.10616431944072 30.239444291219115 116.0</gx:coord>
          <gx:coord>120.10616700164974 30.23942233063281 116.0</gx:coord>
          <gx:coord>120.10615627281368 30.23939450271428 117.0</gx:coord>
          <gx:coord>120.10615359060466 30.239343540742997 118.0</gx:coord>
          <gx:coord>120.10612676851451 30.239269360899925 119.0</gx:coord>
          <gx:coord>120.10613883845508 30.23923340253532 121.0</gx:coord>
          <gx:coord>120.10614420287312 30.239179003983736 122.0</gx:coord>
          <gx:coord>120.10617638938128 30.239155869930983 122.0</gx:coord>
          <gx:coord>120.10620296001434 30.23913173004985 123.0</gx:coord>
          <gx:coord>120.10622114874424 30.23910205811262 123.0</gx:coord>
          <gx:coord>120.10623279958963 30.23908051662147 124.0</gx:coord>
          <gx:coord>120.1062570232898 30.23906199261546 125.0</gx:coord>
          <gx:coord>120.10627177543938 30.23904581554234 125.0</gx:coord>
          <gx:coord>120.10628786869349 30.239029554650187 126.0</gx:coord>
          <gx:coord>120.10630262084304 30.239006420597438 127.0</gx:coord>
          <gx:coord>120.10631745681168 30.238984376192093 128.0</gx:coord>
          <gx:coord>120.10633086785674 30.238969372585416 128.0</gx:coord>
          <gx:coord>120.10634293779732 30.23895780555904 128.0</gx:coord>
          <gx:coord>120.10634562000632 30.238941544666886 129.0</gx:coord>
          <gx:coord>120.1063590310514 30.238916063681245 129.0</gx:coord>
          <gx:coord>120.10636984370647 30.238894019275904 129.0</gx:coord>
          <gx:coord>120.10636447928846 30.238882452249527 129.0</gx:coord>
          <gx:coord>120.10635500773787 30.23886510170996 131.0</gx:coord>
          <gx:coord>120.10634696111084 30.238854624331 131.0</gx:coord>
          <gx:coord>120.10633355006576 30.2388477511704 132.0</gx:coord>
          <gx:coord>120.10631477460264 30.23882101289928 133.0</gx:coord>
          <gx:coord>120.10629734024404 30.23879905231297 134.0</gx:coord>
          <gx:coord>120.10628384537996 30.238772397860885 135.0</gx:coord>
          <gx:coord>120.10627043433487 30.23873182944953 136.0</gx:coord>
          <gx:coord>120.10626372881234 30.238693607971072 137.0</gx:coord>
          <gx:coord>120.10625258088112 30.23857919499278 138.0</gx:coord>
          <gx:coord>120.10623514652252 30.238553630188107 139.0</gx:coord>
          <gx:coord>120.10622601024806 30.23853619582951 139.0</gx:coord>
          <gx:coord>120.10622735135256 30.238460088148717 140.0</gx:coord>
          <gx:coord>120.106204720214 30.23842362686992 141.0</gx:coord>
          <gx:coord>120.10619658976792 30.238398145884275 142.0</gx:coord>
          <gx:coord>120.10621008463204 30.238378448411822 142.0</gx:coord>
          <gx:coord>120.10619935579598 30.238357577472925 142.0</gx:coord>
          <gx:coord>120.10619667358696 30.238322792574763 143.0</gx:coord>
          <gx:coord>120.10619533248246 30.23829848505557 143.0</gx:coord>
          <gx:coord>120.10619130916892 30.23827996104956 143.0</gx:coord>
          <gx:coord>120.10616440325975 30.238261437043548 144.0</gx:coord>
          <gx:coord>120.1061362400651 30.238223131746054 145.0</gx:coord>
          <gx:coord>120.10614160448311 30.238198824226856 145.0</gx:coord>
          <gx:coord>120.10613892227413 30.238170996308327 146.0</gx:coord>
          <gx:coord>120.10614562779664 30.23815020918846 147.0</gx:coord>
          <gx:coord>120.10612282902002 30.23813746869564 148.0</gx:coord>
          <gx:coord>120.10611344128849 30.238120034337044 148.0</gx:coord>
          <gx:coord>120.10609458200634 30.238099163398147 149.0</gx:coord>
          <gx:coord>120.10608251206575 30.238080639392138 150.0</gx:coord>
          <gx:coord>120.10605837218463 30.23806211538613 150.0</gx:coord>
          <gx:coord>120.106038171798 30.238049374893308 151.0</gx:coord>
          <gx:coord>120.10601805523038 30.238033114001155 152.0</gx:coord>
          <gx:coord>120.10599927976727 30.23800645954907 153.0</gx:coord>
          <gx:coord>120.10599123314024 30.23798558861017 154.0</gx:coord>
          <gx:coord>120.10598720982672 30.237968238070607 154.0</gx:coord>
          <gx:coord>120.10597916319966 30.2379497140646 155.0</gx:coord>
          <gx:coord>120.10597245767713 30.237927669659257 155.0</gx:coord>
          <gx:coord>120.1059670932591 30.237907972186804 155.0</gx:coord>
          <gx:coord>120.1059657521546 30.237891795113683 156.0</gx:coord>
          <gx:coord>120.10595225729048 30.237870924174786 156.0</gx:coord>
          <gx:coord>120.10594957508148 30.237854663282636 156.0</gx:coord>
          <gx:coord>120.10594286955892 30.237836139276624 156.0</gx:coord>
          <gx:coord>120.1059375051409 30.237814094871283 157.0</gx:coord>
          <gx:coord>120.10592275299132 30.23779096081853 158.0</gx:coord>
          <gx:coord>120.10591202415526 30.23776078596711 159.0</gx:coord>
          <gx:coord>120.10590531863272 30.237742261961102 159.0</gx:coord>
          <gx:coord>120.10589861311018 30.23771912790835 159.0</gx:coord>
          <gx:coord>120.10587573051453 30.237686689943075 160.0</gx:coord>
          <gx:coord>120.10582879185677 30.237621730193496 160.0</gx:coord>
          <gx:coord>120.10576844215392 30.237520392984152 161.0</gx:coord>
          <gx:coord>120.10576165281236 30.23750463500619 161.0</gx:coord>
          <gx:coord>120.10572535917164 30.237453756853935 161.0</gx:coord>
          <gx:coord>120.10570658370852 30.237424755468965 161.0</gx:coord>
          <gx:coord>120.10570390149952 30.2374074049294 162.0</gx:coord>
          <gx:coord>120.10569049045444 30.237377230077986 162.0</gx:coord>
          <gx:coord>120.1056824438274 30.237352922558784 163.0</gx:coord>
          <gx:coord>120.1056851260364 30.2373228315264 163.0</gx:coord>
          <gx:coord>120.105702560395 30.237268349155784 164.0</gx:coord>
          <gx:coord>120.10574103333056 30.2372242603451 164.0</gx:coord>
          <gx:coord>120.10575897060336 30.237190648913383 165.0</gx:coord>
          <gx:coord>120.105763329193 30.23717329837382 166.0</gx:coord>
          <gx:coord>120.10576483793557 30.237149074673653 166.0</gx:coord>
          <gx:coord>120.10572376661004 30.237035835161805 167.0</gx:coord>
          <gx:coord>120.10564355179667 30.23691496811807 168.0</gx:coord>
          <gx:coord>120.10563952848317 30.236887140199546 169.0</gx:coord>
          <gx:coord>120.10563550516964 30.236840788275003 169.0</gx:coord>
          <gx:coord>120.10563282296062 30.236806087195877 170.0</gx:coord>
          <gx:coord>120.10562075302003 30.23676778189838 171.0</gx:coord>
          <gx:coord>120.1056113652885 30.2366959489882 172.0</gx:coord>
          <gx:coord>120.10560331866144 30.236613722518086 173.0</gx:coord>
          <gx:coord>120.10559384711088 30.23657198064029 174.0</gx:coord>
          <gx:coord>120.1055817771703 30.23653375916183 175.0</gx:coord>
          <gx:coord>120.1055656839162 30.236498974263668 176.0</gx:coord>
          <gx:coord>120.10555227287114 30.236431835219264 177.0</gx:coord>
          <gx:coord>120.1055469084531 30.2364004869014 177.0</gx:coord>
          <gx:coord>120.10553617961703 30.236361091956496 178.0</gx:coord>
          <gx:coord>120.10553081519902 30.23630317300558 179.0</gx:coord>
          <gx:coord>120.10551287792624 30.23623427376151 180.0</gx:coord>
          <gx:coord>120.10551036335528 30.236184149980545 180.0</gx:coord>
          <gx:coord>120.10551874525844 30.236083064228296 181.0</gx:coord>
          <gx:coord>120.10552813299 30.23602162487805 182.0</gx:coord>
          <gx:coord>120.10557582601903 30.23589715361595 183.0</gx:coord>
          <gx:coord>120.1055804360658 30.2357876021415 183.0</gx:coord>
          <gx:coord>120.105562498793 30.235738903284076 182.0</gx:coord>
          <gx:coord>120.10555311106144 30.23572557605803 182.0</gx:coord>
          <gx:coord>120.105546656996 30.23570260964334 181.0</gx:coord>
          <gx:coord>120.10553307831287 30.23567486554384 181.0</gx:coord>
          <gx:coord>120.1055191643536 30.235647121444345 180.0</gx:coord>
          <gx:coord>120.10551162064075 30.23562884889543 180.0</gx:coord>
          <gx:coord>120.10549737140536 30.235600182786584 181.0</gx:coord>
          <gx:coord>120.1054332498461 30.23553262464702 181.0</gx:coord>
          <gx:coord>120.1053764205426 30.23546313866973 182.0</gx:coord>
          <gx:coord>120.10533082298934 30.23542952723801 182.0</gx:coord>
          <gx:coord>120.10528245940804 30.235430700704452 182.0</gx:coord>
          <gx:coord>120.10521263815464 30.23545148782432 181.0</gx:coord>
          <gx:coord>120.1051589101553 30.235473532229665 179.0</gx:coord>
          <gx:coord>120.10509981773794 30.235490882769227 177.0</gx:coord>
          <gx:coord>120.10504349134862 30.23549205623567 176.0</gx:coord>
          <gx:coord>120.10498305782676 30.23549892939627 176.0</gx:coord>
          <gx:coord>120.10495078749956 30.235505886375904 175.0</gx:coord>
          <gx:coord>120.10490778833628 30.23551627993584 175.0</gx:coord>
          <gx:coord>120.10484877973796 30.23552558384836 174.0</gx:coord>
          <gx:coord>120.10480443947016 30.235518626868725 173.0</gx:coord>
          <gx:coord>120.1047627814114 30.235531367361546 173.0</gx:coord>
          <gx:coord>120.10471584275363 30.23553715087473 173.0</gx:coord>
          <gx:coord>120.10465272702277 30.235540587455034 172.0</gx:coord>
          <gx:coord>120.1045909523964 30.2355613745749 170.0</gx:coord>
          <gx:coord>120.1045365538448 30.23556363768876 168.0</gx:coord>
          <gx:coord>120.10448223911226 30.23554628714919 167.0</gx:coord>
          <gx:coord>120.10442432016134 30.235505383461717 167.0</gx:coord>
          <gx:coord>120.10439632460476 30.23549498990178 167.0</gx:coord>
          <gx:coord>120.10432390496136 30.23544712923467 166.0</gx:coord>
          <gx:coord>120.1043081469834 30.235437406226996 166.0</gx:coord>
          <gx:coord>120.10427202098072 30.23540496826172 165.0</gx:coord>
          <gx:coord>120.1042328774929 30.235351910814643 164.0</gx:coord>
          <gx:coord>120.10421167127788 30.23535031825304 164.0</gx:coord>
          <gx:coord>120.10420521721244 30.235353084281087 164.0</gx:coord>
          <gx:coord>120.10408745147288 30.23528669960797 163.0</gx:coord>
          <gx:coord>120.10403238236904 30.235291309654716 163.0</gx:coord>
          <gx:coord>120.10396800935268 30.235307486727837 163.0</gx:coord>
          <gx:coord>120.1039048936218 30.23535266518593 162.0</gx:coord>
          <gx:coord>120.10386994108558 30.23537814617157 160.0</gx:coord>
          <gx:coord>120.10384311899544 30.235394407063723 159.0</gx:coord>
          <gx:coord>120.10381353087725 30.23542449809611 158.0</gx:coord>
          <gx:coord>120.10377463884652 30.23544419556856 157.0</gx:coord>
          <gx:coord>120.10375720448792 30.23547202348709 155.0</gx:coord>
          <gx:coord>120.10371822863816 30.2354939840734 154.0</gx:coord>
          <gx:coord>120.10369542986156 30.235514855012298 154.0</gx:coord>
          <gx:coord>120.10366315953434 30.235533379018307 153.0</gx:coord>
          <gx:coord>120.1035919971764 30.235572773963213 152.0</gx:coord>
          <gx:coord>120.1035544462502 30.235620215535164 150.0</gx:coord>
          <gx:coord>120.10351949371396 30.23565734736621 149.0</gx:coord>
          <gx:coord>120.1035060826689 30.23568626493216 147.0</gx:coord>
          <gx:coord>120.1034873072058 30.235724486410614 146.0</gx:coord>
          <gx:coord>120.1034577190876 30.23576270788908 145.0</gx:coord>
          <gx:coord>120.10344296693802 30.23580562323332 143.0</gx:coord>
          <gx:coord>120.1034228503704 30.23582532070577 142.0</gx:coord>
          <gx:coord>120.10341212153436 30.23584728129208 142.0</gx:coord>
          <gx:coord>120.10340524837376 30.235872846096758 141.0</gx:coord>
          <gx:coord>120.1033863890916 30.23591131903231 139.0</gx:coord>
          <gx:coord>120.10337851010264 30.23593353107572 138.0</gx:coord>
          <gx:coord>120.103368954733 30.23595289327204 138.0</gx:coord>
          <gx:coord>120.10335705243052 30.235968064516783 137.0</gx:coord>
          <gx:coord>120.10333148762584 30.23598164319992 137.0</gx:coord>
          <gx:coord>120.1033073477447 30.236003687605265 135.0</gx:coord>
          <gx:coord>120.10327382013202 30.236011818051335 135.0</gx:coord>
          <gx:coord>120.1032576430589 30.236030342057347 134.0</gx:coord>
          <gx:coord>120.10322679765522 30.23602682165801 132.0</gx:coord>
          <gx:coord>120.10318463668229 30.23604081943631 131.0</gx:coord>
          <gx:coord>120.10313870385288 30.2360415738076 130.0</gx:coord>
          <gx:coord>120.10309771634638 30.23605314083397 130.0</gx:coord>
          <gx:coord>120.1030295714736 30.2360828127712 129.0</gx:coord>
          <gx:coord>120.10297869332136 30.23612036369741 128.0</gx:coord>
          <gx:coord>120.10295656509696 30.236128913238645 128.0</gx:coord>
          <gx:coord>120.10286763310432 30.236153304576877 126.0</gx:coord>
          <gx:coord>120.1028134021908 30.236175265163183 125.0</gx:coord>
          <gx:coord>120.10279521346092 30.236183730885383 124.0</gx:coord>
          <gx:coord>120.102771660313 30.23619127459824 123.0</gx:coord>
          <gx:coord>120.10273729451 30.23619881831109 122.0</gx:coord>
          <gx:coord>120.10269035585225 30.236198902130127 120.0</gx:coord>
          <gx:coord>120.10263084433971 30.236209630966187 119.0</gx:coord>
          <gx:coord>120.10256890207528 30.23621558211744 118.0</gx:coord>
          <gx:coord>120.10250712744892 30.23623175919056 116.0</gx:coord>
          <gx:coord>120.10245884768663 30.236264197155837 115.0</gx:coord>
          <gx:coord>120.10241450741889 30.236283894628286 114.0</gx:coord>
          <gx:coord>120.10235943831503 30.236317506060004 114.0</gx:coord>
          <gx:coord>120.1023165229708 30.23634994402528 112.0</gx:coord>
          <gx:coord>120.10226547718048 30.236448347568512 111.0</gx:coord>
          <gx:coord>120.10217822156848 30.236523700878024 110.0</gx:coord>
          <gx:coord>120.10211376473308 30.23656653240323 108.0</gx:coord>
          <gx:coord>120.10199692100286 30.23666962981224 107.0</gx:coord>
          <gx:coord>120.10195400565864 30.236721765249968 106.0</gx:coord>
          <gx:coord>120.10190430097282 30.236766943708066 104.0</gx:coord>
          <gx:coord>120.10190295986833 30.23680399172008 103.0</gx:coord>
          <gx:coord>120.1018741261214 30.236849673092365 101.0</gx:coord>
          <gx:coord>120.1018693484366 30.236861910671 100.0</gx:coord>
          <gx:coord>120.10185727849604 30.23688739165664 99.0</gx:coord>
          <gx:coord>120.10185057297348 30.236910609528422 99.0</gx:coord>
          <gx:coord>120.10184437036514 30.23699451237917 98.0</gx:coord>
          <gx:coord>120.10181427933276 30.237125689163804 97.0</gx:coord>
          <gx:coord>120.10179793462156 30.237201545387503 96.0</gx:coord>
          <gx:coord>120.10174320079386 30.23724772967398 95.0</gx:coord>
          <gx:coord>120.10171495378016 30.237282514572144 94.0</gx:coord>
          <gx:coord>120.10169617831708 30.23731260560453 94.0</gx:coord>
          <gx:coord>120.10165988467634 30.23732769303024 92.0</gx:coord>
          <gx:coord>120.10162635706364 30.237357784062624 91.0</gx:coord>
          <gx:coord>120.10160758160056 30.23738904856145 90.0</gx:coord>
          <gx:coord>120.10157933458686 30.23740296252072 89.0</gx:coord>
          <gx:coord>120.10153776034711 30.237424923107028 88.0</gx:coord>
          <gx:coord>120.10151219554244 30.237442357465625 88.0</gx:coord>
          <gx:coord>120.10149501264095 30.23745803162456 87.0</gx:coord>
          <gx:coord>120.10145855136216 30.23747362196445 87.0</gx:coord>
          <gx:coord>120.10141924023628 30.237510250881314 86.0</gx:coord>
          <gx:coord>120.10134841315448 30.237543107941747 85.0</gx:coord>
          <gx:coord>120.10127322748303 30.23759759031236 85.0</gx:coord>
          <gx:coord>120.10121958330274 30.237639248371124 83.0</gx:coord>
          <gx:coord>120.10117658413948 30.23768442682922 82.0</gx:coord>
          <gx:coord>120.10113366879524 30.23771225474775 81.0</gx:coord>
          <gx:coord>120.10109603405 30.237748129293323 80.0</gx:coord>
          <gx:coord>120.1010785996914 30.23777595721185 79.0</gx:coord>
          <gx:coord>120.10105580091476 30.237801438197494 78.0</gx:coord>
          <gx:coord>120.10102353058755 30.23782574571669 77.0</gx:coord>
          <gx:coord>120.10101011954248 30.237847790122032 77.0</gx:coord>
          <gx:coord>120.10099134407938 30.237863967195157 77.0</gx:coord>
          <gx:coord>120.10096980258822 30.237873271107677 76.0</gx:coord>
          <gx:coord>120.10095505043864 30.23789757862687 75.0</gx:coord>
          <gx:coord>120.10093493387105 30.237909145653248 74.0</gx:coord>
          <gx:coord>120.10091347619893 30.23792188614607 72.0</gx:coord>
          <gx:coord>120.10090140625834 30.237926580011845 72.0</gx:coord>
          <gx:coord>120.10087718255818 30.237930016592145 71.0</gx:coord>
          <gx:coord>120.10085916146636 30.237937308847904 71.0</gx:coord>
          <gx:coord>120.10084801353514 30.23792934603989 71.0</gx:coord>
          <gx:coord>120.1008339319378 30.237917443737388 70.0</gx:coord>
          <gx:coord>120.10079931467772 30.237936973571777 69.0</gx:coord>
          <gx:coord>120.10077115148306 30.237935800105333 68.0</gx:coord>
          <gx:coord>120.10074072517456 30.237958934158087 68.0</gx:coord>
          <gx:coord>120.10072169825436 30.237985672429204 68.0</gx:coord>
          <gx:coord>120.10068213567138 30.23802506737411 68.0</gx:coord>
          <gx:coord>120.1006087101996 30.23811307735741 67.0</gx:coord>
          <gx:coord>120.10057375766335 30.238146604970098 67.0</gx:coord>
          <gx:coord>120.10053888894618 30.23819991387427 67.0</gx:coord>
          <gx:coord>120.10051340796052 30.2382311783731 67.0</gx:coord>
          <gx:coord>120.1004958897829 30.23825322277844 67.0</gx:coord>
          <gx:coord>120.10045515373348 30.23828951641917 67.0</gx:coord>
          <gx:coord>120.10042070411146 30.238348189741373 66.0</gx:coord>
          <gx:coord>120.10039882734418 30.238374760374427 67.0</gx:coord>
          <gx:coord>120.10038449428976 30.238398062065244 67.0</gx:coord>
          <gx:coord>120.10036705993116 30.238414239138365 67.0</gx:coord>
          <gx:coord>120.10034551844 30.23843158967793 67.0</gx:coord>
          <gx:coord>120.10031601414084 30.23845019750297 67.0</gx:coord>
          <gx:coord>120.10028114542364 30.23845019750297 67.0</gx:coord>
          <gx:coord>120.100260945037 30.238458244130012 67.0</gx:coord>
          <gx:coord>120.1001858431846 30.2384848985821 66.0</gx:coord>
          <gx:coord>120.1001562550664 30.23849068209529 66.0</gx:coord>
          <gx:coord>120.10012943297625 30.23849420249462 66.0</gx:coord>
          <gx:coord>120.10011090897024 30.238495878875256 66.0</gx:coord>
          <gx:coord>120.10009691119194 30.238519180566072 65.0</gx:coord>
          <gx:coord>120.10009104385972 30.23857844062149 65.0</gx:coord>
          <gx:coord>120.1000555884093 30.238616997376084 63.0</gx:coord>
          <gx:coord>120.10004083625972 30.23861817084253 62.0</gx:coord>
          <gx:coord>120.10001795366406 30.23861004039645 62.0</gx:coord>
          <gx:coord>120.099988700822 30.2385988086462 62.0</gx:coord>
          <gx:coord>120.09996975772084 30.23858942091465 62.0</gx:coord>
          <gx:coord>120.09991745464504 30.23853175342083 62.0</gx:coord>
          <gx:coord>120.0999078154564 30.23851658217609 62.0</gx:coord>
          <gx:coord>120.09987445548175 30.23846805095673 62.0</gx:coord>
          <gx:coord>120.09975249879062 30.23829915560782 63.0</gx:coord>
          <gx:coord>120.0996868684888 30.23823126219213 63.0</gx:coord>
          <gx:coord>120.09958553127944 30.238104863092303 63.0</gx:coord>
          <gx:coord>120.0994696933776 30.237981816753745 64.0</gx:coord>
          <gx:coord>120.0994619820267 30.23795641958713 64.0</gx:coord>
          <gx:coord>120.09934446774425 30.23778442293405 64.0</gx:coord>
          <gx:coord>120.09925025515258 30.23763447068632 65.0</gx:coord>
          <gx:coord>120.0991884805262 30.23756959475577 66.0</gx:coord>
          <gx:coord>120.09915235452354 30.23753204382956 66.0</gx:coord>
          <gx:coord>120.09906501509248 30.237402711063623 67.0</gx:coord>
          <gx:coord>120.09902075864376 30.237303050234917 67.0</gx:coord>
          <gx:coord>120.09895227849483 30.237269522622228 68.0</gx:coord>
          <gx:coord>120.0988985504955 30.23725669831037 68.0</gx:coord>
          <gx:coord>120.09881808422506 30.237266002222896 68.0</gx:coord>
          <gx:coord>120.09859252721073 30.23725787177682 68.0</gx:coord>
          <gx:coord>120.09845967404544 30.23721386678517 69.0</gx:coord>
          <gx:coord>120.09839789941908 30.23719073273241 69.0</gx:coord>
          <gx:coord>120.09832682088016 30.23717103525996 70.0</gx:coord>
          <gx:coord>120.0982637051493 30.23715133778751 70.0</gx:coord>
          <gx:coord>120.0981804728508 30.2371362503618 71.0</gx:coord>
          <gx:coord>120.0980771239847 30.23710263893008 72.0</gx:coord>
          <gx:coord>120.09802473708989 30.237088724970818 72.0</gx:coord>
          <gx:coord>120.09795499965549 30.237084114924077 73.0</gx:coord>
          <gx:coord>120.09787713177502 30.237065590918064 73.0</gx:coord>
          <gx:coord>120.09782876819372 30.23705863393843 74.0</gx:coord>
          <gx:coord>120.09774561971426 30.23704237304628 74.0</gx:coord>
          <gx:coord>120.09763958863914 30.237041283398867 75.0</gx:coord>
          <gx:coord>120.09755367413165 30.2370551135391 76.0</gx:coord>
          <gx:coord>120.09736306965353 30.2370516769588 78.0</gx:coord>
          <gx:coord>120.09722996503116 30.237041786313057 79.0</gx:coord>
          <gx:coord>120.09714430198072 30.23705176077783 80.0</gx:coord>
          <gx:coord>120.09713348932564 30.237054023891687 80.0</gx:coord>
          <gx:coord>120.0971137918532 30.237067686393857 80.0</gx:coord>
          <gx:coord>120.09706911630929 30.23709040135145 81.0</gx:coord>
          <gx:coord>120.09704623371364 30.23707606829703 81.0</gx:coord>
          <gx:coord>120.0969872251153 30.23708495311439 82.0</gx:coord>
          <gx:coord>120.09696459397674 30.237089982256293 82.0</gx:coord>
          <gx:coord>120.0968236103654 30.237078834325075 82.0</gx:coord>
          <gx:coord>120.09671489708126 30.237108506262302 83.0</gx:coord>
          <gx:coord>120.09667164646088 30.237136837095026 83.0</gx:coord>
          <gx:coord>120.09650962427258 30.237167682498693 84.0</gx:coord>
          <gx:coord>120.09644768200816 30.23717631585896 84.0</gx:coord>
          <gx:coord>120.09635447524488 30.23717220872641 85.0</gx:coord>
          <gx:coord>120.09620536118746 30.23719199001789 86.0</gx:coord>
          <gx:coord>120.09616018272936 30.237193666398525 86.0</gx:coord>
          <gx:coord>120.09594979695976 30.23716709576547 85.0</gx:coord>
          <gx:coord>120.09572331793606 30.23715795949101 85.0</gx:coord>
          <gx:coord>120.09550597518682 30.23711806163192 84.0</gx:coord>
          <gx:coord>120.09540790691972 30.23710548877716 84.0</gx:coord>
          <gx:coord>120.09518804959951 30.237051341682676 83.0</gx:coord>
          <gx:coord>120.09502711705863 30.23700431920588 83.0</gx:coord>
          <gx:coord>120.09495402686298 30.236991243436933 82.0</gx:coord>
          <gx:coord>120.09489895775914 30.236973892897367 82.0</gx:coord>
          <gx:coord>120.09476945735514 30.236932151019573 81.0</gx:coord>
          <gx:coord>120.09461866691709 30.236904826015238 79.0</gx:coord>
          <gx:coord>120.09440132416783 30.236842967569828 78.0</gx:coord>
          <gx:coord>120.0941778626293 30.236768117174503 77.0</gx:coord>
          <gx:coord>120.09413653984666 30.236756717786196 77.0</gx:coord>
          <gx:coord>120.09395280852914 30.236664852127436 76.0</gx:coord>
          <gx:coord>120.0939046125859 30.236650183796883 76.0</gx:coord>
          <gx:coord>120.09368542581797 30.23663551546633 76.0</gx:coord>
          <gx:coord>120.0934757106006 30.23663987405598 77.0</gx:coord>
          <gx:coord>120.09342893958092 30.236630905419588 77.0</gx:coord>
          <gx:coord>120.09323925711216 30.23655027151108 77.0</gx:coord>
          <gx:coord>120.09305669926108 30.236468631774187 78.0</gx:coord>
          <gx:coord>120.09288327768444 30.236369892954823 78.0</gx:coord>
          <gx:coord>120.09283365681767 30.236346758902076 78.0</gx:coord>
          <gx:coord>120.092715555802 30.23631197400391 79.0</gx:coord>
          <gx:coord>120.09261363185942 30.236303927376863 79.0</gx:coord>
          <gx:coord>120.09254917502405 30.236302753910422 79.0</gx:coord>
          <gx:coord>120.09250223636629 30.236294707283378 79.0</gx:coord>
          <gx:coord>120.09245119057596 30.23629588074982 79.0</gx:coord>
          <gx:coord>120.09238279424608 30.23629588074982 79.0</gx:coord>
          <gx:coord>120.092282127589 30.236313231289387 79.0</gx:coord>
          <gx:coord>120.09219763800502 30.236327229067683 79.0</gx:coord>
          <gx:coord>120.09220836684108 30.236372407525774 79.0</gx:coord>
          <gx:coord>120.09220291860402 30.23640769533813 79.0</gx:coord>
          <gx:coord>120.09220325388014 30.23642881773412 79.0</gx:coord>
          <gx:coord>120.09221373125912 30.23646309971809 79.0</gx:coord>
          <gx:coord>120.09223200380802 30.23648296482861 79.0</gx:coord>
          <gx:coord>120.09225614368916 30.23650132119656 78.0</gx:coord>
          <gx:coord>120.0922401342541 30.23668237030506 78.0</gx:coord>
          <gx:coord>120.09222521446644 30.23672034032643 77.0</gx:coord>
          <gx:coord>120.09221674874424 30.23674045689404 77.0</gx:coord>
          <gx:coord>120.0921532139182 30.2368048299104 77.0</gx:coord>
          <gx:coord>120.09199588559568 30.23694321513176 76.0</gx:coord>
          <gx:coord>120.09193637408316 30.236997781321406 76.0</gx:coord>
          <gx:coord>120.09192212484776 30.237008510157462 76.0</gx:coord>
          <gx:coord>120.09187929332256 30.23703650571406 76.0</gx:coord>
          <gx:coord>120.09181139990687 30.23720347322524 76.0</gx:coord>
          <gx:coord>120.09178466163576 30.237300284206867 75.0</gx:coord>
          <gx:coord>120.09178843349218 30.237322496250272 75.0</gx:coord>
          <gx:coord>120.09178617037831 30.23740748874843 75.0</gx:coord>
          <gx:coord>120.09177175350489 30.237441938370463 76.0</gx:coord>
          <gx:coord>120.09177384898068 30.237463731318712 71.0</gx:coord>
          <gx:coord>120.09178189560772 30.237538665533062 73.0</gx:coord>
          <gx:coord>120.09177301079036 30.237554842606187 73.0</gx:coord>
          <gx:coord>120.09178499691188 30.23761066608131 74.0</gx:coord>
          <gx:coord>120.09180678986012 30.237648971378803 74.0</gx:coord>
          <gx:coord>120.09185624308884 30.237696077674627 74.0</gx:coord>
          <gx:coord>120.09189387783408 30.2377388253808 74.0</gx:coord>
          <gx:coord>120.09194115176795 30.23782012984157 74.0</gx:coord>
          <gx:coord>120.09194953367114 30.23783722892404 74.0</gx:coord>
          <gx:coord>120.09195992723107 30.23790336214006 75.0</gx:coord>
          <gx:coord>120.0919618550688 30.23791652172804 75.0</gx:coord>
          <gx:coord>120.09202983230352 30.23804124444723 75.0</gx:coord>
          <gx:coord>120.09212899021804 30.23821265436709 74.0</gx:coord>
          <gx:coord>120.09214977733792 30.238255485892296 74.0</gx:coord>
          <gx:coord>120.0921574048698 30.238283313810825 74.0</gx:coord>
          <gx:coord>120.09215866215528 30.238300329074264 74.0</gx:coord>
          <gx:coord>120.09218104183674 30.238339891657237 74.0</gx:coord>
          <gx:coord>120.0921899266541 30.238354979082946 74.0</gx:coord>
          <gx:coord>120.09221456944942 30.23839026689529 74.0</gx:coord>
          <gx:coord>120.09222471155226 30.238417675718665 74.0</gx:coord>
          <gx:coord>120.09223837405445 30.23852722719312 75.0</gx:coord>
          <gx:coord>120.09224340319632 30.238671395927668 74.0</gx:coord>
          <gx:coord>120.09222152642906 30.238787988200784 75.0</gx:coord>
          <gx:coord>120.092213479802 30.238965265452865 74.0</gx:coord>
          <gx:coord>120.09219604544342 30.23913910612464 75.0</gx:coord>
          <gx:coord>120.09218665771186 30.23917380720377 75.0</gx:coord>
          <gx:coord>120.0921745877713 30.23925955407321 74.0</gx:coord>
          <gx:coord>120.09216779842971 30.239287381991744 75.0</gx:coord>
          <gx:coord>120.0921418145299 30.239322669804096 75.0</gx:coord>
          <gx:coord>120.0921457540244 30.23934639059007 76.0</gx:coord>
          <gx:coord>120.09213795885444 30.23936248384416 76.0</gx:coord>
          <gx:coord>120.0921069458127 30.23951629176736 76.0</gx:coord>
          <gx:coord>120.09210443124176 30.239578653126955 77.0</gx:coord>
          <gx:coord>120.09210417978466 30.239641265943646 78.0</gx:coord>
          <gx:coord>120.09210359305143 30.239660125225782 78.0</gx:coord>
          <gx:coord>120.09209889918566 30.23969281464815 79.0</gx:coord>
          <gx:coord>120.092091858387 30.23970044218004 79.0</gx:coord>
          <gx:coord>120.0920855719596 30.239703878760334 80.0</gx:coord>
          <gx:coord>120.09206461720169 30.239742686972026 80.0</gx:coord>
          <gx:coord>120.09206746704876 30.239763725548983 81.0</gx:coord>
          <gx:coord>120.0920765195042 30.239904960617423 81.0</gx:coord>
          <gx:coord>120.0920778606087 30.23993848823011 81.0</gx:coord>
          <gx:coord>120.09210468269885 30.239981403574347 81.0</gx:coord>
          <gx:coord>120.09221917949615 30.24012171663344 80.0</gx:coord>
          <gx:coord>120.09232345037162 30.24021416902542 80.0</gx:coord>
          <gx:coord>120.09238715283573 30.240264208987355 79.0</gx:coord>
          <gx:coord>120.09241766296329 30.24027904495597 79.0</gx:coord>
          <gx:coord>120.0924269668758 30.240285163745284 78.0</gx:coord>
          <gx:coord>120.09246577508748 30.24034827947617 77.0</gx:coord>
          <gx:coord>120.0923886615783 30.24037342518568 78.0</gx:coord>
          <gx:coord>120.09234683588149 30.240395050495863 79.0</gx:coord>
          <gx:coord>120.0923247076571 30.24040301330388 79.0</gx:coord>
          <gx:coord>120.0922911800444 30.240421537309885 79.0</gx:coord>
          <gx:coord>120.09225899353623 30.24043779820204 79.0</gx:coord>
          <gx:coord>120.09222412481904 30.240461016073823 81.0</gx:coord>
          <gx:coord>120.09219587780537 30.240479540079832 81.0</gx:coord>
          <gx:coord>120.09219453670084 30.240495717152957 81.0</gx:coord>
          <gx:coord>120.0921891722828 30.24050736799836 82.0</gx:coord>
          <gx:coord>120.09217039681972 30.240509631112214 82.0</gx:coord>
          <gx:coord>120.09213955141604 30.24051315151155 82.0</gx:coord>
          <gx:coord>120.09210585616528 30.240526646375656 83.0</gx:coord>
          <gx:coord>120.09199731051922 30.24050854146481 84.0</gx:coord>
          <gx:coord>120.09196244180202 30.24050393141806 85.0</gx:coord>
          <gx:coord>120.09188708849253 30.240493286401037 86.0</gx:coord>
          <gx:coord>120.09183621034026 30.240461518988013 87.0</gx:coord>
          <gx:coord>120.09182187728584 30.240465542301536 87.0</gx:coord>
          <gx:coord>120.09181483648716 30.240465123206377 87.0</gx:coord>
          <gx:coord>120.09177996776998 30.240464620292187 88.0</gx:coord>
          <gx:coord>120.09175985120235 30.2404657099396 88.0</gx:coord>
          <gx:coord>120.0917356275022 30.240458836779 88.0</gx:coord>
          <gx:coord>120.09171416983008 30.240448359400038 88.0</gx:coord>
          <gx:coord>120.09168734773992 30.24042757228017 89.0</gx:coord>
          <gx:coord>120.09163772687316 30.24040904827416 90.0</gx:coord>
          <gx:coord>120.09161358699204 30.24039396084845 91.0</gx:coord>
          <gx:coord>120.0915392395109 30.240375101566315 91.0</gx:coord>
          <gx:coord>120.09143111295998 30.24035925976932 92.0</gx:coord>
          <gx:coord>120.09140957146884 30.240360433235765 92.0</gx:coord>
          <gx:coord>120.09139079600573 30.240345345810056 93.0</gx:coord>
          <gx:coord>120.09136020205916 30.240329252555966 93.0</gx:coord>
          <gx:coord>120.09133044630288 30.240332605317235 93.0</gx:coord>
          <gx:coord>120.09131032973528 30.24032455869019 95.0</gx:coord>
          <gx:coord>120.09125257842244 30.240312991663814 96.0</gx:coord>
          <gx:coord>120.09118552319704 30.240300251170996 97.0</gx:coord>
          <gx:coord>120.09113053791224 30.240278290584683 98.0</gx:coord>
          <gx:coord>120.09105132892728 30.240265550091863 99.0</gx:coord>
          <gx:coord>120.0909628160298 30.24020184762776 100.0</gx:coord>
          <gx:coord>120.09091855958104 30.24019606411457 100.0</gx:coord>
          <gx:coord>120.09087421931326 30.24018567055464 101.0</gx:coord>
          <gx:coord>120.09083130396904 30.240145102143288 102.0</gx:coord>
          <gx:coord>120.09079911746085 30.24011962115765 102.0</gx:coord>
          <gx:coord>120.09077631868422 30.24010109715164 103.0</gx:coord>
          <gx:coord>120.09076290763916 30.24009531363845 103.0</gx:coord>
          <gx:coord>120.09074547328056 30.24008718319237 103.0</gx:coord>
          <gx:coord>120.09073072113095 30.240083746612072 104.0</gx:coord>
          <gx:coord>120.09071052074432 30.240077963098884 104.0</gx:coord>
          <gx:coord>120.09069308638573 30.24006404913962 104.0</gx:coord>
          <gx:coord>120.09067296981812 30.240040915086865 105.0</gx:coord>
          <gx:coord>120.09063005447388 30.240043262019757 105.0</gx:coord>
          <gx:coord>120.09058311581612 30.24005139246583 106.0</gx:coord>
          <gx:coord>120.0905428826809 30.240050218999382 106.0</gx:coord>
          <gx:coord>120.0905132945627 30.240068743005395 106.0</gx:coord>
          <gx:coord>120.09048647247256 30.24007343687117 106.0</gx:coord>
          <gx:coord>120.09044154547156 30.24007687345147 107.0</gx:coord>
          <gx:coord>120.0903930142522 30.240064468234777 108.0</gx:coord>
          <gx:coord>120.09036920964718 30.24006119929254 109.0</gx:coord>
          <gx:coord>120.09036074392498 30.240042340010405 109.0</gx:coord>
          <gx:coord>120.09035311639308 30.240038568153977 110.0</gx:coord>
          <gx:coord>120.09032679721712 30.240043345838785 110.0</gx:coord>
          <gx:coord>120.0902852229774 30.24005725979805 111.0</gx:coord>
          <gx:coord>120.0902476720512 30.24007578380406 112.0</gx:coord>
          <gx:coord>120.09019671007992 30.240080477669835 112.0</gx:coord>
          <gx:coord>120.09018061682582 30.24008274078369 113.0</gx:coord>
          <gx:coord>120.09011892601848 30.24010553956032 114.0</gx:coord>
          <gx:coord>120.09008103981614 30.24010788649321 115.0</gx:coord>
          <gx:coord>120.09004273451863 30.24012272246182 115.0</gx:coord>
          <gx:coord>120.08999889716506 30.240147449076176 116.0</gx:coord>
          <gx:coord>120.08996578864752 30.24014032445848 117.0</gx:coord>
          <gx:coord>120.08986227214336 30.2401617821306 118.0</gx:coord>
          <gx:coord>120.08985305204988 30.240166140720248 118.0</gx:coord>
          <gx:coord>120.08979613892734 30.240185167640448 119.0</gx:coord>
          <gx:coord>120.0897782854736 30.24018776603043 119.0</gx:coord>
          <gx:coord>120.08975917473435 30.24018139578402 120.0</gx:coord>
          <gx:coord>120.08976118639112 30.24017745628953 120.0</gx:coord>
          <gx:coord>120.08974920026958 30.24018432945013 120.0</gx:coord>
          <gx:coord>120.08974459022284 30.24018717929721 120.0</gx:coord>
          <gx:coord>120.08970460854472 30.240191537886854 121.0</gx:coord>
          <gx:coord>120.08967326022685 30.240192878991365 121.0</gx:coord>
          <gx:coord>120.0896533112973 30.240179132670164 122.0</gx:coord>
          <gx:coord>120.08962783031166 30.240175696089864 122.0</gx:coord>
          <gx:coord>120.08959958329795 30.240173349156976 124.0</gx:coord>
          <gx:coord>120.08955214172602 30.24014811962843 125.0</gx:coord>
          <gx:coord>120.08954769931734 30.24014560505748 125.0</gx:coord>
          <gx:coord>120.08951266296208 30.2401374746114 126.0</gx:coord>
          <gx:coord>120.08949983865024 30.24013646878302 126.0</gx:coord>
          <gx:coord>120.0894881039858 30.24013864807785 127.0</gx:coord>
          <gx:coord>120.08947217836976 30.240142168477178 128.0</gx:coord>
          <gx:coord>120.08946086280048 30.24014669470489 129.0</gx:coord>
          <gx:coord>120.08944502100348 30.240144599229097 129.0</gx:coord>
          <gx:coord>120.08943730965257 30.24014325812459 130.0</gx:coord>
          <gx:coord>120.089430520311 30.240140995010734 131.0</gx:coord>
          <gx:coord>120.08942490443587 30.24014920927584 131.0</gx:coord>
          <gx:coord>120.0894181150943 30.24015775881708 132.0</gx:coord>
          <gx:coord>120.08939104154706 30.24015985429287 132.0</gx:coord>
          <gx:coord>120.08936304599048 30.2401599381119 133.0</gx:coord>
          <gx:coord>120.08933295495808 30.240161195397377 134.0</gx:coord>
          <gx:coord>120.08931216783822 30.240163039416075 134.0</gx:coord>
          <gx:coord>120.08930931799114 30.24016370996833 134.0</gx:coord>
          <gx:coord>120.08929054252803 30.24016203358769 135.0</gx:coord>
          <gx:coord>120.0892751198262 30.24016890674829 135.0</gx:coord>
          <gx:coord>120.08924980647862 30.240193801000714 136.0</gx:coord>
          <gx:coord>120.0892185419798 30.24022171273828 137.0</gx:coord>
          <gx:coord>120.08920806460084 30.24023319594562 137.0</gx:coord>
          <gx:coord>120.08919440209866 30.240249959751964 139.0</gx:coord>
          <gx:coord>120.08917856030166 30.24025649763644 139.0</gx:coord>
          <gx:coord>120.08913765661418 30.240255910903212 140.0</gx:coord>
          <gx:coord>120.08912198245524 30.240254821255803 141.0</gx:coord>
          <gx:coord>120.08911225944756 30.240265214815736 142.0</gx:coord>
          <gx:coord>120.08910236880185 30.2402566652745 142.0</gx:coord>
          <gx:coord>120.08909247815608 30.240254402160645 142.0</gx:coord>
          <gx:coord>120.0890832580626 30.24024048820138 143.0</gx:coord>
          <gx:coord>120.08908241987228 30.240238225087523 143.0</gx:coord>
          <gx:coord>120.0890819169581 30.24023512378335 143.0</gx:coord>
          <gx:coord>120.08908082731068 30.240229591727257 144.0</gx:coord>
          <gx:coord>120.089063141495 30.2402170188725 144.0</gx:coord>
          <gx:coord>120.08901569992304 30.240214839577675 145.0</gx:coord>
          <gx:coord>120.0889764726162 30.240233866497874 146.0</gx:coord>
          <gx:coord>120.088960127905 30.240253480151296 147.0</gx:coord>
          <gx:coord>120.08893992751835 30.240282900631428 147.0</gx:coord>
          <gx:coord>120.0889024604112 30.2403034362942 148.0</gx:coord>
          <gx:coord>120.0888982694596 30.24030326865613 149.0</gx:coord>
          <gx:coord>120.08889952674508 30.240292204543948 150.0</gx:coord>
          <gx:coord>120.08890178985894 30.24029228836298 150.0</gx:coord>
          <gx:coord>120.08889382705092 30.240307208150625 151.0</gx:coord>
          <gx:coord>120.0888826791197 30.240332270041108 152.0</gx:coord>
          <gx:coord>120.0888691842556 30.24034710600972 154.0</gx:coord>
          <gx:coord>120.08886750787497 30.24034400470555 155.0</gx:coord>
          <gx:coord>120.08886474184692 30.24032548069954 156.0</gx:coord>
          <gx:coord>120.08884026668966 30.24031139910221 157.0</gx:coord>
          <gx:coord>120.08880724199116 30.240314668044448 158.0</gx:coord>
          <gx:coord>120.08878687396646 30.24032514542341 159.0</gx:coord>
          <gx:coord>120.0887793302536 30.240330677479506 160.0</gx:coord>
          <gx:coord>120.08875728584826 30.24032212793827 162.0</gx:coord>
          <gx:coord>120.08875326253474 30.24031994864345 163.0</gx:coord>
          <gx:coord>120.088751334697 30.240307291969657 164.0</gx:coord>
          <gx:coord>120.08873691782355 30.240326654165983 165.0</gx:coord>
          <gx:coord>120.0886812619865 30.240355487912893 167.0</gx:coord>
          <gx:coord>120.08864446543156 30.2403673902154 168.0</gx:coord>
          <gx:coord>120.08860666304828 30.24037853814661 168.0</gx:coord>
          <gx:coord>120.08858855813742 30.24036294780672 168.0</gx:coord>
          <gx:coord>120.08857363834976 30.24037183262408 169.0</gx:coord>
          <gx:coord>120.0885313935578 30.240389266982675 170.0</gx:coord>
          <gx:coord>120.08852980099618 30.24039052426815 171.0</gx:coord>
          <gx:coord>120.08853055536748 30.24040770716965 172.0</gx:coord>
          <gx:coord>120.08851362392306 30.240429248660803 173.0</gx:coord>
          <gx:coord>120.08849199861288 30.24045305326581 174.0</gx:coord>
          <gx:coord>120.08845469914375 30.240453220903877 175.0</gx:coord>
          <gx:coord>120.08841714821756 30.240454142913222 177.0</gx:coord>
          <gx:coord>120.0883958581835 30.24044726975262 178.0</gx:coord>
          <gx:coord>120.08839217014612 30.24045892059803 179.0</gx:coord>
          <gx:coord>120.08836291730404 30.24048968218267 180.0</gx:coord>
          <gx:coord>120.08832997642456 30.24050435051322 181.0</gx:coord>
          <gx:coord>120.0883112847805 30.240500327199697 182.0</gx:coord>
          <gx:coord>120.08830541744828 30.240497644990683 183.0</gx:coord>
          <gx:coord>120.0883044116199 30.240499237552285 184.0</gx:coord>
          <gx:coord>120.0882787629962 30.24049487896264 185.0</gx:coord>
          <gx:coord>120.08824246935546 30.240491023287177 186.0</gx:coord>
          <gx:coord>120.08824129588902 30.24050393141806 187.0</gx:coord>
          <gx:coord>120.08823090232907 30.240521701052785 188.0</gx:coord>
          <gx:coord>120.08821740746498 30.24051290005445 189.0</gx:coord>
          <gx:coord>120.08822361007331 30.240510888397694 190.0</gx:coord>
          <gx:coord>120.08820148184896 30.240518180653453 191.0</gx:coord>
          <gx:coord>120.0881611648947 30.240515414625406 192.0</gx:coord>
          <gx:coord>120.08813627064228 30.240528490394357 194.0</gx:coord>
          <gx:coord>120.08809578604996 30.24055950343609 195.0</gx:coord>
          <gx:coord>120.08805714547634 30.24058900773525 196.0</gx:coord>
          <gx:coord>120.08806586265564 30.240581380203366 196.0</gx:coord>
          <gx:coord>120.08805396035314 30.24058397859335 197.0</gx:coord>
          <gx:coord>120.08805295452476 30.240585571154952 198.0</gx:coord>
          <gx:coord>120.08804742246866 30.24059546180069 199.0</gx:coord>
          <gx:coord>120.08801439777017 30.24058816954493 200.0</gx:coord>
          <gx:coord>120.08801171556117 30.24060401134193 201.0</gx:coord>
          <gx:coord>120.08799805305898 30.240580709651116 203.0</gx:coord>
          <gx:coord>120.08796821348368 30.24058691225946 204.0</gx:coord>
          <gx:coord>120.08793342858552 30.240622451528907 205.0</gx:coord>
          <gx:coord>120.08789998479187 30.24064240045845 206.0</gx:coord>
          <gx:coord>120.08786302059887 30.240656901150945 207.0</gx:coord>
          <gx:coord>120.08783200755715 30.24064994417131 208.0</gx:coord>
          <gx:coord>120.08779797703028 30.240627648308877 210.0</gx:coord>
          <gx:coord>120.08776277303696 30.24062069132924 211.0</gx:coord>
          <gx:coord>120.08774525485931 30.24062907323241 212.0</gx:coord>
          <gx:coord>120.08771382272243 30.24063527584076 213.0</gx:coord>
          <gx:coord>120.08769529871644 30.24061289615929 214.0</gx:coord>
          <gx:coord>120.08766445331275 30.240622451528907 215.0</gx:coord>
          <gx:coord>120.08765607140958 30.24064315482974 216.0</gx:coord>
          <gx:coord>120.0876397266984 30.240656146779656 218.0</gx:coord>
          <gx:coord>120.08762472309172 30.240665450692177 219.0</gx:coord>
          <gx:coord>120.08760728873312 30.24067584425211 220.0</gx:coord>
          <gx:coord>120.08759253658354 30.240686321631078 221.0</gx:coord>
          <gx:coord>120.087585831061 30.240695541724563 222.0</gx:coord>
          <gx:coord>120.08757510222496 30.240695541724563 223.0</gx:coord>
          <gx:coord>120.08756303228438 30.240695625543594 225.0</gx:coord>
          <gx:coord>120.08756035007536 30.24068514816463 226.0</gx:coord>
          <gx:coord>120.08756169117989 30.240674754604697 226.0</gx:coord>
          <gx:coord>120.08754149079324 30.240671234205365 227.0</gx:coord>
          <gx:coord>120.08752179332078 30.24068062193692 228.0</gx:coord>
          <gx:coord>120.08750435896218 30.24069093167782 229.0</gx:coord>
          <gx:coord>120.08749555796383 30.24070073850453 229.0</gx:coord>
          <gx:coord>120.0874579232186 30.240682382136583 230.0</gx:coord>
          <gx:coord>120.08743286132812 30.240679448470477 231.0</gx:coord>
          <gx:coord>120.08743478916584 30.24068078957498 231.0</gx:coord>
          <gx:coord>120.08742347359656 30.24065975099802 232.0</gx:coord>
          <gx:coord>120.08743587881328 30.24066385813057 234.0</gx:coord>
          <gx:coord>120.08740603923798 30.24064240045845 235.0</gx:coord>
          <gx:coord>120.08737896569072 30.24063200689852 236.0</gx:coord>
          <gx:coord>120.08736396208404 30.24063041433692 237.0</gx:coord>
          <gx:coord>120.08735021576284 30.24063720367849 237.0</gx:coord>
          <gx:coord>120.08733479306102 30.24064223282039 238.0</gx:coord>
          <gx:coord>120.08733269758524 30.2406435739249 238.0</gx:coord>
          <gx:coord>120.08733227849008 30.240657487884164 240.0</gx:coord>
          <gx:coord>120.08732791990042 30.24066712707281 241.0</gx:coord>
          <gx:coord>120.0873257406056 30.240667881444097 241.0</gx:coord>
          <gx:coord>120.0873027741909 30.240662097930908 242.0</gx:coord>
          <gx:coord>120.08729070425034 30.24065287783742 242.0</gx:coord>
          <gx:coord>120.08727863430975 30.24065514095128 244.0</gx:coord>
          <gx:coord>120.0872517284006 30.24064944125712 245.0</gx:coord>
          <gx:coord>120.08722356520592 30.240654051303864 246.0</gx:coord>
          <gx:coord>120.08720344863832 30.240666791796684 247.0</gx:coord>
          <gx:coord>120.08714494295418 30.240683974698182 248.0</gx:coord>
          <gx:coord>120.087133878842 30.24067802354693 249.0</gx:coord>
          <gx:coord>120.08710697293282 30.24067835882306 250.0</gx:coord>
          <gx:coord>120.08707118220627 30.24070275016129 251.0</gx:coord>
          <gx:coord>120.08704419247806 30.240706270560626 253.0</gx:coord>
          <gx:coord>120.0870268419385 30.240728398784995 254.0</gx:coord>
          <gx:coord>120.08701167069376 30.240729488432407 258.0</gx:coord>
          <gx:coord>120.08695157244802 30.240738121792678 258.0</gx:coord>
          <gx:coord>120.08694050833584 30.240743653848767 259.0</gx:coord>
          <gx:coord>120.08693497627974 30.240750024095178 259.0</gx:coord>
          <gx:coord>120.08692701347172 30.240756142884493 259.0</gx:coord>
          <gx:coord>120.08692868985236 30.240764943882823 260.0</gx:coord>
          <gx:coord>120.08691092021763 30.240780115127563 260.0</gx:coord>
          <gx:coord>120.08690304122864 30.240784557536244 261.0</gx:coord>
          <gx:coord>120.08689407259226 30.24078388698399 261.0</gx:coord>
          <gx:coord>120.08688895963132 30.240787910297517 261.0</gx:coord>
          <gx:coord>120.08684889413416 30.240795705467463 262.0</gx:coord>
          <gx:coord>120.08681553415954 30.24080685339868 263.0</gx:coord>
          <gx:coord>120.08677454665305 30.240829652175307 264.0</gx:coord>
          <gx:coord>120.08671201765536 30.240868041291836 265.0</gx:coord>
          <gx:coord>120.08671218529344 30.240862760692835 266.0</gx:coord>
          <gx:coord>120.08668812923132 30.240863682702184 267.0</gx:coord>
          <gx:coord>120.08663582615554 30.240886313840747 269.0</gx:coord>
          <gx:coord>120.08660565130413 30.24088765494525 270.0</gx:coord>
          <gx:coord>120.08658436127008 30.240887152031064 271.0</gx:coord>
          <gx:coord>120.08652769960464 30.240903329104185 272.0</gx:coord>
          <gx:coord>120.08649945259094 30.24092554114759 273.0</gx:coord>
          <gx:coord>120.08645343594252 30.24098278954625 274.0</gx:coord>
          <gx:coord>120.0864345766604 30.241003995761275 275.0</gx:coord>
          <gx:coord>120.086430888623 30.24101254530251 275.0</gx:coord>
          <gx:coord>120.08642988279462 30.24101640097797 275.0</gx:coord>
          <gx:coord>120.08642091415824 30.24102905765176 277.0</gx:coord>
          <gx:coord>120.08638462051748 30.241048838943243 278.0</gx:coord>
          <gx:coord>120.0863362569362 30.241106254979968 279.0</gx:coord>
          <gx:coord>120.08627632632852 30.24114992469549 280.0</gx:coord>
          <gx:coord>120.08623567409812 30.241179428994656 281.0</gx:coord>
          <gx:coord>120.08618915453552 30.241223853081465 282.0</gx:coord>
          <gx:coord>120.08619150146842 30.24122242815793 283.0</gx:coord>
          <gx:coord>120.08617800660431 30.24121806956828 283.0</gx:coord>
          <gx:coord>120.08616602048278 30.241222260519866 284.0</gx:coord>
          <gx:coord>120.08613115176558 30.24124715477228 284.0</gx:coord>
          <gx:coord>120.08610357530416 30.24124824441969 285.0</gx:coord>
          <gx:coord>120.086084716022 30.24125788360834 286.0</gx:coord>
          <gx:coord>120.08604984730482 30.24128713645041 287.0</gx:coord>
          <gx:coord>120.08603668771684 30.241298535838723 287.0</gx:coord>
          <gx:coord>120.08603434078395 30.241317814216018 288.0</gx:coord>
          <gx:coord>120.086026545614 30.24132125079632 288.0</gx:coord>
          <gx:coord>120.08602235466242 30.241320747882128 288.0</gx:coord>
          <gx:coord>120.08599125780164 30.241320077329878 289.0</gx:coord>
          <gx:coord>120.0859726499766 30.24131605401635 290.0</gx:coord>
          <gx:coord>120.085920849815 30.24135628715157 291.0</gx:coord>
          <gx:coord>120.0859012361616 30.241375984624028 292.0</gx:coord>
          <gx:coord>120.08587743155658 30.241391574963927 294.0</gx:coord>
          <gx:coord>120.08586762472989 30.24139610119164 295.0</gx:coord>
          <gx:coord>120.08583501912652 30.24140247143805 296.0</gx:coord>
          <gx:coord>120.0858294032514 30.24141781032085 297.0</gx:coord>
          <gx:coord>120.08577844128013 30.241461982950568 298.0</gx:coord>
          <gx:coord>120.08574969135223 30.241459049284455 298.0</gx:coord>
          <gx:coord>120.08575094863772 30.24150749668479 299.0</gx:coord>
          <gx:coord>120.0857511162758 30.2415381744504 308.0</gx:coord>
          <gx:coord>120.0857210252434 30.241614198312163 310.0</gx:coord>
          <gx:coord>120.085727898404 30.241711512207985 311.0</gx:coord>
          <gx:coord>120.08577642962337 30.2418006118387 311.0</gx:coord>
          <gx:coord>120.0858370307833 30.241889292374253 310.0</gx:coord>
          <gx:coord>120.08589344099164 30.241975039243695 311.0</gx:coord>
          <gx:coord>120.08595798164606 30.242052571848035 313.0</gx:coord>
          <gx:coord>120.08602193556726 30.242133289575577 318.0</gx:coord>
          <gx:coord>120.08607524447144 30.242216689512134 317.0</gx:coord>
          <gx:coord>120.08615939877927 30.24229371920228 318.0</gx:coord>
          <gx:coord>120.08626459166408 30.24236597120762 319.0</gx:coord>
          <gx:coord>120.0863288808614 30.242460686713457 322.0</gx:coord>
          <gx:coord>120.08643466047944 30.24255213327706 317.0</gx:coord>
          <gx:coord>120.08651244454086 30.242623882368207 317.0</gx:coord>
          <gx:coord>120.0866090040654 30.2426724974066 322.0</gx:coord>
          <gx:coord>120.08669483475389 30.242732679471374 305.0</gx:coord>
          <gx:coord>120.08677094243468 30.24279604665935 320.0</gx:coord>
          <gx:coord>120.08684755302966 30.242856731638312 124.0</gx:coord>
          <gx:coord>120.0869156140834 30.242957649752498 330.0</gx:coord>
          <gx:coord>120.08702893741427 30.24308438412845 328.0</gx:coord>
          <gx:coord>120.087070427835 30.24319133721292 316.0</gx:coord>
          <gx:coord>120.08709481917322 30.243308935314417 327.0</gx:coord>
          <gx:coord>120.08710680529477 30.243416307494044 328.0</gx:coord>
          <gx:coord>120.08709808811544 30.24351974017918 338.0</gx:coord>
          <gx:coord>120.08711887523532 30.243615796789527 331.0</gx:coord>
          <gx:coord>120.08716220967472 30.24371864274144 324.0</gx:coord>
          <gx:coord>120.08719372563064 30.24381159804761 341.0</gx:coord>
          <gx:coord>120.08725156076252 30.24389591999352 330.0</gx:coord>
          <gx:coord>120.08732884190977 30.243974374607205 341.0</gx:coord>
          <gx:coord>120.08739480748773 30.244023324921727 339.0</gx:coord>
          <gx:coord>120.08744174614549 30.24409482255578 340.0</gx:coord>
          <gx:coord>120.08750787936152 30.24417344480753 343.0</gx:coord>
          <gx:coord>120.08759018965064 30.24424284696579 350.0</gx:coord>
          <gx:coord>120.08762975223362 30.24428098462522 346.0</gx:coord>
          <gx:coord>120.0876590050757 30.244357092306014 354.0</gx:coord>
          <gx:coord>120.0876894313842 30.244446275755763 355.0</gx:coord>
          <gx:coord>120.08772362954916 30.244461866095666 358.0</gx:coord>
          <gx:coord>120.0877504516393 30.24448382668197 350.0</gx:coord>
          <gx:coord>120.08777333423495 30.24449774064124 349.0</gx:coord>
          <gx:coord>120.08781490847468 30.24450813420117 350.0</gx:coord>
          <gx:coord>120.08784843608736 30.244519701227546 348.0</gx:coord>
          <gx:coord>120.08788464590909 30.2445393987 347.0</gx:coord>
          <gx:coord>120.0879156589508 30.244543086737394 346.0</gx:coord>
          <gx:coord>120.08792756125332 30.24454979225993 346.0</gx:coord>
          <gx:coord>120.08793694898486 30.244556749239564 345.0</gx:coord>
          <gx:coord>120.08795991539957 30.24456680752337 344.0</gx:coord>
          <gx:coord>120.08801749907434 30.244587007910013 343.0</gx:coord>
          <gx:coord>120.08808488957584 30.24461131542921 342.0</gx:coord>
          <gx:coord>120.08812956511974 30.24462791159749 340.0</gx:coord>
          <gx:coord>120.0881526991725 30.24463662877679 339.0</gx:coord>
          <gx:coord>120.08820148184896 30.24464702233672 337.0</gx:coord>
          <gx:coord>120.08824246935546 30.2446482796222 336.0</gx:coord>
          <gx:coord>120.08829929865897 30.24466797709465 334.0</gx:coord>
          <gx:coord>120.08836459368467 30.24470318108797 333.0</gx:coord>
          <gx:coord>120.08841798640788 30.24473335593939 332.0</gx:coord>
          <gx:coord>120.08843776769936 30.244736541062597 331.0</gx:coord>
          <gx:coord>120.08845620788634 30.24474073201418 330.0</gx:coord>
          <gx:coord>120.08848428726196 30.24473922327161 328.0</gx:coord>
          <gx:coord>120.08849090896548 30.24473880417645 328.0</gx:coord>
          <gx:coord>120.08851437829436 30.244751377031207 328.0</gx:coord>
          <gx:coord>120.08852502331138 30.244763949885964 327.0</gx:coord>
          <gx:coord>120.08853659033775 30.24479068815708 326.0</gx:coord>
          <gx:coord>120.08856064639986 30.244819270446897 324.0</gx:coord>
          <gx:coord>120.08857732638717 30.24483360350132 324.0</gx:coord>
          <gx:coord>120.08858713321388 30.244837794452906 323.0</gx:coord>
          <gx:coord>120.0885991193354 30.24485061876476 322.0</gx:coord>
          <gx:coord>120.0886099319905 30.24485816247761 321.0</gx:coord>
          <gx:coord>120.08866449818017 30.244866209104657 320.0</gx:coord>
          <gx:coord>120.08872359059752 30.24491038173437 318.0</gx:coord>
          <gx:coord>120.08876273408532 30.244945753365755 316.0</gx:coord>
          <gx:coord>120.08878125809132 30.244968300685287 315.0</gx:coord>
          <gx:coord>120.08880464360118 30.24500266648829 313.0</gx:coord>
          <gx:coord>120.08882660418747 30.24502378888428 311.0</gx:coord>
          <gx:coord>120.08883724920452 30.24503502063453 310.0</gx:coord>
          <gx:coord>120.08885191753508 30.2450418099761 309.0</gx:coord>
          <gx:coord>120.08887873962522 30.24506025016308 309.0</gx:coord>
          <gx:coord>120.08889215067028 30.2450695540756 307.0</gx:coord>
          <gx:coord>120.0889122672379 30.2450729906559 306.0</gx:coord>
          <gx:coord>120.0889297015965 30.24507994763553 305.0</gx:coord>
          <gx:coord>120.08893908932804 30.245088078081608 304.0</gx:coord>
          <gx:coord>120.08894311264156 30.245097298175097 304.0</gx:coord>
          <gx:coord>120.08895920589566 30.245099645107985 303.0</gx:coord>
          <gx:coord>120.08898736909032 30.245105428621173 303.0</gx:coord>
          <gx:coord>120.08900480344892 30.245123952627186 301.0</gx:coord>
          <gx:coord>120.08901285007596 30.245141303166747 300.0</gx:coord>
          <gx:coord>120.08902894333004 30.245171478018165 299.0</gx:coord>
          <gx:coord>120.08905040100215 30.24518765509129 299.0</gx:coord>
          <gx:coord>120.08908476680516 30.24519913829863 298.0</gx:coord>
          <gx:coord>120.0891075655818 30.24523233063519 297.0</gx:coord>
          <gx:coord>120.08912064135076 30.245271725580096 297.0</gx:coord>
          <gx:coord>120.0891155283898 30.24527524597943 297.0</gx:coord>
          <gx:coord>120.0891165342182 30.245284298434854 297.0</gx:coord>
          <gx:coord>120.08913153782488 30.24532897397876 296.0</gx:coord>
          <gx:coord>120.08913095109163 30.245339116081595 295.0</gx:coord>
          <gx:coord>120.08912960998714 30.2453578915447 294.0</gx:coord>
          <gx:coord>120.08912592194974 30.2453716378659 293.0</gx:coord>
          <gx:coord>120.0891337171197 30.24538680911064 292.0</gx:coord>
          <gx:coord>120.08913706988096 30.245395777747035 292.0</gx:coord>
          <gx:coord>120.08914486505093 30.245426036417484 291.0</gx:coord>
          <gx:coord>120.0891498941928 30.24544724263251 290.0</gx:coord>
          <gx:coord>120.08914997801185 30.245454953983423 290.0</gx:coord>
          <gx:coord>120.08915701881052 30.245517315343022 288.0</gx:coord>
          <gx:coord>120.0891559291631 30.245535001158714 288.0</gx:coord>
          <gx:coord>120.08915500715376 30.24556257762015 287.0</gx:coord>
          <gx:coord>120.08915601298212 30.245582442730665 287.0</gx:coord>
          <gx:coord>120.08916196413338 30.245613204315305 286.0</gx:coord>
          <gx:coord>120.08916716091336 30.245641451328996 285.0</gx:coord>
          <gx:coord>120.0891696754843 30.24563943967223 285.0</gx:coord>
          <gx:coord>120.08916875347497 30.2456739731133 283.0</gx:coord>
          <gx:coord>120.08916799910368 30.24567699059844 283.0</gx:coord>
          <gx:coord>120.08917009457946 30.24568453431129 282.0</gx:coord>
          <gx:coord>120.08916590362789 30.245705656707287 281.0</gx:coord>
          <gx:coord>120.08917822502552 30.245724683627486 280.0</gx:coord>
          <gx:coord>120.08918962441383 30.245742201805115 279.0</gx:coord>
          <gx:coord>120.08919364772736 30.245744548738003 279.0</gx:coord>
          <gx:coord>120.08919809013604 30.2457482367754 278.0</gx:coord>
          <gx:coord>120.08921057917178 30.24575544521213 277.0</gx:coord>
          <gx:coord>120.08925617672504 30.245801713317636 276.0</gx:coord>
          <gx:coord>120.08926204405724 30.245805317536 276.0</gx:coord>
          <gx:coord>120.08927847258748 30.2458137832582 275.0</gx:coord>
          <gx:coord>120.08928601630032 30.245820824056864 274.0</gx:coord>
          <gx:coord>120.0892923027277 30.24582384154201 273.0</gx:coord>
          <gx:coord>120.08928484283388 30.245832055807117 272.0</gx:coord>
          <gx:coord>120.08933002129196 30.24597563780844 271.0</gx:coord>
          <gx:coord>120.08934343233705 30.24600933305919 272.0</gx:coord>
          <gx:coord>120.0893676560372 30.246070018038157 272.0</gx:coord>
          <gx:coord>120.08937779814003 30.246134223416448 273.0</gx:coord>
          <gx:coord>120.0893924664706 30.24616758339107 274.0</gx:coord>
          <gx:coord>120.08941694162786 30.246226927265525 275.0</gx:coord>
          <gx:coord>120.08942624554038 30.24623950012028 275.0</gx:coord>
          <gx:coord>120.08943605236708 30.24626162834465 276.0</gx:coord>
          <gx:coord>120.08945281617343 30.24628384038806 276.0</gx:coord>
          <gx:coord>120.08946270681918 30.246300688013434 276.0</gx:coord>
          <gx:coord>120.08944552391768 30.24634745903313 277.0</gx:coord>
          <gx:coord>120.08944443427026 30.246357684955 278.0</gx:coord>
          <gx:coord>120.08945809677245 30.246390709653497 278.0</gx:coord>
          <gx:coord>120.08946941234171 30.24640386924148 278.0</gx:coord>
          <gx:coord>120.0894823204726 30.246428344398737 279.0</gx:coord>
          <gx:coord>120.08948827162384 30.246432786807414 279.0</gx:coord>
          <gx:coord>120.08949698880316 30.246451646089557 279.0</gx:coord>
          <gx:coord>120.0895050354302 30.246463464573026 280.0</gx:coord>
          <gx:coord>120.08951333351432 30.24648760445416 280.0</gx:coord>
          <gx:coord>120.0895198713988 30.246510738506917 281.0</gx:coord>
          <gx:coord>120.08951861411332 30.24652272462845 281.0</gx:coord>
          <gx:coord>120.08950855582952 30.24653722532093 281.0</gx:coord>
          <gx:coord>120.08949832990766 30.24654963053763 282.0</gx:coord>
          <gx:coord>120.08951308205724 30.246604280546308 283.0</gx:coord>
          <gx:coord>120.08952020667492 30.24662238545716 283.0</gx:coord>
          <gx:coord>120.08952523581684 30.246631102636456 283.0</gx:coord>
          <gx:coord>120.089528337121 30.24669321253896 284.0</gx:coord>
          <gx:coord>120.08952791802584 30.246707629412413 284.0</gx:coord>
          <gx:coord>120.08953034877776 30.246725315228105 284.0</gx:coord>
          <gx:coord>120.08953881449996 30.24674509651959 285.0</gx:coord>
          <gx:coord>120.08954392746092 30.24675272405148 285.0</gx:coord>
          <gx:coord>120.08953847922383 30.24678063578904 286.0</gx:coord>
          <gx:coord>120.08953453972936 30.246799578890204 286.0</gx:coord>
          <gx:coord>120.08953001350164 30.24680871516466 287.0</gx:coord>
          <gx:coord>120.08952666074038 30.246828999370337 287.0</gx:coord>
          <gx:coord>120.089530935511 30.24684048257768 287.0</gx:coord>
          <gx:coord>120.0895673967898 30.246858838945627 289.0</gx:coord>
          <gx:coord>120.0896070431918 30.246872920542955 289.0</gx:coord>
          <gx:coord>120.08963478729127 30.24687116034329 289.0</gx:coord>
          <gx:coord>120.08966160938144 30.24689261801541 290.0</gx:coord>
          <gx:coord>120.08980703540146 30.24691927246749 291.0</gx:coord>
          <gx:coord>120.08994550444186 30.246909046545625 292.0</gx:coord>
          <gx:coord>120.08999009616672 30.246929666027427 293.0</gx:coord>
          <gx:coord>120.09005539119244 30.24694064632058 294.0</gx:coord>
          <gx:coord>120.0900764297694 30.246932180598375 294.0</gx:coord>
          <gx:coord>120.0900883320719 30.246930923312902 294.0</gx:coord>
          <gx:coord>120.09014742448926 30.246936958283182 295.0</gx:coord>
          <gx:coord>120.09019335731864 30.246958751231432 296.0</gx:coord>
          <gx:coord>120.09021037258208 30.246961852535605 296.0</gx:coord>
          <gx:coord>120.09022068232298 30.24696637876332 296.0</gx:coord>
          <gx:coord>120.09029595181346 30.24701482616365 297.0</gx:coord>
          <gx:coord>120.09033610112964 30.247021447867155 297.0</gx:coord>
          <gx:coord>120.0903822015971 30.24703787639737 297.0</gx:coord>
          <gx:coord>120.09041044861078 30.24704894050956 297.0</gx:coord>
          <gx:coord>120.0904334988445 30.24705732241273 297.0</gx:coord>
          <gx:coord>120.0904516875744 30.247063944116235 297.0</gx:coord>
          <gx:coord>120.09046392515302 30.247071404010057 297.0</gx:coord>
          <gx:coord>120.09048722684383 30.2470828872174 298.0</gx:coord>
          <gx:coord>120.09051480330528 30.24709587916732 298.0</gx:coord>
          <gx:coord>120.0905515998602 30.247098561376333 299.0</gx:coord>
          <gx:coord>120.0906049925834 30.24711214005947 297.0</gx:coord>
          <gx:coord>120.09061957709493 30.247108954936262 297.0</gx:coord>
          <gx:coord>120.09066081605852 30.247120521962643 297.0</gx:coord>
          <gx:coord>120.09068327955902 30.24713016115129 297.0</gx:coord>
          <gx:coord>120.09073298424482 30.247155893594027 297.0</gx:coord>
          <gx:coord>120.09082518517972 30.24722211062908 296.0</gx:coord>
          <gx:coord>120.09095443412662 30.247363429516557 296.0</gx:coord>
          <gx:coord>120.09099332615732 30.247405422851443 297.0</gx:coord>
          <gx:coord>120.09102526120842 30.247425120323896 297.0</gx:coord>
          <gx:coord>120.09104403667152 30.247441297397017 297.0</gx:coord>
          <gx:coord>120.09105459786952 30.24746577255428 297.0</gx:coord>
          <gx:coord>120.09108292870224 30.247483290731907 298.0</gx:coord>
          <gx:coord>120.09109432809056 30.247486056759957 298.0</gx:coord>
          <gx:coord>120.09112492203712 30.247512040659785 299.0</gx:coord>
          <gx:coord>120.09118225425482 30.247550010681152 299.0</gx:coord>
          <gx:coord>120.09121108800171 30.24757163599133 299.0</gx:coord>
          <gx:coord>120.09133799001576 30.24766727350652 300.0</gx:coord>
          <gx:coord>120.09135810658336 30.24768428876996 300.0</gx:coord>
          <gx:coord>120.0913846772164 30.247689820826054 300.0</gx:coord>
          <gx:coord>120.09140504524112 30.247700214385983 300.0</gx:coord>
          <gx:coord>120.0915062148124 30.24776534177363 300.0</gx:coord>
          <gx:coord>120.09158257395028 30.247818483039737 300.0</gx:coord>
          <gx:coord>120.09163479320704 30.24788654409349 301.0</gx:coord>
          <gx:coord>120.0916515570134 30.24790456518531 301.0</gx:coord>
          <gx:coord>120.091713918373 30.247960472479463 300.0</gx:coord>
          <gx:coord>120.09173537604512 30.247983941808343 300.0</gx:coord>
          <gx:coord>120.09178600274026 30.24804236367345 300.0</gx:coord>
          <gx:coord>120.091798491776 30.24809776805341 300.0</gx:coord>
          <gx:coord>120.09181106463076 30.24817002005875 301.0</gx:coord>
          <gx:coord>120.0918548181653 30.248287366703156 301.0</gx:coord>
          <gx:coord>120.09194031357764 30.248326091095805 302.0</gx:coord>
          <gx:coord>120.09203284978868 30.248308405280117 302.0</gx:coord>
          <gx:coord>120.0921241287142 30.248278565704823 302.0</gx:coord>
          <gx:coord>120.09218045510352 30.24825886823237 302.0</gx:coord>
          <gx:coord>120.09223150089385 30.248242607340217 302.0</gx:coord>
          <gx:coord>120.09227760136127 30.248228693380952 302.0</gx:coord>
          <gx:coord>120.09234893135726 30.248216707259417 301.0</gx:coord>
          <gx:coord>120.09240190498532 30.24820782244205 301.0</gx:coord>
          <gx:coord>120.0924837961793 30.248196171596646 300.0</gx:coord>
          <gx:coord>120.092520006001 30.248183431103826 300.0</gx:coord>
          <gx:coord>120.09258169680834 30.24816834367812 300.0</gx:coord>
          <gx:coord>120.0926246959716 30.248149819672108 300.0</gx:coord>
          <gx:coord>120.09268638677896 30.24813825264573 300.0</gx:coord>
          <gx:coord>120.09275168180466 30.24813188239932 300.0</gx:coord>
          <gx:coord>120.092868860811 30.248096510767937 300.0</gx:coord>
          <gx:coord>120.09292124770582 30.2480744663626 300.0</gx:coord>
          <gx:coord>120.09295796044172 30.248063737526536 300.0</gx:coord>
          <gx:coord>120.09297187440096 30.248056780546904 300.0</gx:coord>
          <gx:coord>120.09298075921834 30.248028030619025 300.0</gx:coord>
          <gx:coord>120.09304353967308 30.247990479692817 300.0</gx:coord>
          <gx:coord>120.09307019412518 30.24796667508781 302.0</gx:coord>
          <gx:coord>120.09309433400632 30.247971285134557 302.0</gx:coord>
          <gx:coord>120.09312802925706 30.24795426987112 302.0</gx:coord>
          <gx:coord>120.09322282858191 30.24793884716928 302.0</gx:coord>
          <gx:coord>120.09323389269412 30.247928453609347 302.0</gx:coord>
          <gx:coord>120.09328896179797 30.247884364798665 302.0</gx:coord>
          <gx:coord>120.09338418021798 30.24782300926745 302.0</gx:coord>
          <gx:coord>120.09343254379928 30.24779375642538 302.0</gx:coord>
          <gx:coord>120.09345777332784 30.24777280166745 302.0</gx:coord>
          <gx:coord>120.09346841834486 30.247758384794 301.0</gx:coord>
          <gx:coord>120.09346791543068 30.24775369092822 301.0</gx:coord>
          <gx:coord>120.0935010239482 30.2477324847132 301.0</gx:coord>
          <gx:coord>120.09356246329844 30.24771748110652 300.0</gx:coord>
          <gx:coord>120.09360428899528 30.24769669398665 300.0</gx:coord>
          <gx:coord>120.0936311110854 30.247689737007025 298.0</gx:coord>
          <gx:coord>120.09365131147206 30.247678086161613 297.0</gx:coord>
          <gx:coord>120.09365533478558 30.24765838868916 296.0</gx:coord>
          <gx:coord>120.09365667589007 30.247643385082483 295.0</gx:coord>
          <gx:coord>120.09365357458591 30.24761438369751 295.0</gx:coord>
          <gx:coord>120.09362440556288 30.247606337070465 295.0</gx:coord>
          <gx:coord>120.09360353462398 30.247601559385657 294.0</gx:coord>
          <gx:coord>120.09362583048642 30.247571552172303 294.0</gx:coord>
          <gx:coord>120.09362976998092 30.247547244653106 294.0</gx:coord>
          <gx:coord>120.0936337094754 30.247522182762623 293.0</gx:coord>
          <gx:coord>120.09361233562232 30.247519752010703 293.0</gx:coord>
          <gx:coord>120.09360546246172 30.247518830001358 292.0</gx:coord>
          <gx:coord>120.0936109945178 30.247499719262123 291.0</gx:coord>
          <gx:coord>120.093640582636 30.24747423827648 290.0</gx:coord>
          <gx:coord>120.09363790042698 30.24745219387114 289.0</gx:coord>
          <gx:coord>120.09361912496388 30.24743601679802 288.0</gx:coord>
          <gx:coord>120.0935761258006 30.24741866625845 287.0</gx:coord>
          <gx:coord>120.09353186935186 30.247403578832746 287.0</gx:coord>
          <gx:coord>120.09356196038424 30.247365860268477 286.0</gx:coord>
          <gx:coord>120.09357210248707 30.247363932430744 285.0</gx:coord>
          <gx:coord>120.09358249604702 30.247359909117225 285.0</gx:coord>
          <gx:coord>120.09359758347271 30.24734909646213 284.0</gx:coord>
          <gx:coord>120.09361778385936 30.247331745922565 284.0</gx:coord>
          <gx:coord>120.09362851269545 30.247328225523237 283.0</gx:coord>
          <gx:coord>120.09363119490445 30.247344486415383 282.0</gx:coord>
          <gx:coord>120.09364862926304 30.24735144339502 282.0</gx:coord>
          <gx:coord>120.0936593580991 30.247353706508875 282.0</gx:coord>
          <gx:coord>120.09367008693516 30.247357226908207 282.0</gx:coord>
          <gx:coord>120.09369020350276 30.24736418388784 282.0</gx:coord>
          <gx:coord>120.09370227344334 30.247369967401028 281.0</gx:coord>
          <gx:coord>120.09371702559292 30.247372230514884 281.0</gx:coord>
          <gx:coord>120.09372775442898 30.24737918749452 280.0</gx:coord>
          <gx:coord>120.09374124929307 30.24737918749452 279.0</gx:coord>
          <gx:coord>120.0937613658607 30.24738388136029 278.0</gx:coord>
          <gx:coord>120.09379221126436 30.24738614447415 278.0</gx:coord>
          <gx:coord>120.09380696341395 30.24737684056163 277.0</gx:coord>
          <gx:coord>120.09381098672748 30.247353706508875 277.0</gx:coord>
          <gx:coord>120.09381903335452 30.247344402596354 277.0</gx:coord>
          <gx:coord>120.09381366893648 30.247316658496857 275.0</gx:coord>
          <gx:coord>120.09378282353282 30.24729461409152 274.0</gx:coord>
          <gx:coord>120.0937439315021 30.24727148003876 274.0</gx:coord>
          <gx:coord>120.09371434338392 30.247241389006376 274.0</gx:coord>
          <gx:coord>120.0936868507415 30.247235605493188 274.0</gx:coord>
          <gx:coord>120.09365843608975 30.247224709019065 273.0</gx:coord>
          <gx:coord>120.09364728815854 30.247213561087847 273.0</gx:coord>
          <gx:coord>120.09363655932248 30.247203167527918 272.0</gx:coord>
          <gx:coord>120.093645863235 30.24719730019569 271.0</gx:coord>
          <gx:coord>120.09364846162498 30.24719763547182 271.0</gx:coord>
          <gx:coord>120.09365005418658 30.247186068445444 270.0</gx:coord>
          <gx:coord>120.09365315549076 30.247173076495528 269.0</gx:coord>
          <gx:coord>120.09363362565637 30.247152792289853 269.0</gx:coord>
          <gx:coord>120.09362641721964 30.24714809842408 269.0</gx:coord>
          <gx:coord>120.09366338141264 30.24711742065847 268.0</gx:coord>
          <gx:coord>120.09363521821795 30.247107027098536 267.0</gx:coord>
          <gx:coord>120.09360705502333 30.247097723186016 266.0</gx:coord>
          <gx:coord>120.09359096176922 30.247088503092527 266.0</gx:coord>
          <gx:coord>120.09358425624669 30.247068805620074 264.0</gx:coord>
          <gx:coord>120.0935869384557 30.24704910814762 264.0</gx:coord>
          <gx:coord>120.09360839612782 30.24703519418836 263.0</gx:coord>
          <gx:coord>120.09362583048642 30.247029410675168 263.0</gx:coord>
          <gx:coord>120.09365533478558 30.2470432408154 262.0</gx:coord>
          <gx:coord>120.09369565173984 30.24705254472792 261.0</gx:coord>
          <gx:coord>120.09373320266604 30.247065285220742 260.0</gx:coord>
          <gx:coord>120.0937600247562 30.247075678780675 259.0</gx:coord>
          <gx:coord>120.09380159899592 30.247081462293863 253.0</gx:coord>
          <gx:coord>120.09378550574183 30.24701432324946 253.0</gx:coord>
          <gx:coord>120.0937801413238 30.24699227884412 252.0</gx:coord>
          <gx:coord>120.09377477690578 30.246972581371665 251.0</gx:coord>
          <gx:coord>120.0937788002193 30.246954057365656 251.0</gx:coord>
          <gx:coord>120.09377343580128 30.24693318642676 250.0</gx:coord>
          <gx:coord>120.09377343580128 30.246906531974677 250.0</gx:coord>
          <gx:coord>120.09378282353282 30.24688339792192 249.0</gx:coord>
          <gx:coord>120.0937788002193 30.24686135351658 248.0</gx:coord>
          <gx:coord>120.09380570612848 30.2468497864902 247.0</gx:coord>
          <gx:coord>120.09382045827806 30.24685095995665 246.0</gx:coord>
          <gx:coord>120.09383789263666 30.24685095995665 246.0</gx:coord>
          <gx:coord>120.0938459392637 30.246844002977014 245.0</gx:coord>
          <gx:coord>120.0938620325178 30.24683201685548 245.0</gx:coord>
          <gx:coord>120.09386739693582 30.24681500159204 244.0</gx:coord>
          <gx:coord>120.09389287792146 30.24677334353328 243.0</gx:coord>
          <gx:coord>120.09384862147272 30.246732775121927 243.0</gx:coord>
          <gx:coord>120.09381375275552 30.246703773736957 242.0</gx:coord>
          <gx:coord>120.0938078854233 30.24670612066984 242.0</gx:coord>
          <gx:coord>120.09384845383464 30.24668952450156 241.0</gx:coord>
          <gx:coord>120.09388172999024 30.246685417369008 240.0</gx:coord>
          <gx:coord>120.09391006082296 30.246680891141292 239.0</gx:coord>
          <gx:coord>120.09395901113749 30.24670159444213 237.0</gx:coord>
          <gx:coord>120.09397476911543 30.24668985977769 236.0</gx:coord>
          <gx:coord>120.09398952126504 30.24667946621776 235.0</gx:coord>
          <gx:coord>120.09395062923431 30.24664585478604 234.0</gx:coord>
          <gx:coord>120.09393587708472 30.24662498384714 233.0</gx:coord>
          <gx:coord>120.09392380714417 30.246594892814755 233.0</gx:coord>
          <gx:coord>120.0939305126667 30.246585588902235 232.0</gx:coord>
          <gx:coord>120.09393319487572 30.246575195342302 232.0</gx:coord>
          <gx:coord>120.09395331144331 30.24655315093696 231.0</gx:coord>
          <gx:coord>120.09396135807036 30.24654619395733 231.0</gx:coord>
          <gx:coord>120.09399086236954 30.246543930843472 230.0</gx:coord>
          <gx:coord>120.09401097893716 30.2465358003974 229.0</gx:coord>
          <gx:coord>120.09404190815984 30.24652766995132 229.0</gx:coord>
          <gx:coord>120.09408348239958 30.246533453464508 228.0</gx:coord>
          <gx:coord>120.09412463754416 30.246560778468847 228.0</gx:coord>
          <gx:coord>120.09416135028005 30.246548540890217 227.0</gx:coord>
          <gx:coord>120.09423108771443 30.24651601910591 225.0</gx:coord>
          <gx:coord>120.09424583986402 30.246463967487216 223.0</gx:coord>
          <gx:coord>120.09424718096852 30.246393224224448 223.0</gx:coord>
          <gx:coord>120.0942754279822 30.24634108878672 224.0</gx:coord>
          <gx:coord>120.09423385374248 30.246246121823788 225.0</gx:coord>
          <gx:coord>120.09430627338588 30.2462369017303 227.0</gx:coord>
          <gx:coord>120.09428481571376 30.24619976989925 227.0</gx:coord>
          <gx:coord>120.09431432001293 30.24616506882012 225.0</gx:coord>
          <gx:coord>120.09438280016184 30.246152244508263 224.0</gx:coord>
          <gx:coord>120.09446335025132 30.24618702940643 223.0</gx:coord>
          <gx:coord>120.09452638216317 30.246176552027464 222.0</gx:coord>
          <gx:coord>120.09456812404096 30.2461988478899 221.0</gx:coord>
          <gx:coord>120.09462168440224 30.246161464601755 220.0</gx:coord>
          <gx:coord>120.09466057643294 30.246151071041822 218.0</gx:coord>
          <gx:coord>120.09468739852308 30.24616959504783 217.0</gx:coord>
          <gx:coord>120.0947384443134 30.246176552027464 216.0</gx:coord>
          <gx:coord>120.09478538297115 30.24614411406219 217.0</gx:coord>
          <gx:coord>120.09483240544796 30.246074628084894 219.0</gx:coord>
          <gx:coord>120.09486325085165 30.24602827616036 220.0</gx:coord>
          <gx:coord>120.09490348398684 30.245992317795757 221.0</gx:coord>
          <gx:coord>120.09491831995548 30.24594596587121 222.0</gx:coord>
          <gx:coord>120.09494648315012 30.24591931141913 223.0</gx:coord>
          <gx:coord>120.09499342180789 30.24587069638073 223.0</gx:coord>
          <gx:coord>120.09503105655313 30.24583825841546 224.0</gx:coord>
          <gx:coord>120.0950619019568 30.245796516537663 224.0</gx:coord>
          <gx:coord>120.09509140625596 30.24576986208558 224.0</gx:coord>
          <gx:coord>120.0951155461371 30.245736250653863 224.0</gx:coord>
          <gx:coord>120.09515318088232 30.24570615962148 224.0</gx:coord>
          <gx:coord>120.0951826851815 30.245689898729324 225.0</gx:coord>
          <gx:coord>120.09522425942124 30.24566676467657 223.0</gx:coord>
          <gx:coord>120.09528871625662 30.24565402418375 222.0</gx:coord>
          <gx:coord>120.09533431380989 30.2456377632916 221.0</gx:coord>
          <gx:coord>120.09538133628666 30.245634326711297 220.0</gx:coord>
          <gx:coord>120.09538133628666 30.245634326711297 220.0</gx:coord>
          <gx:coord>120.0954577792436 30.245627369731665 203.0</gx:coord>
          <gx:coord>120.09549541398884 30.2456134557724 202.0</gx:coord>
          <gx:coord>120.09551687166096 30.245606498792768 199.0</gx:coord>
          <gx:coord>120.095527600497 30.24560415185988 199.0</gx:coord>
          <gx:coord>120.09553698822856 30.245605325326324 197.0</gx:coord>
          <gx:coord>120.09555844590068 30.245593758299947 196.0</gx:coord>
          <gx:coord>120.09558937512338 30.245587890967727 196.0</gx:coord>
          <gx:coord>120.09561351500452 30.245575150474902 195.0</gx:coord>
          <gx:coord>120.09563899599016 30.24556702002883 179.0</gx:coord>
          <gx:coord>120.09565643034875 30.245562409982085 176.0</gx:coord>
          <gx:coord>120.095694065094 30.24557054042816 175.0</gx:coord>
          <gx:coord>120.0957316160202 30.2455600630492 175.0</gx:coord>
          <gx:coord>120.09576380252838 30.245552016422156 175.0</gx:coord>
          <gx:coord>120.09580814279616 30.24554614908993 173.0</gx:coord>
          <gx:coord>120.0958537403494 30.245536928996444 173.0</gx:coord>
          <gx:coord>120.09589397348464 30.245528798550367 172.0</gx:coord>
          <gx:coord>120.09592892602086 30.245525361970067 146.0</gx:coord>
          <gx:coord>120.09595843032002 30.24552301503718 145.0</gx:coord>
          <gx:coord>120.0959906168282 30.24552184157073 144.0</gx:coord>
          <gx:coord>120.09607921354473 30.245525278151035 143.0</gx:coord>
          <gx:coord>120.09614501148462 30.24552184157073 142.0</gx:coord>
          <gx:coord>120.09625104255974 30.24554849602282 139.0</gx:coord>
          <gx:coord>120.0963154155761 30.245565846562386 139.0</gx:coord>
          <gx:coord>120.09637584909795 30.245591327548027 138.0</gx:coord>
          <gx:coord>120.0964174233377 30.245607504621148 138.0</gx:coord>
          <gx:coord>120.09646033868194 30.24561446160078 137.0</gx:coord>
          <gx:coord>120.0964845623821 30.245622592046857 137.0</gx:coord>
          <gx:coord>120.09650736115871 30.24563298560679 136.0</gx:coord>
          <gx:coord>120.09652881883083 30.24564572609961 135.0</gx:coord>
          <gx:coord>120.09654491208494 30.24564689956605 135.0</gx:coord>
          <gx:coord>120.0965569820255 30.2456515096128 135.0</gx:coord>
          <gx:coord>120.09657843969762 30.24566425010562 134.0</gx:coord>
          <gx:coord>120.09661339223383 30.245675900951028 133.0</gx:coord>
          <gx:coord>120.09663484990595 30.24568285793066 132.0</gx:coord>
          <gx:coord>120.09666435420512 30.24570138193667 132.0</gx:coord>
          <gx:coord>120.09669804945588 30.245714792981744 148.0</gx:coord>
          <gx:coord>120.09671690873802 30.245714373886585 147.0</gx:coord>
          <gx:coord>120.09675513021648 30.245731808245186 146.0</gx:coord>
          <gx:coord>120.09681531228124 30.2457619830966 145.0</gx:coord>
          <gx:coord>120.09684992954136 30.245781932026148 144.0</gx:coord>
          <gx:coord>120.0968897435814 30.24580062367022 143.0</gx:coord>
          <gx:coord>120.0968981254846 30.245798779651523 143.0</gx:coord>
          <gx:coord>120.09693073108792 30.245810598134995 142.0</gx:coord>
          <gx:coord>120.0969668570906 30.245826859027147 141.0</gx:coord>
          <gx:coord>120.09699326008558 30.24584555067122 140.0</gx:coord>
          <gx:coord>120.09702729061246 30.245888717472557 140.0</gx:coord>
          <gx:coord>120.09704573079944 30.245907409116622 139.0</gx:coord>
          <gx:coord>120.09713977575302 30.245959293097258 138.0</gx:coord>
          <gx:coord>120.09716232307257 30.2459898032248 137.0</gx:coord>
          <gx:coord>120.09720255620778 30.24600480683148 136.0</gx:coord>
          <gx:coord>120.09722937829792 30.24602919816971 135.0</gx:coord>
          <gx:coord>120.09723742492496 30.24604772217572 134.0</gx:coord>
          <gx:coord>120.09727103635667 30.246094074100256 133.0</gx:coord>
          <gx:coord>120.0972911529243 30.246112598106265 132.0</gx:coord>
          <gx:coord>120.0973072461784 30.24613455869257 132.0</gx:coord>
          <gx:coord>120.09733809158206 30.246160039678216 130.0</gx:coord>
          <gx:coord>120.09740925394 30.246263137087222 129.0</gx:coord>
          <gx:coord>120.09746465831996 30.246331533417106 128.0</gx:coord>
          <gx:coord>120.09755970910192 30.246493723243475 128.0</gx:coord>
          <gx:coord>120.09757504798472 30.246539739891887 128.0</gx:coord>
          <gx:coord>120.09759441018105 30.24655507877469 128.0</gx:coord>
          <gx:coord>120.0976051390171 30.2465736027807 129.0</gx:coord>
          <gx:coord>120.09762668050826 30.24658869020641 129.0</gx:coord>
          <gx:coord>120.09764545597136 30.246609561145306 130.0</gx:coord>
          <gx:coord>120.0976521614939 30.24665356613696 130.0</gx:coord>
          <gx:coord>120.09768434800208 30.24667670018971 130.0</gx:coord>
          <gx:coord>120.09775819256902 30.24674853309989 130.0</gx:coord>
          <gx:coord>120.09779842570424 30.246786754578352 130.0</gx:coord>
          <gx:coord>120.0978091545403 30.246805362403396 131.0</gx:coord>
          <gx:coord>120.09785617701708 30.24682036601007 131.0</gx:coord>
          <gx:coord>120.09788836352529 30.24684358388185 130.0</gx:coord>
          <gx:coord>120.0979407504201 30.246865544468164 130.0</gx:coord>
          <gx:coord>120.09798098355532 30.24689219892025 129.0</gx:coord>
          <gx:coord>120.09800914674996 30.24690954945981 127.0</gx:coord>
          <gx:coord>120.09808315895498 30.24695036932826 126.0</gx:coord>
          <gx:coord>120.09812674485148 30.24698037654161 125.0</gx:coord>
          <gx:coord>120.09814141318202 30.2469898480922 125.0</gx:coord>
          <gx:coord>120.09817963466048 30.24701038375497 124.0</gx:coord>
          <gx:coord>120.09820260107516 30.247026309370995 123.0</gx:coord>
          <gx:coord>120.09827066212893 30.24707450531423 122.0</gx:coord>
          <gx:coord>120.09834199212492 30.2471262216568 121.0</gx:coord>
          <gx:coord>120.0983849912882 30.24713896214962 120.0</gx:coord>
          <gx:coord>120.09840376675128 30.24714474566281 119.0</gx:coord>
          <gx:coord>120.0984447542578 30.247170981019732 118.0</gx:coord>
          <gx:coord>120.0984590034932 30.247173830866814 118.0</gx:coord>
          <gx:coord>120.09848448447885 30.24719034321606 117.0</gx:coord>
          <gx:coord>120.09852186776698 30.247209537774324 117.0</gx:coord>
          <gx:coord>120.09855757467447 30.24722889997065 116.0</gx:coord>
          <gx:coord>120.09858557023108 30.24724482558668 116.0</gx:coord>
          <gx:coord>120.0986588280648 30.24728028103709 116.0</gx:coord>
          <gx:coord>120.09878262877464 30.24733937345445 117.0</gx:coord>
          <gx:coord>120.09883861988784 30.24736720137298 118.0</gx:coord>
          <gx:coord>120.0988480914384 30.247375331819057 118.0</gx:coord>
          <gx:coord>120.098865525797 30.24738572537899 118.0</gx:coord>
          <gx:coord>120.0988816190511 30.247392682358623 120.0</gx:coord>
          <gx:coord>120.09889234788716 30.247397292405367 120.0</gx:coord>
          <gx:coord>120.09890441782773 30.247403075918555 121.0</gx:coord>
          <gx:coord>120.09891112335026 30.24740776978433 121.0</gx:coord>
          <gx:coord>120.09892319329084 30.24740776978433 122.0</gx:coord>
          <gx:coord>120.09894339367747 30.24741355329752 123.0</gx:coord>
          <gx:coord>120.09897574782372 30.247427634894848 124.0</gx:coord>
          <gx:coord>120.0990211777389 30.24744481779635 124.0</gx:coord>
          <gx:coord>120.09903869591652 30.247452948242422 125.0</gx:coord>
          <gx:coord>120.09907758794724 30.24745755828917 126.0</gx:coord>
          <gx:coord>120.09910038672388 30.24747029878199 127.0</gx:coord>
          <gx:coord>120.09911647997797 30.24746677838266 127.0</gx:coord>
          <gx:coord>120.09912997484209 30.24747373536229 127.0</gx:coord>
          <gx:coord>120.09914875030518 30.24747373536229 127.0</gx:coord>
          <gx:coord>120.09915545582771 30.24747608229518 127.0</gx:coord>
          <gx:coord>120.09916752576828 30.247474908828732 128.0</gx:coord>
          <gx:coord>120.09918361902236 30.247474908828732 128.0</gx:coord>
          <gx:coord>120.099209100008 30.24746334180236 126.0</gx:coord>
          <gx:coord>120.09923097677527 30.247459234669805 126.0</gx:coord>
          <gx:coord>120.09925763122736 30.247446494176984 125.0</gx:coord>
          <gx:coord>120.09927581995726 30.24743895046413 125.0</gx:coord>
          <gx:coord>120.0993010494858 30.24741866625845 124.0</gx:coord>
          <gx:coord>120.09932862594724 30.24738572537899 122.0</gx:coord>
          <gx:coord>120.09934874251483 30.2473765052855 122.0</gx:coord>
          <gx:coord>120.09936215355992 30.247368374839425 121.0</gx:coord>
          <gx:coord>120.09939576499164 30.247342893853784 119.0</gx:coord>
          <gx:coord>120.0994225870818 30.247325459495187 118.0</gx:coord>
          <gx:coord>120.09946416132152 30.24731045588851 117.0</gx:coord>
          <gx:coord>120.09948570281269 30.24730810895562 115.0</gx:coord>
          <gx:coord>120.09953130036592 30.24730810895562 114.0</gx:coord>
          <gx:coord>120.09955569170415 30.247306432574987 112.0</gx:coord>
          <gx:coord>120.09959802031516 30.247298972681165 111.0</gx:coord>
          <gx:coord>120.0996221601963 30.24729637429118 111.0</gx:coord>
          <gx:coord>120.09969240054488 30.247281454503536 110.0</gx:coord>
          <gx:coord>120.0997326336801 30.247267624363303 109.0</gx:coord>
          <gx:coord>120.09976758621632 30.24726066738367 109.0</gx:coord>
          <gx:coord>120.0997970905155 30.247250190004703 108.0</gx:coord>
          <gx:coord>120.09981050156055 30.24724792689085 107.0</gx:coord>
          <gx:coord>120.0998293608427 30.247243233025078 107.0</gx:coord>
          <gx:coord>120.09986724704504 30.24723820388317 105.0</gx:coord>
          <gx:coord>120.09988568723202 30.24722160771489 104.0</gx:coord>
          <gx:coord>120.09988979436456 30.24721129797399 104.0</gx:coord>
          <gx:coord>120.09989867918192 30.2472055144608 104.0</gx:coord>
          <gx:coord>120.09992533363402 30.247179195284843 103.0</gx:coord>
          <gx:coord>120.09994612075388 30.24717265740037 102.0</gx:coord>
          <gx:coord>120.09996816515924 30.247155725955963 102.0</gx:coord>
          <gx:coord>120.09998216293752 30.24715505540371 101.0</gx:coord>
          <gx:coord>120.0999969150871 30.247155474498868 101.0</gx:coord>
          <gx:coord>120.10002013295887 30.247137285768986 99.0</gx:coord>
          <gx:coord>120.10004008188844 30.247101997956637 98.0</gx:coord>
          <gx:coord>120.10008425451817 30.247077522799373 97.0</gx:coord>
          <gx:coord>120.10009246878326 30.247059082612395 96.0</gx:coord>
          <gx:coord>120.10011124424636 30.24704173207283 94.0</gx:coord>
          <gx:coord>120.10014208965003 30.24702320806682 93.0</gx:coord>
          <gx:coord>120.10015692561863 30.24700468406081 93.0</gx:coord>
          <gx:coord>120.10017435997725 30.246986160054803 93.0</gx:coord>
          <gx:coord>120.10019045323132 30.246981466189027 92.0</gx:coord>
          <gx:coord>120.10021325200796 30.24695137515664 91.0</gx:coord>
          <gx:coord>120.10023336857556 30.24693863466382 91.0</gx:coord>
          <gx:coord>120.10025356896222 30.246922373771667 90.0</gx:coord>
          <gx:coord>120.10027904994786 30.246895803138614 89.0</gx:coord>
          <gx:coord>120.10030855424702 30.24687610566616 89.0</gx:coord>
          <gx:coord>120.1003327779472 30.24685171432793 88.0</gx:coord>
          <gx:coord>120.10033680126072 30.246843667700887 87.0</gx:coord>
          <gx:coord>120.10036521591246 30.24683251976967 87.0</gx:coord>
          <gx:coord>120.1003740169108 30.246804021298885 85.0</gx:coord>
          <gx:coord>120.10038943961264 30.24677879177034 83.0</gx:coord>
          <gx:coord>120.10041140019894 30.246747694909573 82.0</gx:coord>
          <gx:coord>120.10042112320662 30.246730595827103 81.0</gx:coord>
          <gx:coord>120.10043889284134 30.246722800657157 80.0</gx:coord>
          <gx:coord>120.1004507113248 30.24669572710991 79.0</gx:coord>
          <gx:coord>120.10046646930276 30.246678460389376 79.0</gx:coord>
          <gx:coord>120.10049379430713 30.246654152870175 78.0</gx:coord>
          <gx:coord>120.10050594806673 30.2466235589236 77.0</gx:coord>
          <gx:coord>120.10051801800728 30.246608471497893 77.0</gx:coord>
          <gx:coord>120.10053813457488 30.24659690447152 76.0</gx:coord>
          <gx:coord>120.10054349899292 30.246577206999063 76.0</gx:coord>
          <gx:coord>120.10055967606604 30.246562119573355 75.0</gx:coord>
          <gx:coord>120.10058113373816 30.24654937908053 75.0</gx:coord>
          <gx:coord>120.10059186257422 30.246514678001404 73.0</gx:coord>
          <gx:coord>120.10061332024634 30.24648802354932 73.0</gx:coord>
          <gx:coord>120.100638885051 30.24646019563079 72.0</gx:coord>
          <gx:coord>120.1006536372006 30.24641040712595 71.0</gx:coord>
          <gx:coord>120.10066704824568 30.24639766663313 70.0</gx:coord>
          <gx:coord>120.10067777708171 30.246371012181044 70.0</gx:coord>
          <gx:coord>120.10069663636386 30.2463455311954 69.0</gx:coord>
          <gx:coord>120.1007006596774 30.246330443769693 69.0</gx:coord>
          <gx:coord>120.10070602409542 30.246308483183384 68.0</gx:coord>
          <gx:coord>120.10070627555253 30.246274704113603 67.0</gx:coord>
          <gx:coord>120.10070317424834 30.246267998591065 67.0</gx:coord>
          <gx:coord>120.10070275515318 30.2462472114712 66.0</gx:coord>
          <gx:coord>120.10070275515318 30.246237656101584 66.0</gx:coord>
          <gx:coord>120.10072597302496 30.246209241449836 65.0</gx:coord>
          <gx:coord>120.10074332356452 30.24617713876069 65.0</gx:coord>
          <gx:coord>120.10076721198855 30.246138330549 64.0</gx:coord>
          <gx:coord>120.10077157057822 30.246072029694915 63.0</gx:coord>
          <gx:coord>120.10079596191645 30.24601209908724 61.0</gx:coord>
          <gx:coord>120.10082420893012 30.24599357508123 61.0</gx:coord>
          <gx:coord>120.10087005794048 30.245965495705605 61.0</gx:coord>
          <gx:coord>120.1008888334036 30.245943451300263 60.0</gx:coord>
          <gx:coord>120.10090501047672 30.245923502370715 60.0</gx:coord>
          <gx:coord>120.1009538769722 30.24587052874267 59.0</gx:coord>
          <gx:coord>120.1010054256767 30.24575703777373 58.0</gx:coord>
          <gx:coord>120.10102688334882 30.245680594816804 58.0</gx:coord>
          <gx:coord>120.10120172984898 30.245718229562044 57.0</gx:coord>
          <gx:coord>120.10139862075448 30.24577816016972 57.0</gx:coord>
          <gx:coord>120.10143131017684 30.24579031392932 57.0</gx:coord>
          <gx:coord>120.1014427933842 30.245798360556364 57.0</gx:coord>
          <gx:coord>120.10163323022424 30.245913108810782 56.0</gx:coord>
          <gx:coord>120.10162317194045 30.24594764225185 56.0</gx:coord>
          <gx:coord>120.10154630988836 30.24605987593532 56.0</gx:coord>
          <gx:coord>120.10149283334611 30.24627889506519 57.0</gx:coord>
          <gx:coord>120.10149702429771 30.246298341080543 58.0</gx:coord>
          <gx:coord>120.10150607675314 30.246437145397067 58.0</gx:coord>
          <gx:coord>120.1015168055892 30.246499674394727 58.0</gx:coord>
          <gx:coord>120.10153289884327 30.24655650369823 58.0</gx:coord>
          <gx:coord>120.10155309922992 30.246664211153984 58.0</gx:coord>
          <gx:coord>120.10153155773878 30.2467221301049 58.0</gx:coord>
          <gx:coord>120.10146173648536 30.246787006035447 58.0</gx:coord>
          <gx:coord>120.1013677753508 30.246805530041456 59.0</gx:coord>
          <gx:coord>120.10125503875317 30.246865712106228 60.0</gx:coord>
          <gx:coord>120.1011959463358 30.246976939961318 61.0</gx:coord>
          <gx:coord>120.1011676993221 30.247041815891865 61.0</gx:coord>
          <gx:coord>120.1011301483959 30.247173914685845 61.0</gx:coord>
          <gx:coord>120.10125034488738 30.247247340157628 60.0</gx:coord>
          <gx:coord>120.1012868899852 30.24726108647883 59.0</gx:coord>
          <gx:coord>120.10129887610674 30.24726754054427 59.0</gx:coord>
          <gx:coord>120.10132133960724 30.247295033186678 59.0</gx:coord>
          <gx:coord>120.10134623385966 30.24731481447816 59.0</gx:coord>
          <gx:coord>120.101362997666 30.247339038178325 59.0</gx:coord>
          <gx:coord>120.10141873732208 30.247424198314548 59.0</gx:coord>
          <gx:coord>120.101318070665 30.247514471411705 59.0</gx:coord>
          <gx:coord>120.10115831159057 30.24760021828115 60.0</gx:coord>
          <gx:coord>120.1010334212333 30.24764657020569 61.0</gx:coord>
          <gx:coord>120.10102403350174 30.247674314305183 61.0</gx:coord>
          <gx:coord>120.10104817338288 30.247767018154263 63.0</gx:coord>
          <gx:coord>120.10105756111444 30.2478133700788 63.0</gx:coord>
          <gx:coord>120.1010817848146 30.2478342410177 64.0</gx:coord>
          <gx:coord>120.10105353780092 30.247858548536897 65.0</gx:coord>
          <gx:coord>120.1010347623378 30.247879419475797 66.0</gx:coord>
          <gx:coord>120.10100525803864 30.247910683974624 67.0</gx:coord>
          <gx:coord>120.10099310427904 30.24792107753456 68.0</gx:coord>
          <gx:coord>120.100987739861 30.247932644560933 68.0</gx:coord>
          <gx:coord>120.10099444538356 30.24795586243272 69.0</gx:coord>
          <gx:coord>120.10099176317452 30.24797203950584 69.0</gx:coord>
          <gx:coord>120.10099980980158 30.24799056351185 70.0</gx:coord>
          <gx:coord>120.10099980980158 30.248006824404 71.0</gx:coord>
          <gx:coord>120.10100659914316 30.24802300147712 71.0</gx:coord>
          <gx:coord>120.1010146457702 30.248046219348907 72.0</gx:coord>
          <gx:coord>120.1010136399418 30.24806901812553 73.0</gx:coord>
          <gx:coord>120.10101187974216 30.248086703941222 74.0</gx:coord>
          <gx:coord>120.10101187974216 30.24810992181301 75.0</gx:coord>
          <gx:coord>120.10101866908371 30.24812383577228 75.0</gx:coord>
          <gx:coord>120.10102001018822 30.248138839378957 76.0</gx:coord>
          <gx:coord>120.10101322084664 30.24815392680466 76.0</gx:coord>
          <gx:coord>120.10101456195116 30.248164320364594 76.0</gx:coord>
          <gx:coord>120.10101053863764 30.248184017837048 77.0</gx:coord>
          <gx:coord>120.1010024920106 30.24819910526276 77.0</gx:coord>
          <gx:coord>120.10099444538356 30.24821880273521 77.0</gx:coord>
          <gx:coord>120.100987739861 30.248229196295146 78.0</gx:coord>
          <gx:coord>120.10098371654747 30.24824545718729 79.0</gx:coord>
          <gx:coord>120.10097701102497 30.24825937114656 80.0</gx:coord>
          <gx:coord>120.10097566992044 30.24826976470649 81.0</gx:coord>
          <gx:coord>120.10097432881594 30.248276721686125 83.0</gx:coord>
          <gx:coord>120.10097164660692 30.24830681271851 84.0</gx:coord>
          <gx:coord>120.10095689445734 30.248320726677772 85.0</gx:coord>
          <gx:coord>120.10094742290676 30.24836012162268 86.0</gx:coord>
          <gx:coord>120.10092462413012 30.248376298695803 87.0</gx:coord>
          <gx:coord>120.10091389529408 30.2483971696347 88.0</gx:coord>
          <gx:coord>120.10090584866704 30.24841225706041 90.0</gx:coord>
          <gx:coord>120.10090450756252 30.24842734448612 91.0</gx:coord>
          <gx:coord>120.10090853087604 30.24845978245139 92.0</gx:coord>
          <gx:coord>120.1009206008166 30.24848408997059 93.0</gx:coord>
          <gx:coord>120.10092998854816 30.248530441895127 94.0</gx:coord>
          <gx:coord>120.10092864744364 30.248557096347213 94.0</gx:coord>
          <gx:coord>120.1009366940707 30.248588360846043 95.0</gx:coord>
          <gx:coord>120.10092462413012 30.24861610494554 97.0</gx:coord>
          <gx:coord>120.10092998854816 30.248633539304137 98.0</gx:coord>
          <gx:coord>120.10092730633914 30.24865323677659 99.0</gx:coord>
          <gx:coord>120.1009206008166 30.2486717607826 100.0</gx:coord>
          <gx:coord>120.10092328302562 30.248685674741864 101.0</gx:coord>
          <gx:coord>120.10092864744364 30.248707635328174 102.0</gx:coord>
          <gx:coord>120.10094071738422 30.248727332800627 103.0</gx:coord>
          <gx:coord>120.10094339959323 30.248748203739524 104.0</gx:coord>
          <gx:coord>120.10095681063832 30.248760944232345 105.0</gx:coord>
          <gx:coord>120.10096217505634 30.248779468238357 106.0</gx:coord>
          <gx:coord>120.1009742449969 30.248799165710807 108.0</gx:coord>
          <gx:coord>120.10097382590176 30.24881877936423 109.0</gx:coord>
          <gx:coord>120.1009755861014 30.248832777142525 110.0</gx:coord>
          <gx:coord>120.10098229162396 30.24885825812817 111.0</gx:coord>
          <gx:coord>120.10099302046 30.248886086046696 112.0</gx:coord>
          <gx:coord>120.10100643150508 30.24890871718526 114.0</gx:coord>
          <gx:coord>120.10101322084664 30.248946268111467 115.0</gx:coord>
          <gx:coord>120.10101187974216 30.248982226476077 116.0</gx:coord>
          <gx:coord>120.10105865076184 30.24902665056288 117.0</gx:coord>
          <gx:coord>120.10106317698956 30.24902757257223 118.0</gx:coord>
          <gx:coord>120.1010860595852 30.249060597270727 119.0</gx:coord>
          <gx:coord>120.10109511204064 30.24909152649343 121.0</gx:coord>
          <gx:coord>120.1010929327458 30.249119019135836 122.0</gx:coord>
          <gx:coord>120.10109838098288 30.249128071591254 123.0</gx:coord>
          <gx:coord>120.10111489333212 30.24913846515119 124.0</gx:coord>
          <gx:coord>120.1011211797595 30.249147433787584 125.0</gx:coord>
          <gx:coord>120.10111925192176 30.249171070754528 126.0</gx:coord>
          <gx:coord>120.10111791081728 30.249220859259367 128.0</gx:coord>
          <gx:coord>120.10113853029908 30.24925916455686 129.0</gx:coord>
          <gx:coord>120.10114925913513 30.24927559308708 130.0</gx:coord>
          <gx:coord>120.10115118697286 30.24928456172347 131.0</gx:coord>
          <gx:coord>120.10114406235516 30.249299900606275 132.0</gx:coord>
          <gx:coord>120.1011433918029 30.249328650534157 133.0</gx:coord>
          <gx:coord>120.1011219341308 30.24934021756053 134.0</gx:coord>
          <gx:coord>120.10112863965333 30.24937248788774 135.0</gx:coord>
          <gx:coord>120.10113400407135 30.24940274655819 136.0</gx:coord>
          <gx:coord>120.10112998075785 30.24943401105702 138.0</gx:coord>
          <gx:coord>120.10109905153512 30.249469969421625 139.0</gx:coord>
          <gx:coord>120.10108354501426 30.249487990513444 140.0</gx:coord>
          <gx:coord>120.10106418281794 30.249498886987567 141.0</gx:coord>
          <gx:coord>120.10105345398188 30.24951514787972 142.0</gx:coord>
          <gx:coord>120.10104398243128 30.249541718512774 143.0</gx:coord>
          <gx:coord>120.10103995911776 30.24955915287137 144.0</gx:coord>
          <gx:coord>120.10102118365468 30.24958924390376 146.0</gx:coord>
          <gx:coord>120.10101313702762 30.249610114842653 147.0</gx:coord>
          <gx:coord>120.10099570266902 30.24962402880192 148.0</gx:coord>
          <gx:coord>120.10098254308105 30.24963442236185 149.0</gx:coord>
          <gx:coord>120.1009419746697 30.249641379341483 150.0</gx:coord>
          <gx:coord>120.10091917589308 30.24965638294816 151.0</gx:coord>
          <gx:coord>120.10088020004332 30.2496749907732 152.0</gx:coord>
          <gx:coord>120.10084399022162 30.24969485588372 154.0</gx:coord>
          <gx:coord>120.1008413080126 30.249703908339143 155.0</gx:coord>
          <gx:coord>120.1008386258036 30.24971312843263 156.0</gx:coord>
          <gx:coord>120.100821191445 30.249722432345152 157.0</gx:coord>
          <gx:coord>120.10081850923598 30.24973399937153 158.0</gx:coord>
          <gx:coord>120.10080367326736 30.249751433730125 159.0</gx:coord>
          <gx:coord>120.10078892111778 30.249797701835632 160.0</gx:coord>
          <gx:coord>120.10077685117722 30.24982209317386 162.0</gx:coord>
          <gx:coord>120.10076478123663 30.24983483366668 163.0</gx:coord>
          <gx:coord>120.10074734687804 30.249842880293727 164.0</gx:coord>
          <gx:coord>120.10071650147438 30.24985268712044 165.0</gx:coord>
          <gx:coord>120.10071398690344 30.249846233055 166.0</gx:coord>
          <gx:coord>120.10069898329677 30.2498718816787 167.0</gx:coord>
          <gx:coord>120.10068154893816 30.24988110177219 168.0</gx:coord>
          <gx:coord>120.10067752562465 30.24989501573145 170.0</gx:coord>
          <gx:coord>120.10068154893816 30.249927453696728 171.0</gx:coord>
          <gx:coord>120.100660007447 30.24995871819556 172.0</gx:coord>
          <gx:coord>120.1006398908794 30.249976152554154 173.0</gx:coord>
          <gx:coord>120.1006251387298 30.250002723187208 174.0</gx:coord>
          <gx:coord>120.10058616288006 30.25004094466567 175.0</gx:coord>
          <gx:coord>120.1005566585809 30.2500653360039 176.0</gx:coord>
          <gx:coord>120.10054592974484 30.250089643523097 177.0</gx:coord>
          <gx:coord>120.10051508434115 30.250119734555483 179.0</gx:coord>
          <gx:coord>120.10049220174552 30.25014638900757 180.0</gx:coord>
          <gx:coord>120.10046940296888 30.250174216926094 181.0</gx:coord>
          <gx:coord>120.10042774491012 30.25019391439855 182.0</gx:coord>
          <gx:coord>120.10038348846138 30.25021126493812 183.0</gx:coord>
          <gx:coord>120.10036068968476 30.250222831964493 184.0</gx:coord>
          <gx:coord>120.10033378377555 30.25024370290339 186.0</gx:coord>
          <gx:coord>120.1003042794764 30.250261053442955 187.0</gx:coord>
          <gx:coord>120.10028013959528 30.250273793935776 188.0</gx:coord>
          <gx:coord>120.10026262141764 30.250279577448964 189.0</gx:coord>
          <gx:coord>120.10024652816357 30.250288881361485 190.0</gx:coord>
          <gx:coord>120.10022507049143 30.250299274921417 191.0</gx:coord>
          <gx:coord>120.10019154287876 30.25031436234713 192.0</gx:coord>
          <gx:coord>120.10016731917858 30.250325929373503 194.0</gx:coord>
          <gx:coord>120.10014720261096 30.250344453379512 195.0</gx:coord>
          <gx:coord>120.10013915598392 30.250367587432265 196.0</gx:coord>
          <gx:coord>120.10012172162531 30.25039080530405 197.0</gx:coord>
          <gx:coord>120.10011233389378 30.250419722869992 198.0</gx:coord>
          <gx:coord>120.1001028623432 30.2504348102957 199.0</gx:coord>
          <gx:coord>120.10010831058024 30.25046842172742 200.0</gx:coord>
          <gx:coord>120.10010688565671 30.250485772266984 201.0</gx:coord>
          <gx:coord>120.10005190037192 30.25052860379219 202.0</gx:coord>
          <gx:coord>120.10001158341764 30.25057151913643 204.0</gx:coord>
          <gx:coord>120.09999280795456 30.250621307641268 205.0</gx:coord>
          <gx:coord>120.09991091676056 30.250748712569475 205.0</gx:coord>
          <gx:coord>120.0997968390584 30.250855330377817 206.0</gx:coord>
          <gx:coord>120.09969742968678 30.250920122489333 207.0</gx:coord>
          <gx:coord>120.09964244440198 30.25094099342823 207.0</gx:coord>
          <gx:coord>120.0996182207018 30.250951386988163 208.0</gx:coord>
          <gx:coord>120.09960212744772 30.250973431393504 208.0</gx:coord>
          <gx:coord>120.099560553208 30.25097804144025 209.0</gx:coord>
          <gx:coord>120.09951646439733 30.251001259312037 209.0</gx:coord>
          <gx:coord>120.09948000311852 30.251010982319716 210.0</gx:coord>
          <gx:coord>120.0994720403105 30.251014921814203 210.0</gx:coord>
          <gx:coord>120.09945586323738 30.251008216291662 211.0</gx:coord>
          <gx:coord>120.09942225180566 30.25103478692472 211.0</gx:coord>
          <gx:coord>120.09941822849214 30.25106261484325 212.0</gx:coord>
          <gx:coord>120.09940615855156 30.251082312315702 213.0</gx:coord>
          <gx:coord>120.09939945302904 30.2511031832546 214.0</gx:coord>
          <gx:coord>120.09940213523804 30.25112866424024 216.0</gx:coord>
          <gx:coord>120.09937799535692 30.25116227567196 217.0</gx:coord>
          <gx:coord>120.09936047717927 30.25118188932538 218.0</gx:coord>
          <gx:coord>120.09935511276126 30.251217847689983 219.0</gx:coord>
          <gx:coord>120.09935108944774 30.25126185268164 220.0</gx:coord>
          <gx:coord>120.09933901950716 30.251289680600166 221.0</gx:coord>
          <gx:coord>120.09931487962604 30.251319771632552 222.0</gx:coord>
          <gx:coord>120.09928663261236 30.25133829563856 222.0</gx:coord>
          <gx:coord>120.099267186597 30.25135631673038 223.0</gx:coord>
          <gx:coord>120.0992666836828 30.251374170184132 223.0</gx:coord>
          <gx:coord>120.0992799270898 30.251390431076288 224.0</gx:coord>
          <gx:coord>120.09927590377627 30.251411302015185 225.0</gx:coord>
          <gx:coord>120.09928126819432 30.25143217295408 225.0</gx:coord>
          <gx:coord>120.0992960203439 30.2514692209661 226.0</gx:coord>
          <gx:coord>120.0993256084621 30.251569971442223 225.0</gx:coord>
          <gx:coord>120.09933767840266 30.25162680074573 224.0</gx:coord>
          <gx:coord>120.09935779497027 30.25167197920382 223.0</gx:coord>
          <gx:coord>120.09943960234524 30.251723527908325 223.0</gx:coord>
          <gx:coord>120.09947053156792 30.25173450820148 223.0</gx:coord>
          <gx:coord>120.09951654821634 30.251771388575435 223.0</gx:coord>
          <gx:coord>120.09956038556992 30.25182721205056 223.0</gx:coord>
          <gx:coord>120.09966348297894 30.251911701634526 222.0</gx:coord>
          <gx:coord>120.09977404028176 30.251998705789447 221.0</gx:coord>
          <gx:coord>120.09991753846408 30.25203801691532 219.0</gx:coord>
          <gx:coord>120.0999389961362 30.25205310434103 219.0</gx:coord>
          <gx:coord>120.09993229061364 30.252083195373416 221.0</gx:coord>
          <gx:coord>120.09992022067308 30.25211563333869 222.0</gx:coord>
          <gx:coord>120.09990404359996 30.252138851210475 223.0</gx:coord>
          <gx:coord>120.09988392703237 30.252157375216484 224.0</gx:coord>
          <gx:coord>120.09985358454288 30.252169528976083 225.0</gx:coord>
          <gx:coord>120.09981335140763 30.252177324146032 226.0</gx:coord>
          <gx:coord>120.09980614297092 30.252174893394116 227.0</gx:coord>
          <gx:coord>120.09977789595725 30.252183945849534 228.0</gx:coord>
          <gx:coord>120.09974839165808 30.252194423228502 229.0</gx:coord>
          <gx:coord>120.09971209801732 30.2522187307477 231.0</gx:coord>
          <gx:coord>120.09973355568944 30.25225577875972 232.0</gx:coord>
          <gx:coord>120.09982466697691 30.252379244193435 231.0</gx:coord>
          <gx:coord>120.09986012242734 30.25241570547223 230.0</gx:coord>
          <gx:coord>120.099875042215 30.25242492556572 230.0</gx:coord>
          <gx:coord>120.09989080019297 30.25246934965253 229.0</gx:coord>
          <gx:coord>120.09989046491684 30.252495082095265 229.0</gx:coord>
          <gx:coord>120.09990077465773 30.25252567604184 229.0</gx:coord>
          <gx:coord>120.0998985953629 30.252546798437837 229.0</gx:coord>
          <gx:coord>120.09993514046072 30.2526193857193 229.0</gx:coord>
          <gx:coord>120.09994444437324 30.25263304822147 228.0</gx:coord>
          <gx:coord>120.09995022788644 30.25264243595302 228.0</gx:coord>
          <gx:coord>120.09999758563936 30.252716531977057 227.0</gx:coord>
          <gx:coord>120.10001745074987 30.25278358720243 227.0</gx:coord>
          <gx:coord>120.10003421455622 30.25281879119575 226.0</gx:coord>
          <gx:coord>120.10004360228776 30.252843098714948 226.0</gx:coord>
          <gx:coord>120.10007050819696 30.252869753167037 226.0</gx:coord>
          <gx:coord>120.100081237033 30.25290336459875 226.0</gx:coord>
          <gx:coord>120.1000959891826 30.252935802564025 226.0</gx:coord>
          <gx:coord>120.10012281127274 30.252986764535308 226.0</gx:coord>
          <gx:coord>120.10014158673584 30.253016855567694 225.0</gx:coord>
          <gx:coord>120.10016304440796 30.253066727891564 225.0</gx:coord>
          <gx:coord>120.10019397363068 30.253114169463515 225.0</gx:coord>
          <gx:coord>120.1002167724073 30.25315934792161 224.0</gx:coord>
          <gx:coord>120.10022750124337 30.25318482890725 224.0</gx:coord>
          <gx:coord>120.1002368889749 30.25320804677904 224.0</gx:coord>
          <gx:coord>120.10025834664702 30.25324509479105 224.0</gx:coord>
          <gx:coord>120.10026505216956 30.253264792263508 224.0</gx:coord>
          <gx:coord>120.10026907548308 30.253296056762338 224.0</gx:coord>
          <gx:coord>120.10027720592916 30.253335451707244 224.0</gx:coord>
          <gx:coord>120.1002825703472 30.25337828323245 223.0</gx:coord>
          <gx:coord>120.10026371106504 30.25347216054797 223.0</gx:coord>
          <gx:coord>120.1002511382103 30.25353041477501 222.0</gx:coord>
          <gx:coord>120.10024795308708 30.25356134399772 221.0</gx:coord>
          <gx:coord>120.10025449097157 30.25357961654663 220.0</gx:coord>
          <gx:coord>120.10025440715252 30.253622950986028 219.0</gx:coord>
          <gx:coord>120.10025122202931 30.253652958199385 219.0</gx:coord>
          <gx:coord>120.10023487731814 30.25369025766849 218.0</gx:coord>
          <gx:coord>120.10023110546172 30.25375161319971 217.0</gx:coord>
          <gx:coord>120.1002236455679 30.25379930622876 216.0</gx:coord>
          <gx:coord>120.10021501220764 30.25381548330188 216.0</gx:coord>
          <gx:coord>120.10021400637925 30.25385789573193 215.0</gx:coord>
          <gx:coord>120.1001858431846 30.254057133570317 214.0</gx:coord>
          <gx:coord>120.10015650652348 30.254129050299525 214.0</gx:coord>
          <gx:coord>120.1001147646457 30.254207588732243 214.0</gx:coord>
          <gx:coord>120.10009448044002 30.254258383065466 214.0</gx:coord>
          <gx:coord>120.10006841272116 30.254307752475142 213.0</gx:coord>
          <gx:coord>120.1000212226063 30.25443666614592 213.0</gx:coord>
          <gx:coord>120.0999657344073 30.25452610105276 211.0</gx:coord>
          <gx:coord>120.0999281834811 30.25456859730184 210.0</gx:coord>
          <gx:coord>120.09991250932217 30.25457345880568 210.0</gx:coord>
          <gx:coord>120.09990831837058 30.254603549838063 210.0</gx:coord>
          <gx:coord>120.09991108439864 30.254626348614693 209.0</gx:coord>
          <gx:coord>120.09991125203668 30.25463992729783 209.0</gx:coord>
          <gx:coord>120.09990613907576 30.254652332514524 208.0</gx:coord>
          <gx:coord>120.09989968501031 30.25465937331319 208.0</gx:coord>
          <gx:coord>120.09989339858294 30.25469357147813 207.0</gx:coord>
          <gx:coord>120.09988543577492 30.254721147939563 207.0</gx:coord>
          <gx:coord>120.09987864643335 30.254726763814688 206.0</gx:coord>
          <gx:coord>120.09986917488276 30.254753921180964 205.0</gx:coord>
          <gx:coord>120.09985157288612 30.25477135553956 205.0</gx:coord>
          <gx:coord>120.09983430616558 30.254792645573616 205.0</gx:coord>
          <gx:coord>120.09982290677726 30.25481653399765 205.0</gx:coord>
          <gx:coord>120.09982097893952 30.25482852011919 205.0</gx:coord>
          <gx:coord>120.09981351904572 30.254843523725867 205.0</gx:coord>
          <gx:coord>120.0997926481068 30.25493731722236 206.0</gx:coord>
          <gx:coord>120.09977429173888 30.254957769066092 207.0</gx:coord>
          <gx:coord>120.0997654069215 30.254959613084797 207.0</gx:coord>
          <gx:coord>120.09974487125874 30.25495366193354 207.0</gx:coord>
          <gx:coord>120.0997265148908 30.25495835579932 208.0</gx:coord>
          <gx:coord>120.09971645660698 30.254968414083123 208.0</gx:coord>
          <gx:coord>120.09966859593987 30.255014849826694 209.0</gx:coord>
          <gx:coord>120.09966532699764 30.25502474047244 209.0</gx:coord>
          <gx:coord>120.09965828619896 30.255042426288128 209.0</gx:coord>
          <gx:coord>120.0996514968574 30.25506790727377 210.0</gx:coord>
          <gx:coord>120.0996501557529 30.25508752092719 210.0</gx:coord>
          <gx:coord>120.09961905889212 30.25514761917293 210.0</gx:coord>
          <gx:coord>120.09960556402802 30.255166981369257 210.0</gx:coord>
          <gx:coord>120.09956105612218 30.25521215982735 209.0</gx:coord>
          <gx:coord>120.09953088127077 30.25524577125907 209.0</gx:coord>
          <gx:coord>120.09948855265976 30.25527217425406 208.0</gx:coord>
          <gx:coord>120.0994686037302 30.255275946110487 208.0</gx:coord>
          <gx:coord>120.09944169782102 30.255284076556563 207.0</gx:coord>
          <gx:coord>120.099431052804 30.255285250023007 207.0</gx:coord>
          <gx:coord>120.0994157139212 30.25531173683703 206.0</gx:coord>
          <gx:coord>120.099415211007 30.255324225872755 205.0</gx:coord>
          <gx:coord>120.09941982105374 30.255338391289115 204.0</gx:coord>
          <gx:coord>120.09940423071384 30.25537745095789 203.0</gx:coord>
          <gx:coord>120.0993950944394 30.255388766527176 203.0</gx:coord>
          <gx:coord>120.09938847273588 30.255403015762568 202.0</gx:coord>
          <gx:coord>120.09938009083272 30.255411146208644 202.0</gx:coord>
          <gx:coord>120.09937103837729 30.255428329110146 201.0</gx:coord>
          <gx:coord>120.09936911053956 30.25542983785272 200.0</gx:coord>
          <gx:coord>120.0993750616908 30.25545028969645 200.0</gx:coord>
          <gx:coord>120.09933105669916 30.255492702126503 198.0</gx:coord>
          <gx:coord>120.09931202977896 30.255523212254047 198.0</gx:coord>
          <gx:coord>120.09929426014423 30.25552723556757 197.0</gx:coord>
          <gx:coord>120.09929593652488 30.25553209707141 197.0</gx:coord>
          <gx:coord>120.09930222295225 30.255542574450374 196.0</gx:coord>
          <gx:coord>120.09930046275258 30.255581801757216 195.0</gx:coord>
          <gx:coord>120.0992799270898 30.25561817921698 193.0</gx:coord>
          <gx:coord>120.09927850216629 30.255630249157548 193.0</gx:coord>
          <gx:coord>120.0992664322257 30.25566218420863 192.0</gx:coord>
          <gx:coord>120.09924329817296 30.25567878037691 191.0</gx:coord>
          <gx:coord>120.09922988712788 30.25569152086973 190.0</gx:coord>
          <gx:coord>120.0992164760828 30.25569730438292 189.0</gx:coord>
          <gx:coord>120.09920172393322 30.25570308789611 188.0</gx:coord>
          <gx:coord>120.09918294847012 30.255711218342185 186.0</gx:coord>
          <gx:coord>120.09917221963406 30.255720438435677 185.0</gx:coord>
          <gx:coord>120.09914481081069 30.25573778897524 184.0</gx:coord>
          <gx:coord>120.09911715053022 30.25574709288776 183.0</gx:coord>
          <gx:coord>120.09907281026244 30.25575178675353 183.0</gx:coord>
          <gx:coord>120.09903660044074 30.25576679036021 181.0</gx:coord>
          <gx:coord>120.09899770841002 30.255788834765557 180.0</gx:coord>
          <gx:coord>120.09898832067849 30.25580274872482 179.0</gx:coord>
          <gx:coord>120.09896677918732 30.255811968818307 178.0</gx:coord>
          <gx:coord>120.09894800372422 30.25581548921764 177.0</gx:coord>
          <gx:coord>120.09894129820168 30.25582822971046 176.0</gx:coord>
          <gx:coord>120.09891849942504 30.25583744980395 175.0</gx:coord>
          <gx:coord>120.09890508837998 30.255854800343517 173.0</gx:coord>
          <gx:coord>120.09888891130686 30.25586645118892 172.0</gx:coord>
          <gx:coord>120.09886745363474 30.25587684474885 171.0</gx:coord>
          <gx:coord>120.09883929044008 30.255899978801608 170.0</gx:coord>
          <gx:coord>120.098820598796 30.25592554360628 169.0</gx:coord>
          <gx:coord>120.0987936090678 30.255946246907115 168.0</gx:coord>
          <gx:coord>120.09878396987916 30.25595622137189 168.0</gx:coord>
          <gx:coord>120.09875790216029 30.255985222756863 167.0</gx:coord>
          <gx:coord>120.098757147789 30.255984468385577 167.0</gx:coord>
          <gx:coord>120.09875454939902 30.255996454507116 166.0</gx:coord>
          <gx:coord>120.0987521186471 30.256008859723806 165.0</gx:coord>
          <gx:coord>120.09875060990451 30.25600944645703 165.0</gx:coord>
          <gx:coord>120.09874440729618 30.256010871380568 164.0</gx:coord>
          <gx:coord>120.09873476810752 30.25602361187339 164.0</gx:coord>
          <gx:coord>120.0987301580608 30.256028724834323 164.0</gx:coord>
          <gx:coord>120.09872051887214 30.256038028746843 163.0</gx:coord>
          <gx:coord>120.098693696782 30.25605378672481 163.0</gx:coord>
          <gx:coord>120.09868598543108 30.2560696285218 162.0</gx:coord>
          <gx:coord>120.09868280030788 30.256074154749516 161.0</gx:coord>
          <gx:coord>120.09868171066046 30.25606912560761 161.0</gx:coord>
          <gx:coord>120.09866427630186 30.25607641786337 160.0</gx:coord>
          <gx:coord>120.09865270927548 30.25607725605369 159.0</gx:coord>
          <gx:coord>120.09863250888884 30.25609117001295 158.0</gx:coord>
          <gx:coord>120.09861373342574 30.256106173619628 157.0</gx:coord>
          <gx:coord>120.09858422912656 30.25615713559091 155.0</gx:coord>
          <gx:coord>120.09855723939836 30.256175324320797 154.0</gx:coord>
          <gx:coord>120.0985343568027 30.25617607869208 153.0</gx:coord>
          <gx:coord>120.0985100492835 30.25618337094784 152.0</gx:coord>
          <gx:coord>120.09850300848484 30.25618932209909 152.0</gx:coord>
          <gx:coord>120.09847442619504 30.25620801374316 151.0</gx:coord>
          <gx:coord>120.09846922941506 30.25621723383665 151.0</gx:coord>
          <gx:coord>120.09845565073192 30.256234584376216 150.0</gx:coord>
          <gx:coord>120.09844567626716 30.25623911060393 149.0</gx:coord>
          <gx:coord>120.09843503125012 30.256243469193578 149.0</gx:coord>
          <gx:coord>120.09840929880738 30.256255036219954 149.0</gx:coord>
          <gx:coord>120.09841139428318 30.25626073591411 148.0</gx:coord>
          <gx:coord>120.09841432794929 30.25625579059124 148.0</gx:coord>
          <gx:coord>120.09838314726947 30.25628982111812 148.0</gx:coord>
          <gx:coord>120.09836378507316 30.25629669427872 147.0</gx:coord>
          <gx:coord>120.0983533076942 30.25631354190409 146.0</gx:coord>
          <gx:coord>120.09834794327617 30.256326282396916 146.0</gx:coord>
          <gx:coord>120.09833050891756 30.256349416449662 146.0</gx:coord>
          <gx:coord>120.0983165949583 30.25637263432145 146.0</gx:coord>
          <gx:coord>120.098310476169 30.25637925602496 146.0</gx:coord>
          <gx:coord>120.09830259718 30.256384955719117 145.0</gx:coord>
          <gx:coord>120.09829605929554 30.25639216415584 145.0</gx:coord>
          <gx:coord>120.0982875097543 30.256396858021617 144.0</gx:coord>
          <gx:coord>120.09828231297432 30.25640674866736 144.0</gx:coord>
          <gx:coord>120.09828231297432 30.25640054605901 143.0</gx:coord>
          <gx:coord>120.09826077148318 30.2564290445298 143.0</gx:coord>
          <gx:coord>120.09825423359872 30.256436336785555 142.0</gx:coord>
          <gx:coord>120.09822850115596 30.25644446723163 141.0</gx:coord>
          <gx:coord>120.09814392775296 30.256573045626283 140.0</gx:coord>
          <gx:coord>120.09813990443944 30.256590396165848 139.0</gx:coord>
          <gx:coord>120.09812783449888 30.2566100936383 122.0</gx:coord>
          <gx:coord>120.09811844676732 30.256617050617933 123.0</gx:coord>
          <gx:coord>120.09806740097702 30.25669114664197 124.0</gx:coord>
          <gx:coord>120.09802171960472 30.256728194653988 122.0</gx:coord>
          <gx:coord>120.09798550978304 30.25677219964564 121.0</gx:coord>
          <gx:coord>120.09796405211092 30.25681050494313 120.0</gx:coord>
          <gx:coord>120.09794251061976 30.25683824904263 119.0</gx:coord>
          <gx:coord>120.09793446399271 30.25686490349472 118.0</gx:coord>
          <gx:coord>120.097898254171 30.256883427500725 117.0</gx:coord>
          <gx:coord>120.09791032411158 30.25690086185932 116.0</gx:coord>
          <gx:coord>120.09794653393328 30.25690773501992 115.0</gx:coord>
          <gx:coord>120.09798416867852 30.256920475512743 114.0</gx:coord>
          <gx:coord>120.09801367297769 30.256930952891707 114.0</gx:coord>
          <gx:coord>120.09805398993194 30.25694134645164 113.0</gx:coord>
          <gx:coord>120.09809288196266 30.256955260410905 112.0</gx:coord>
          <gx:coord>120.09811433963478 30.25696682743728 111.0</gx:coord>
          <gx:coord>120.09813847951592 30.25697730481625 110.0</gx:coord>
          <gx:coord>120.09816538542508 30.25698769837618 109.0</gx:coord>
          <gx:coord>120.09818147867918 30.256988871842623 108.0</gx:coord>
          <gx:coord>120.0982015952468 30.25698426179588 107.0</gx:coord>
          <gx:coord>120.09821366518736 30.256992308422923 106.0</gx:coord>
          <gx:coord>120.09823244065046 30.256999265402555 105.0</gx:coord>
          <gx:coord>120.09824451059104 30.256999265402555 104.0</gx:coord>
          <gx:coord>120.09826068766417 30.257009658962488 102.0</gx:coord>
          <gx:coord>120.09829823859036 30.257017789408565 101.0</gx:coord>
          <gx:coord>120.09829019196332 30.257037486881018 100.0</gx:coord>
          <gx:coord>120.0982875097543 30.25706296786666 99.0</gx:coord>
          <gx:coord>120.09827812202276 30.257073445245624 98.0</gx:coord>
          <gx:coord>120.09826336987317 30.25709423236549 97.0</gx:coord>
          <gx:coord>120.0982592627406 30.2571093197912 96.0</gx:coord>
          <gx:coord>120.09825523942708 30.257127843797207 95.0</gx:coord>
          <gx:coord>120.09824987500906 30.25714410468936 94.0</gx:coord>
          <gx:coord>120.09825389832258 30.25716262869537 93.0</gx:coord>
          <gx:coord>120.09824585169554 30.2571764588356 92.0</gx:coord>
          <gx:coord>120.09824316948652 30.257192719727755 91.0</gx:coord>
          <gx:coord>120.09823378175496 30.257208980619907 91.0</gx:coord>
          <gx:coord>120.09822707623243 30.25722281076014 90.0</gx:coord>
          <gx:coord>120.09823109954596 30.25724485516548 89.0</gx:coord>
          <gx:coord>120.09822573512793 30.25726681575179 88.0</gx:coord>
          <gx:coord>120.09823244065046 30.2572784665972 87.0</gx:coord>
          <gx:coord>120.09823244065046 30.2573027741164 86.0</gx:coord>
          <gx:coord>120.09823512285948 30.25733982212841 85.0</gx:coord>
          <gx:coord>120.098236463964 30.257358346134424 84.0</gx:coord>
          <gx:coord>120.09823244065046 30.25737804360688 83.0</gx:coord>
          <gx:coord>120.09823512285948 30.25739774107933 82.0</gx:coord>
          <gx:coord>120.09824853390457 30.25740704499185 81.0</gx:coord>
          <gx:coord>120.09825121611355 30.25742322206497 81.0</gx:coord>
          <gx:coord>120.09825255721807 30.25744752958417 82.0</gx:coord>
          <gx:coord>120.09823780506848 30.257477704435587 81.0</gx:coord>
          <gx:coord>120.09822439402342 30.257514752447605 82.0</gx:coord>
          <gx:coord>120.09826865047216 30.25763059034944 81.0</gx:coord>
          <gx:coord>120.09827133268118 30.25766302831471 80.0</gx:coord>
          <gx:coord>120.0982740148902 30.257686162367463 80.0</gx:coord>
          <gx:coord>120.09828474372624 30.257703512907028 79.0</gx:coord>
          <gx:coord>120.09829010814428 30.25772321037948 79.0</gx:coord>
          <gx:coord>120.09831424802542 30.257768388837576 78.0</gx:coord>
          <gx:coord>120.09831424802542 30.257820524275303 77.0</gx:coord>
          <gx:coord>120.0983303412795 30.257908534258604 76.0</gx:coord>
          <gx:coord>120.09834241122007 30.25794214569032 75.0</gx:coord>
          <gx:coord>120.09835054166616 30.257986150681973 73.0</gx:coord>
          <gx:coord>120.09838004596531 30.25801045820117 73.0</gx:coord>
          <gx:coord>120.09837468154728 30.258033676072955 72.0</gx:coord>
          <gx:coord>120.09836529381572 30.25806611403823 71.0</gx:coord>
          <gx:coord>120.09837334044278 30.258090421557423 70.0</gx:coord>
          <gx:coord>120.09836663492024 30.258121686056256 69.0</gx:coord>
          <gx:coord>120.09835582226516 30.258156470954415 69.0</gx:coord>
          <gx:coord>120.09835582226516 30.25817960500717 68.0</gx:coord>
          <gx:coord>120.0983638688922 30.25819351896644 67.0</gx:coord>
          <gx:coord>120.09836261160672 30.25822017341852 66.0</gx:coord>
          <gx:coord>120.0983652099967 30.258237523958087 65.0</gx:coord>
          <gx:coord>120.09835984557868 30.258250264450908 65.0</gx:coord>
          <gx:coord>120.09835448116064 30.25826300494373 65.0</gx:coord>
          <gx:coord>120.09835448116064 30.25827339850366 65.0</gx:coord>
          <gx:coord>120.09835984557868 30.25828613899648 65.0</gx:coord>
          <gx:coord>120.09835582226516 30.258304746821523 65.0</gx:coord>
          <gx:coord>120.09835448116064 30.25831396691501 65.0</gx:coord>
          <gx:coord>120.09835179895164 30.25832788087428 65.0</gx:coord>
          <gx:coord>120.09834509342907 30.258339447900653 66.0</gx:coord>
          <gx:coord>120.09833704680204 30.25836031883955 66.0</gx:coord>
          <gx:coord>120.09832631796598 30.258381189778447 66.0</gx:coord>
          <gx:coord>120.09832497686148 30.258396193385124 66.0</gx:coord>
          <gx:coord>120.09830754250288 30.25840667076409 66.0</gx:coord>
          <gx:coord>120.09828868322074 30.25841941125691 66.0</gx:coord>
          <gx:coord>120.09826588444412 30.25842980481684 66.0</gx:coord>
          <gx:coord>120.09826588444412 30.25842980481684 65.0</gx:coord>
          <gx:coord>120.0982600171119 30.2584439702332 65.0</gx:coord>
          <gx:coord>120.09825381450356 30.258456459268928 64.0</gx:coord>
          <gx:coord>120.09823906235395 30.258456459268928 64.0</gx:coord>
          <gx:coord>120.0982269924134 30.258459895849228 63.0</gx:coord>
          <gx:coord>120.09821089915933 30.25846224278212 62.0</gx:coord>
          <gx:coord>120.0981960631907 30.25846224278212 61.0</gx:coord>
          <gx:coord>120.09818131104112 30.25846685282886 61.0</gx:coord>
          <gx:coord>120.098162535578 30.258477330207825 62.0</gx:coord>
          <gx:coord>120.0981424190104 30.25847841985524 60.0</gx:coord>
          <gx:coord>120.09812900796533 30.25848772376776 59.0</gx:coord>
          <gx:coord>120.09811693802476 30.25849929079413 58.0</gx:coord>
          <gx:coord>120.0981048680842 30.258502811193463 59.0</gx:coord>
          <gx:coord>120.09809673763812 30.258514378219843 58.0</gx:coord>
          <gx:coord>120.09809003211558 30.25852594524622 57.0</gx:coord>
          <gx:coord>120.09808198548852 30.2585375122726 56.0</gx:coord>
          <gx:coord>120.09807259775698 30.258549079298973 56.0</gx:coord>
          <gx:coord>120.09805248118936 30.258543295785785 56.0</gx:coord>
          <gx:coord>120.09803236462176 30.25854103267193 56.0</gx:coord>
          <gx:coord>120.09802431799471 30.258545642718676 52.0</gx:coord>
          <gx:coord>120.09801493026316 30.258552599698305 52.0</gx:coord>
          <gx:coord>120.0980081409216 30.25856416672468 53.0</gx:coord>
          <gx:coord>120.0980081409216 30.25858269073069 54.0</gx:coord>
          <gx:coord>120.0980081409216 30.2585977781564 54.0</gx:coord>
          <gx:coord>120.0980081409216 30.25860590860248 54.0</gx:coord>
          <gx:coord>120.09799607098104 30.258609345182776 54.0</gx:coord>
          <gx:coord>120.09798802435398 30.2586220856756 54.0</gx:coord>
          <gx:coord>120.09797729551792 30.25862325914204 52.0</gx:coord>
          <gx:coord>120.09797193109988 30.25863365270197 51.0</gx:coord>
          <gx:coord>120.09798131883144 30.25864178314805 51.0</gx:coord>
          <gx:coord>120.09798534214497 30.258653350174427 51.0</gx:coord>
          <gx:coord>120.09799875319004 30.25866030715406 46.0</gx:coord>
          <gx:coord>120.09802021086216 30.258662654086947 46.0</gx:coord>
          <gx:coord>120.09804175235332 30.25867304764688 46.0</gx:coord>
          <gx:coord>120.0980551633984 30.2586823515594 46.0</gx:coord>
          <gx:coord>120.09807259775698 30.258686961606145 45.0</gx:coord>
          <gx:coord>120.0980890262872 30.25870431214571 45.0</gx:coord>
          <gx:coord>120.09809941984712 30.25872635655105 45.0</gx:coord>
          <gx:coord>120.09810478426516 30.25874722748995 44.0</gx:coord>
          <gx:coord>120.0981114897877 30.2587703615427 43.0</gx:coord>
          <gx:coord>120.09810880757868 30.25879818946123 44.0</gx:coord>
          <gx:coord>120.0981114897877 30.25882249698043 42.0</gx:coord>
          <gx:coord>120.09811819531024 30.25884102098644 41.0</gx:coord>
          <gx:coord>120.09812490083276 30.25886071845889 40.0</gx:coord>
          <gx:coord>120.0981289241463 30.25887689553201 39.0</gx:coord>
          <gx:coord>120.09814099408686 30.258883852511644 38.0</gx:coord>
          <gx:coord>120.09815046563745 30.25889432989061 36.0</gx:coord>
          <gx:coord>120.09815851226448 30.258896173909307 32.0</gx:coord>
          <gx:coord>120.09814376011492 30.258912853896614 30.0</gx:coord>
          <gx:coord>120.09814233519135 30.25893833488226 29.0</gx:coord>
          <gx:coord>120.09813965298235 30.25895685888827 28.0</gx:coord>
          <gx:coord>120.09813789278267 30.258965408429503 27.0</gx:coord>
          <gx:coord>120.09813562966885 30.258978819474574 27.0</gx:coord>
          <gx:coord>120.09812490083276 30.258990470319983 27.0</gx:coord>
          <gx:coord>120.0981101486832 30.259012430906296 27.0</gx:coord>
          <gx:coord>120.09809673763812 30.25903447531164 27.0</gx:coord>
          <gx:coord>120.09808869101109 30.25905299931765 27.0</gx:coord>
          <gx:coord>120.09808064438404 30.259081916883588 28.0</gx:coord>
          <gx:coord>120.09812355972826 30.25912013836205 29.0</gx:coord>
          <gx:coord>120.09815842844546 30.25919658131897 28.0</gx:coord>
          <gx:coord>120.09820679202676 30.25924410670996 27.0</gx:coord>
          <gx:coord>120.09826177731156 30.25929163210094 26.0</gx:coord>
          <gx:coord>120.09831014089286 30.25931359268725 25.0</gx:coord>
          <gx:coord>120.09833293966948 30.259325159713622 24.0</gx:coord>
          <gx:coord>120.09834635071456 30.25933563709259 23.0</gx:coord>
          <gx:coord>120.09835976175964 30.259334463626143 23.0</gx:coord>
          <gx:coord>120.09837987832724 30.25934142060578 23.0</gx:coord>
          <gx:coord>120.0983987376094 30.25934955105185 23.0</gx:coord>
          <gx:coord>120.09841348975895 30.259355334565043 22.0</gx:coord>
          <gx:coord>120.09842958301306 30.259361118078232 22.0</gx:coord>
          <gx:coord>120.09844031184912 30.25938307866454 21.0</gx:coord>
          <gx:coord>120.09844701737164 30.25939581915736 21.0</gx:coord>
          <gx:coord>120.0984564051032 30.259400513023134 18.0</gx:coord>
          <gx:coord>120.0984738394618 30.25941551662981 18.0</gx:coord>
          <gx:coord>120.09850879199804 30.259434040635824 18.0</gx:coord>
          <gx:coord>120.09855438955128 30.259466478601095 17.0</gx:coord>
          <gx:coord>120.098588000983 30.25945725850761 26.0</gx:coord>
          <gx:coord>120.09867525659502 30.259308982640505 26.0</gx:coord>
          <gx:coord>120.098815318197 30.25918467901647 26.0</gx:coord>
          <gx:coord>120.0988282263279 30.25917478837073 26.0</gx:coord>
          <gx:coord>120.0988359376788 30.259147128090262 26.0</gx:coord>
          <gx:coord>120.09893291629852 30.25911041535437 27.0</gx:coord>
          <gx:coord>120.09900340810418 30.25905660353601 27.0</gx:coord>
          <gx:coord>120.09902997873724 30.25904537178576 27.0</gx:coord>
          <gx:coord>120.0990645121783 30.2589881233871 27.0</gx:coord>
          <gx:coord>120.09910617023706 30.25896616280079 27.0</gx:coord>
          <gx:coord>120.09914103895426 30.25891981087625 28.0</gx:coord>
          <gx:coord>120.09914640337227 30.258876979351044 28.0</gx:coord>
          <gx:coord>120.09925520047544 30.2587669249624 28.0</gx:coord>
          <gx:coord>120.09927397593856 30.25874027051032 28.0</gx:coord>
          <gx:coord>120.09929141029716 30.258712442591783 29.0</gx:coord>
          <gx:coord>120.09932208806276 30.258698612451557 29.0</gx:coord>
          <gx:coord>120.09936952963471 30.25863876566291 28.0</gx:coord>
          <gx:coord>120.09943641722202 30.25860590860248 29.0</gx:coord>
          <gx:coord>120.09947396814825 30.25858160108328 29.0</gx:coord>
          <gx:coord>120.09953842498362 30.258568860590454 29.0</gx:coord>
          <gx:coord>120.099602881819 30.258539859205484 29.0</gx:coord>
          <gx:coord>120.09971159510314 30.258512115105987 30.0</gx:coord>
          <gx:coord>120.09976389817894 30.25850398465991 30.0</gx:coord>
          <gx:coord>120.09984578937292 30.25848085060716 30.0</gx:coord>
          <gx:coord>120.0999276805669 30.258470457047224 30.0</gx:coord>
          <gx:coord>120.0999760441482 30.258461153134704 30.0</gx:coord>
          <gx:coord>120.10000554844736 30.258457716554403 31.0</gx:coord>
          <gx:coord>120.1001451909542 30.25841949507594 31.0</gx:coord>
          <gx:coord>120.10018383152784 30.25839359499514 31.0</gx:coord>
          <gx:coord>120.10020889341833 30.258380686864257 31.0</gx:coord>
          <gx:coord>120.10025541298091 30.258360989391804 32.0</gx:coord>
          <gx:coord>120.1003074645996 30.258340453729037 32.0</gx:coord>
          <gx:coord>120.10037954896688 30.258333664387465 32.0</gx:coord>
          <gx:coord>120.1004226319492 30.258320085704327 32.0</gx:coord>
          <gx:coord>120.10053562000394 30.25830751284957 33.0</gx:coord>
          <gx:coord>120.10067408904432 30.25826660916209 34.0</gx:coord>
          <gx:coord>120.10076670907438 30.258248085156083 34.0</gx:coord>
          <gx:coord>120.10082043707372 30.25823417119682 34.0</gx:coord>
          <gx:coord>120.10091171599925 30.2582145575434 34.0</gx:coord>
          <gx:coord>120.1009681262076 30.25821221061051 34.0</gx:coord>
          <gx:coord>120.10101774707437 30.258211037144065 34.0</gx:coord>
          <gx:coord>120.10105814784764 30.258224783465263 35.0</gx:coord>
          <gx:coord>120.1010902505368 30.258260909467936 35.0</gx:coord>
          <gx:coord>120.1010982133448 30.258283959701657 35.0</gx:coord>
          <gx:coord>120.1010521966964 30.258356714621183 35.0</gx:coord>
          <gx:coord>120.10104197077452 30.25835847482085 35.0</gx:coord>
          <gx:coord>120.10100450366735 30.25835763663053 35.0</gx:coord>
          <gx:coord>120.10093501769006 30.25835101492703 36.0</gx:coord>
          <gx:coord>120.10091305710375 30.25835352949798 36.0</gx:coord>
          <gx:coord>120.10088891722262 30.25835931301117 36.0</gx:coord>
          <gx:coord>120.10084591805936 30.25836509652436 36.0</gx:coord>
          <gx:coord>120.1008190959692 30.258361576125026 36.0</gx:coord>
          <gx:coord>120.10076696053147 30.258388482034206 37.0</gx:coord>
          <gx:coord>120.1007408928126 30.25839594192803 37.0</gx:coord>
          <gx:coord>120.10070418007672 30.25840625166893 37.0</gx:coord>
          <gx:coord>120.10058457031846 30.25845008902252 37.0</gx:coord>
          <gx:coord>120.10054484009744 30.2584717143327 37.0</gx:coord>
          <gx:coord>120.10051709599792 30.25849199853837 38.0</gx:coord>
          <gx:coord>120.10051156394184 30.25849367491901 38.0</gx:coord>
          <gx:coord>120.10049689561129 30.25849711149931 38.0</gx:coord>
          <gx:coord>120.10046328417955 30.258527202531692 38.0</gx:coord>
          <gx:coord>120.10042573325336 30.25854455307126 38.0</gx:coord>
          <gx:coord>120.10037736967206 30.258583948016167 38.0</gx:coord>
          <gx:coord>120.10035993531346 30.25861638598144 39.0</gx:coord>
          <gx:coord>120.10026974603534 30.25864547118545 39.0</gx:coord>
          <gx:coord>120.10025164112449 30.258653769269586 39.0</gx:coord>
          <gx:coord>120.10023068636656 30.258665420114998 39.0</gx:coord>
          <gx:coord>120.10021023452282 30.25868721306324 39.0</gx:coord>
          <gx:coord>120.10017938911916 30.258711855858564 40.0</gx:coord>
          <gx:coord>120.10014904662968 30.258746976032853 40.0</gx:coord>
          <gx:coord>120.1001250743866 30.25877614505589 41.0</gx:coord>
          <gx:coord>120.10010797530413 30.25879894383252 41.0</gx:coord>
          <gx:coord>120.1000870205462 30.25881721638143 41.0</gx:coord>
          <gx:coord>120.1000677421689 30.258863819763064 41.0</gx:coord>
          <gx:coord>120.10003899224102 30.258887456730008 57.0</gx:coord>
          <gx:coord>120.10000152513383 30.25893841870129 58.0</gx:coord>
          <gx:coord>120.0999194663018 30.259155929088596 59.0</gx:coord>
          <gx:coord>120.09986749850214 30.259233880788088 59.0</gx:coord>
          <gx:coord>120.09983397088943 30.259287608787417 60.0</gx:coord>
          <gx:coord>120.09981284849346 30.259331362321973 59.0</gx:coord>
          <gx:coord>120.09979566559196 30.2593523170799 58.0</gx:coord>
          <gx:coord>120.09976155124605 30.259386766701937 57.0</gx:coord>
          <gx:coord>120.09969843551517 30.259460527449846 57.0</gx:coord>
          <gx:coord>120.09963707998396 30.25961140170693 57.0</gx:coord>
          <gx:coord>120.09959667921066 30.25968356989324 57.0</gx:coord>
          <gx:coord>120.09960405528544 30.25972430594265 58.0</gx:coord>
          <gx:coord>120.0996618065983 30.259820949286222 57.0</gx:coord>
          <gx:coord>120.0997709389776 30.25985866785049 58.0</gx:coord>
          <gx:coord>120.0999847613275 30.25982354767621 58.0</gx:coord>
          <gx:coord>120.10015298612416 30.259808963164687 59.0</gx:coord>
          <gx:coord>120.10034375824034 30.25973821990192 59.0</gx:coord>
          <gx:coord>120.10042657144368 30.25970326736569 60.0</gx:coord>
          <gx:coord>120.10056252591312 30.259657753631476 61.0</gx:coord>
          <gx:coord>120.10062832385302 30.259657753631476 61.0</gx:coord>
          <gx:coord>120.10070485062896 30.259689018130302 61.0</gx:coord>
          <gx:coord>120.1007746718824 30.25972028262913 61.0</gx:coord>
          <gx:coord>120.1008122228086 30.259756240993735 63.0</gx:coord>
          <gx:coord>120.10083644650877 30.259787505492568 64.0</gx:coord>
          <gx:coord>120.10088204406202 30.25981063954532 65.0</gx:coord>
          <gx:coord>120.10091288946568 30.25983151048422 65.0</gx:coord>
          <gx:coord>120.10091959498824 30.259896386414766 65.0</gx:coord>
          <gx:coord>120.10090350173414 30.2599276509136 65.0</gx:coord>
          <gx:coord>120.10086460970342 30.2599636092782 65.0</gx:coord>
          <gx:coord>120.1008296571672 30.25998556986451 66.0</gx:coord>
          <gx:coord>120.1007652003318 30.260011050850157 66.0</gx:coord>
          <gx:coord>120.10072228498755 30.260051619261503 66.0</gx:coord>
          <gx:coord>120.1005960535258 30.260133845731616 66.0</gx:coord>
          <gx:coord>120.10050343349576 30.260261250659823 66.0</gx:coord>
          <gx:coord>120.10046722367406 30.260349260643125 67.0</gx:coord>
          <gx:coord>120.10050611570476 30.2603592351079 68.0</gx:coord>
          <gx:coord>120.1005960535258 30.26044305413961 68.0</gx:coord>
          <gx:coord>120.10074374265967 30.260462751612067 68.0</gx:coord>
          <gx:coord>120.10092764161529 30.26045696809888 68.0</gx:coord>
          <gx:coord>120.10104708373548 30.26051958091557 67.0</gx:coord>
          <gx:coord>120.10105915367603 30.260570542886853 67.0</gx:coord>
          <gx:coord>120.10107398964465 30.26062611490488 67.0</gx:coord>
          <gx:coord>120.10107792913914 30.26066089980304 67.0</gx:coord>
          <gx:coord>120.10106812231244 30.26066760532558 67.0</gx:coord>
          <gx:coord>120.10108874179424 30.26069099083543 67.0</gx:coord>
          <gx:coord>120.10113006457686 30.260750083252788 67.0</gx:coord>
          <gx:coord>120.10122695937751 30.260833483189344 68.0</gx:coord>
          <gx:coord>120.10124573484065 30.260849744081497 69.0</gx:coord>
          <gx:coord>120.10126861743628 30.260868268087503 69.0</gx:coord>
          <gx:coord>120.10128202848136 30.260905316099524 69.0</gx:coord>
          <gx:coord>120.1012720540166 30.26094068773091 70.0</gx:coord>
          <gx:coord>120.1012604869902 30.26099215261638 71.0</gx:coord>
          <gx:coord>120.10123366490006 30.261028110980988 70.0</gx:coord>
          <gx:coord>120.1012049149722 30.261041605845094 69.0</gx:coord>
          <gx:coord>120.10120323859157 30.261042695492502 67.0</gx:coord>
          <gx:coord>120.10120340622962 30.26104495860636 66.0</gx:coord>
          <gx:coord>120.10120407678188 30.26104772463441 65.0</gx:coord>
          <gx:coord>120.1012055017054 30.261055435985327 65.0</gx:coord>
          <gx:coord>120.10119971819222 30.261084772646427 65.0</gx:coord>
          <gx:coord>120.10119385086 30.26113162748516 65.0</gx:coord>
          <gx:coord>120.10118563659488 30.26117831468582 66.0</gx:coord>
          <gx:coord>120.10116149671376 30.261196503415704 66.0</gx:coord>
          <gx:coord>120.10116803459825 30.261262468993664 67.0</gx:coord>
          <gx:coord>120.10117834433912 30.261299684643745 67.0</gx:coord>
          <gx:coord>120.10119603015482 30.26133270934224 67.0</gx:coord>
          <gx:coord>120.10120675899088 30.261354753747582 67.0</gx:coord>
          <gx:coord>120.10125109925866 30.26135358028114 67.0</gx:coord>
          <gx:coord>120.10129133239388 30.261368667706847 67.0</gx:coord>
          <gx:coord>120.10133969597518 30.26137445122004 67.0</gx:coord>
          <gx:coord>120.10143365710974 30.26137327775359 68.0</gx:coord>
          <gx:coord>120.10152493603528 30.261358274146914 68.0</gx:coord>
          <gx:coord>120.10165519081056 30.261323489248756 67.0</gx:coord>
          <gx:coord>120.101727694273 30.26130965910852 67.0</gx:coord>
          <gx:coord>120.10178008116782 30.26128526777029 67.0</gx:coord>
          <gx:coord>120.10187538340688 30.26127839460969 67.0</gx:coord>
          <gx:coord>120.10195995680988 30.26128417812288 67.0</gx:coord>
          <gx:coord>120.10202441364528 30.26129574514925 67.0</gx:coord>
          <gx:coord>120.10209012776612 30.26128769852221 66.0</gx:coord>
          <gx:coord>120.1021706778556 30.261289961636063 66.0</gx:coord>
          <gx:coord>120.10223379358648 30.26128769852221 65.0</gx:coord>
          <gx:coord>120.10227276943624 30.261292308568954 65.0</gx:coord>
          <gx:coord>120.1023318618536 30.261298092082143 64.0</gx:coord>
          <gx:coord>120.10237477719784 30.261323656886816 64.0</gx:coord>
          <gx:coord>120.10255197063088 30.26143371127546 64.0</gx:coord>
          <gx:coord>120.10261910967527 30.261526331305504 65.0</gx:coord>
          <gx:coord>120.10263520292938 30.261585423722863 65.0</gx:coord>
          <gx:coord>120.10266336612403 30.261627165600657 65.0</gx:coord>
          <gx:coord>120.10264593176544 30.26171861216426 65.0</gx:coord>
          <gx:coord>120.10264014825223 30.261950623244047 66.0</gx:coord>
          <gx:coord>120.10262480936944 30.26199680753052 66.0</gx:coord>
          <gx:coord>120.10255138389766 30.26212295517325 66.0</gx:coord>
          <gx:coord>120.1025216281414 30.26217550970614 66.0</gx:coord>
          <gx:coord>120.10250092484056 30.262215491384268 67.0</gx:coord>
          <gx:coord>120.10247318074109 30.262234937399622 67.0</gx:coord>
          <gx:coord>120.10246731340884 30.262271147221327 67.0</gx:coord>
          <gx:coord>120.10245834477246 30.262301238253716 67.0</gx:coord>
          <gx:coord>120.10246220044792 30.262336609885097 67.0</gx:coord>
          <gx:coord>120.10247267782688 30.26246342808008 67.0</gx:coord>
          <gx:coord>120.10258885100484 30.26262352243066 67.0</gx:coord>
          <gx:coord>120.1026928704232 30.26275997981429 67.0</gx:coord>
          <gx:coord>120.10282840579748 30.26291286572814 66.0</gx:coord>
          <gx:coord>120.102914320305 30.262981178238988 66.0</gx:coord>
          <gx:coord>120.10298548266292 30.26306927204132 66.0</gx:coord>
          <gx:coord>120.10301641188562 30.263107493519783 66.0</gx:coord>
          <gx:coord>120.1030512806028 30.263130627572536 66.0</gx:coord>
          <gx:coord>120.10312378406525 30.263233724981543 65.0</gx:coord>
          <gx:coord>120.10314792394638 30.263258116319776 65.0</gx:coord>
          <gx:coord>120.10318555869162 30.26331603527069 65.0</gx:coord>
          <gx:coord>120.10324590839446 30.26337856426835 64.0</gx:coord>
          <gx:coord>120.10317340493202 30.26349783875048 64.0</gx:coord>
          <gx:coord>120.1031009014696 30.263620633631945 64.0</gx:coord>
          <gx:coord>120.10312269441783 30.26368282735348 64.0</gx:coord>
          <gx:coord>120.10310894809663 30.26370864361525 64.0</gx:coord>
          <gx:coord>120.1031237002462 30.263758432120085 0.11111111</gx:coord>
          <gx:coord>120.10314524173737 30.263809394091368 0.11111111</gx:coord>
          <gx:coord>120.1032042503357 30.26385230943561 0.11111111</gx:coord>
          <gx:coord>120.1032888237387 30.263924142345783 0.11111111</gx:coord>
          <gx:coord>120.10345528833568 30.263961190357804 0.11111111</gx:coord>
          <gx:coord>120.10360163636506 30.26402262970805 0.11111111</gx:coord>
          <gx:coord>120.10381780564784 30.264167468994856 0.11111111</gx:coord>
          <gx:coord>120.10412391275167 30.26414207182825 0.11111111</gx:coord>
          <gx:coord>120.10415350086988 30.26425556279719 0.11111111</gx:coord>
          <gx:coord>120.10414402931929 30.26445941068232 0.11111111</gx:coord>
          <gx:coord>120.10408627800643 30.264654038473964 0.11111111</gx:coord>
          <gx:coord>120.10405677370728 30.26478135958314 0.11111111</gx:coord>
          <gx:coord>120.10407286696136 30.264826538041238 64.0</gx:coord>
          <gx:coord>120.10422860272227 30.264834752306346 63.0</gx:coord>
          <gx:coord>120.10448911227286 30.264888061210517 63.0</gx:coord>
          <gx:coord>120.10452263988554 30.265020160004497 62.0</gx:coord>
          <gx:coord>120.10443404316902 30.265228617936373 62.0</gx:coord>
          <gx:coord>120.10440981946886 30.26528527960181 62.0</gx:coord>
          <gx:coord>120.1043761242181 30.26535367593169 61.0</gx:coord>
          <gx:coord>120.10435198433696 30.265390975400805 60.0</gx:coord>
          <gx:coord>120.1043066382408 30.26541980914772 60.0</gx:coord>
          <gx:coord>120.104180239141 30.265512261539698 60.0</gx:coord>
          <gx:coord>120.10412919335069 30.26556666009128 60.0</gx:coord>
          <gx:coord>120.10406364686789 30.26564192958176 58.0</gx:coord>
          <gx:coord>120.10403657332064 30.26564746163785 58.0</gx:coord>
          <gx:coord>120.10395602323116 30.265676714479923 57.0</gx:coord>
          <gx:coord>120.10388075374068 30.26574502699077 56.0</gx:coord>
          <gx:coord>120.10373708792032 30.26582951657474 55.0</gx:coord>
          <gx:coord>120.1036821026355 30.26587352156639 55.0</gx:coord>
          <gx:coord>120.10364446789026 30.26590017601848 54.0</gx:coord>
          <gx:coord>120.10356391780078 30.26596614159644 54.0</gx:coord>
          <gx:coord>120.1035343296826 30.2660077996552 54.0</gx:coord>
          <gx:coord>120.1034833677113 30.266065718606114 54.0</gx:coord>
          <gx:coord>120.10337188839912 30.26630544103682 54.0</gx:coord>
          <gx:coord>120.10347791947424 30.266387751325965 53.0</gx:coord>
          <gx:coord>120.10366500355305 30.266417423263192 53.0</gx:coord>
          <gx:coord>120.1037558633834 30.266527980566025 53.0</gx:coord>
          <gx:coord>120.10377463884652 30.26660551317036 52.0</gx:coord>
          <gx:coord>120.1037907321006 30.266687739640474 52.0</gx:coord>
          <gx:coord>120.10383104905486 30.26674565859139 51.0</gx:coord>
          <gx:coord>120.10384177789092 30.26681405492127 51.0</gx:coord>
          <gx:coord>120.10384982451797 30.266868453472853 51.0</gx:coord>
          <gx:coord>120.10390916839242 30.26692410930991 50.0</gx:coord>
          <gx:coord>120.10393892414868 30.26698018424213 50.0</gx:coord>
          <gx:coord>120.1039566937834 30.26700172573328 50.0</gx:coord>
          <gx:coord>120.1040650717914 30.267086382955316 49.0</gx:coord>
          <gx:coord>120.10417269542812 30.26712628081441 48.0</gx:coord>
          <gx:coord>120.10428115725516 30.26713851839304 47.0</gx:coord>
          <gx:coord>120.10448609478772 30.26718344539404 46.0</gx:coord>
          <gx:coord>120.1045100670308 30.267195347696543 46.0</gx:coord>
          <gx:coord>120.10455725714564 30.26721705682576 46.0</gx:coord>
          <gx:coord>120.1046007592231 30.26724052615464 45.0</gx:coord>
          <gx:coord>120.10472757741807 30.267345886677504 44.0</gx:coord>
          <gx:coord>120.1048098038882 30.26738871820271 43.0</gx:coord>
          <gx:coord>120.10487828403711 30.26745250448585 43.0</gx:coord>
          <gx:coord>120.1049131527543 30.267628524452448 42.0</gx:coord>
          <gx:coord>120.10488901287316 30.26765056885779 42.0</gx:coord>
          <gx:coord>120.10488096624611 30.26766674593091 41.0</gx:coord>
          <gx:coord>120.10484869591892 30.26767948642373 41.0</gx:coord>
          <gx:coord>120.10481785051525 30.267694490030408 41.0</gx:coord>
          <gx:coord>120.10478289797902 30.26770723052323 40.0</gx:coord>
          <gx:coord>120.10476814582944 30.267713014036417 40.0</gx:coord>
          <gx:coord>120.10475607588889 30.26772575452924 39.0</gx:coord>
          <gx:coord>120.10474392212927 30.26774201542139 38.0</gx:coord>
          <gx:coord>120.10471441783012 30.2677639760077 37.0</gx:coord>
          <gx:coord>120.10468089021742 30.267792977392677 37.0</gx:coord>
          <gx:coord>120.10464996099472 30.26784502901137 36.0</gx:coord>
          <gx:coord>120.10465842671692 30.26789288967848 36.0</gx:coord>
          <gx:coord>120.104695642367 30.26796899735928 35.0</gx:coord>
          <gx:coord>120.10475196875632 30.2680420037359 34.0</gx:coord>
          <gx:coord>120.10478558018804 30.26809522882104 34.0</gx:coord>
          <gx:coord>120.1048325188458 30.2681300137192 34.0</gx:coord>
          <gx:coord>120.10486747138202 30.268190279603004 34.0</gx:coord>
          <gx:coord>120.10490234009922 30.26824819855392 34.0</gx:coord>
          <gx:coord>120.1049667969346 30.26829220354557 34.0</gx:coord>
          <gx:coord>120.10499361902475 30.268333945423365 34.0</gx:coord>
          <gx:coord>120.1050165016204 30.26836403645575 34.0</gx:coord>
          <gx:coord>120.1050674635917 30.26839764788747 35.0</gx:coord>
          <gx:coord>120.10517491959035 30.26841390877962 34.0</gx:coord>
          <gx:coord>120.10522060096264 30.26843586936593 34.0</gx:coord>
          <gx:coord>120.10527558624744 30.268440563231707 34.0</gx:coord>
          <gx:coord>120.10532529093324 30.26846839115024 34.0</gx:coord>
          <gx:coord>120.10542193427682 30.268507786095142 35.0</gx:coord>
          <gx:coord>120.10546493344008 30.26852865703404 35.0</gx:coord>
          <gx:coord>120.10550793260336 30.26855757459998 35.0</gx:coord>
          <gx:coord>120.10555537417532 30.26855799369514 35.0</gx:coord>
          <gx:coord>120.10567439720036 30.268627144396305 36.0</gx:coord>
          <gx:coord>120.10572091676296 30.26862488128245 36.0</gx:coord>
          <gx:coord>120.10584597475828 30.26866653934121 36.0</gx:coord>
          <gx:coord>120.10585720650852 30.268655139952894 36.0</gx:coord>
          <gx:coord>120.10601847432554 30.26878874748945 37.0</gx:coord>
          <gx:coord>120.10613364167511 30.26885312050581 38.0</gx:coord>
          <gx:coord>120.10620614513756 30.26887977495789 39.0</gx:coord>
          <gx:coord>120.10627462528646 30.268931910395622 39.0</gx:coord>
          <gx:coord>120.10632290504871 30.26895278133452 39.0</gx:coord>
          <gx:coord>120.10637663304806 30.26896552182734 39.0</gx:coord>
          <gx:coord>120.10640756227076 30.268982956185937 39.0</gx:coord>
          <gx:coord>120.10643840767445 30.269032744690776 39.0</gx:coord>
          <gx:coord>120.1064800657332 30.26905596256256 39.0</gx:coord>
          <gx:coord>120.1065149344504 30.269106924533844 39.0</gx:coord>
          <gx:coord>120.10657000355422 30.26914866641164 39.0</gx:coord>
          <gx:coord>120.10664250701666 30.26919845491648 38.0</gx:coord>
          <gx:coord>120.10670159943402 30.269237849861383 38.0</gx:coord>
          <gx:coord>120.10674049146472 30.26925293728709 38.0</gx:coord>
          <gx:coord>120.10679019615054 30.269279591739178 38.0</gx:coord>
          <gx:coord>120.10684258304536 30.26930389925837 38.0</gx:coord>
          <gx:coord>120.10688692331314 30.26933633722365 38.0</gx:coord>
          <gx:coord>120.1069164276123 30.26935494504869 39.0</gx:coord>
          <gx:coord>120.10695406235754 30.26937229558825 39.0</gx:coord>
          <gx:coord>120.10697820223868 30.269375815987587 39.0</gx:coord>
          <gx:coord>120.1070023421198 30.269400123506784 39.0</gx:coord>
          <gx:coord>120.10701851919292 30.26940473355353 39.0</gx:coord>
          <gx:coord>120.10703461244702 30.269403560087085 39.0</gx:coord>
          <gx:coord>120.10705204680562 30.269412863999605 39.0</gx:coord>
          <gx:coord>120.1070776116103 30.269393166527152 39.0</gx:coord>
          <gx:coord>120.10708565823734 30.269374642521143 39.0</gx:coord>
          <gx:coord>120.107113821432 30.269358465448025 40.0</gx:coord>
          <gx:coord>120.1071312557906 30.269324854016304 40.0</gx:coord>
          <gx:coord>120.10713402181864 30.26928663253784 40.0</gx:coord>
          <gx:coord>120.10713268071412 30.2692577149719 41.0</gx:coord>
          <gx:coord>120.107116503641 30.26923567056656 41.0</gx:coord>
          <gx:coord>120.10710359551013 30.269211111590263 42.0</gx:coord>
          <gx:coord>120.10710476897655 30.26919845491648 43.0</gx:coord>
          <gx:coord>120.10709152556956 30.2690195851028 44.0</gx:coord>
          <gx:coord>120.1070937886834 30.269015058875084 44.0</gx:coord>
          <gx:coord>120.10709605179728 30.268958983942863 44.0</gx:coord>
          <gx:coord>120.10709647089244 30.268940879032016 45.0</gx:coord>
          <gx:coord>120.10708171874283 30.26890047825873 46.0</gx:coord>
          <gx:coord>120.10706353001297 30.268857814371582 47.0</gx:coord>
          <gx:coord>120.10706344619392 30.268857227638364 48.0</gx:coord>
          <gx:coord>120.10707174427807 30.26883970946073 49.0</gx:coord>
          <gx:coord>120.10709596797824 30.268811462447047 50.0</gx:coord>
          <gx:coord>120.10709077119829 30.26880861259997 54.0</gx:coord>
          <gx:coord>120.10710200294852 30.26875044219196 55.0</gx:coord>
          <gx:coord>120.10710703209044 30.268724793568254 56.0</gx:coord>
          <gx:coord>120.10708574205636 30.26867995038629 57.0</gx:coord>
          <gx:coord>120.10708440095186 30.26867475360632 57.0</gx:coord>
          <gx:coord>120.107084736228 30.26865824125707 58.0</gx:coord>
          <gx:coord>120.10709756053984 30.268627731129527 58.0</gx:coord>
          <gx:coord>120.10709999129176 30.2685843128711 59.0</gx:coord>
          <gx:coord>120.10710049420597 30.26854089461267 61.0</gx:coord>
          <gx:coord>120.1071103848517 30.268516251817346 62.0</gx:coord>
          <gx:coord>120.10710585862398 30.26847241446376 63.0</gx:coord>
          <gx:coord>120.10709353722632 30.268452716991305 64.0</gx:coord>
          <gx:coord>120.10711625218391 30.26844458654523 65.0</gx:coord>
          <gx:coord>120.10715153999628 30.26846084743738 66.0</gx:coord>
          <gx:coord>120.10720116086304 30.268468977883455 67.0</gx:coord>
          <gx:coord>120.10722806677222 30.268445843830705 68.0</gx:coord>
          <gx:coord>120.1072401367128 30.268420362845063 70.0</gx:coord>
          <gx:coord>120.1072528772056 30.268400916829705 71.0</gx:coord>
          <gx:coord>120.10725120082498 30.26836948469281 72.0</gx:coord>
          <gx:coord>120.10725027881564 30.268351966515183 73.0</gx:coord>
          <gx:coord>120.1072824653238 30.268342243507504 74.0</gx:coord>
          <gx:coord>120.1072673778981 30.26830326765776 75.0</gx:coord>
          <gx:coord>120.10729059576988 30.268263705074787 77.0</gx:coord>
          <gx:coord>120.1072964631021 30.268256161361933 78.0</gx:coord>
          <gx:coord>120.10729964822532 30.26825163513422 79.0</gx:coord>
          <gx:coord>120.10731934569776 30.268202517181635 80.0</gx:coord>
          <gx:coord>120.1073342654854 30.2681783773005 81.0</gx:coord>
          <gx:coord>120.10734893381596 30.26814711280167 82.0</gx:coord>
          <gx:coord>120.10735295712948 30.26812389492989 83.0</gx:coord>
          <gx:coord>120.1073556393385 30.268098413944244 84.0</gx:coord>
          <gx:coord>120.10735966265202 30.26807527989149 86.0</gx:coord>
          <gx:coord>120.10737718082964 30.26804979890585 87.0</gx:coord>
          <gx:coord>120.10736502707005 30.268024317920208 88.0</gx:coord>
          <gx:coord>120.10737583972514 30.268008140847087 89.0</gx:coord>
          <gx:coord>120.10739059187472 30.26799649000168 90.0</gx:coord>
          <gx:coord>120.10739461518824 30.267979139462117 91.0</gx:coord>
          <gx:coord>120.10738908313216 30.26795466430485 92.0</gx:coord>
          <gx:coord>120.10741473175584 30.26793052442372 94.0</gx:coord>
          <gx:coord>120.107433591038 30.267900433391333 95.0</gx:coord>
          <gx:coord>120.10746443644166 30.267826337367296 96.0</gx:coord>
          <gx:coord>120.10748321190476 30.26779968291521 97.0</gx:coord>
          <gx:coord>120.10749000124632 30.26774293743074 98.0</gx:coord>
          <gx:coord>120.10750274173915 30.26765844784677 99.0</gx:coord>
          <gx:coord>120.10753207840024 30.26762039400637 100.0</gx:coord>
          <gx:coord>120.10755822993816 30.2675998583436 102.0</gx:coord>
          <gx:coord>120.10757893323898 30.267545795068145 103.0</gx:coord>
          <gx:coord>120.10759050026536 30.26750799268484 104.0</gx:coord>
          <gx:coord>120.10759527795015 30.26741805486381 105.0</gx:coord>
          <gx:coord>120.1075887400657 30.267418306320906 105.0</gx:coord>
          <gx:coord>120.10758513584732 30.26739743538201 106.0</gx:coord>
          <gx:coord>120.10757004842162 30.26734907180071 107.0</gx:coord>
          <gx:coord>120.1075623370707 30.26731453835964 107.0</gx:coord>
          <gx:coord>120.10756703093648 30.26723817922175 108.0</gx:coord>
          <gx:coord>120.10758463293314 30.267215045169 108.0</gx:coord>
          <gx:coord>120.10759041644631 30.26719870045781 109.0</gx:coord>
          <gx:coord>120.10757189244032 30.26718352921307 109.0</gx:coord>
          <gx:coord>120.1075477525592 30.26717078872025 110.0</gx:coord>
          <gx:coord>120.10753702372313 30.26715570129454 110.0</gx:coord>
          <gx:coord>120.10753568261862 30.267138350754976 111.0</gx:coord>
          <gx:coord>120.10752763599156 30.26710473932326 111.0</gx:coord>
          <gx:coord>120.1075142249465 30.267065344378352 112.0</gx:coord>
          <gx:coord>120.10749268345536 30.267046820372343 112.0</gx:coord>
          <gx:coord>120.1074685435742 30.26703290641308 113.0</gx:coord>
          <gx:coord>120.10745379142465 30.26701672933996 113.0</gx:coord>
          <gx:coord>120.10740811005236 30.266976160928607 114.0</gx:coord>
          <gx:coord>120.10737055912614 30.26692285202444 114.0</gx:coord>
          <gx:coord>120.10731146670878 30.26690198108554 113.0</gx:coord>
          <gx:coord>120.10727919638155 30.26689041405916 114.0</gx:coord>
          <gx:coord>120.10725103318693 30.266878763213757 114.0</gx:coord>
          <gx:coord>120.10723628103732 30.266869543120265 114.0</gx:coord>
          <gx:coord>120.10721071623266 30.26686484925449 114.0</gx:coord>
          <gx:coord>120.10719596408308 30.266855629161 114.0</gx:coord>
          <gx:coord>120.10717450641096 30.266841715201732 112.0</gx:coord>
          <gx:coord>120.10716101154684 30.26683014817536 112.0</gx:coord>
          <gx:coord>120.10714625939728 30.266828974708915 112.0</gx:coord>
          <gx:coord>120.10713150724769 30.26683014817536 113.0</gx:coord>
          <gx:coord>120.1071341894567 30.266797710210085 114.0</gx:coord>
          <gx:coord>120.10710736736657 30.266772229224443 115.0</gx:coord>
          <gx:coord>120.10709663853048 30.26673744432628 115.0</gx:coord>
          <gx:coord>120.1070670504123 30.266714310273528 116.0</gx:coord>
          <gx:coord>120.10703486390412 30.266686482355 115.0</gx:coord>
          <gx:coord>120.10703486390412 30.26667256839573 114.0</gx:coord>
          <gx:coord>120.10703754611312 30.26664708741009 114.0</gx:coord>
          <gx:coord>120.1070321816951 30.26661230251193 114.0</gx:coord>
          <gx:coord>120.10705363936722 30.26658682152629 115.0</gx:coord>
          <gx:coord>120.10706168599428 30.26655907742679 116.0</gx:coord>
          <gx:coord>120.10700527578592 30.266429325565696 116.0</gx:coord>
          <gx:coord>120.10705766268076 30.266365623101592 117.0</gx:coord>
          <gx:coord>120.10712614282966 30.266313571482897 118.0</gx:coord>
          <gx:coord>120.10717718861996 30.26627878658473 118.0</gx:coord>
          <gx:coord>120.10723896324636 30.266295047476888 118.0</gx:coord>
          <gx:coord>120.10729269124568 30.26628348045051 119.0</gx:coord>
          <gx:coord>120.10735714808106 30.26629278436303 120.0</gx:coord>
          <gx:coord>120.10740282945336 30.26626965031028 0.11111111</gx:coord>
          <gx:coord>120.10744725354016 30.266184573993087 0.11111111</gx:coord>
          <gx:coord>120.10762033984064 30.266033029183745 0.11111111</gx:coord>
          <gx:coord>120.1079748943448 30.26595021598041 0.11111111</gx:coord>
          <gx:coord>120.108078494668 30.26580655016005 0.11111111</gx:coord>
          <gx:coord>120.10811143554749 30.26567713357508 0.11111111</gx:coord>
          <gx:coord>120.1080684363842 30.265525924041867 0.11111111</gx:coord>
          <gx:coord>120.1079891435802 30.26539424434304 0.11111111</gx:coord>
          <gx:coord>120.10781639255585 30.26516114361584 0.11111111</gx:coord>
          <gx:coord>120.1076941844076 30.2651200722903 0.11111111</gx:coord>
          <gx:coord>120.10766342282297 30.26489376090467 0.11111111</gx:coord>
          <gx:coord>120.10762914083898 30.26465051807463 0.11111111</gx:coord>
          <gx:coord>120.10761539451778 30.26451447978616 0.11111111</gx:coord>
          <gx:coord>120.10746862739325 30.26429512538016 0.11111111</gx:coord>
          <gx:coord>120.1074225269258 30.264143412932757 0.11111111</gx:coord>
          <gx:coord>120.10731440037488 30.2637817338109 0.11111111</gx:coord>
          <gx:coord>120.1065194606781 30.26339222677052 0.11111111</gx:coord>
          <gx:coord>120.10648727416992 30.263137416914105 0.11111111</gx:coord>
          <gx:coord>120.10653245262802 30.262684458866715 0.11111111</gx:coord>
          <gx:coord>120.10655734688044 30.262661073356867 0.11111111</gx:coord>
          <gx:coord>120.10658802464604 30.26265445165336 151.0</gx:coord>
          <gx:coord>120.10662289336324 30.26265445165336 149.0</gx:coord>
          <gx:coord>120.10664979927242 30.26266023516655 149.0</gx:coord>
          <gx:coord>120.10667259804904 30.26265679858625 148.0</gx:coord>
          <gx:coord>120.1066846679896 30.262652188539505 147.0</gx:coord>
          <gx:coord>120.1066994201392 30.26265445165336 145.0</gx:coord>
          <gx:coord>120.10671827942132 30.26265336200595 144.0</gx:coord>
          <gx:coord>120.10674091055988 30.262642046436667 143.0</gx:coord>
          <gx:coord>120.10676756501198 30.262638106942177 142.0</gx:coord>
          <gx:coord>120.10678147897124 30.26262754574418 140.0</gx:coord>
          <gx:coord>120.1067972369492 30.262615978717804 139.0</gx:coord>
          <gx:coord>120.10680788196623 30.262610530480742 138.0</gx:coord>
          <gx:coord>120.10682079009712 30.262611117213964 137.0</gx:coord>
          <gx:coord>120.10683839209378 30.262612961232666 135.0</gx:coord>
          <gx:coord>120.1068667229265 30.26261136867106 134.0</gx:coord>
          <gx:coord>120.10687401518226 30.262601310387254 133.0</gx:coord>
          <gx:coord>120.1068807207048 30.26259435340762 132.0</gx:coord>
          <gx:coord>120.10687803849578 30.26258043944836 130.0</gx:coord>
          <gx:coord>120.1068841572851 30.26257138699293 129.0</gx:coord>
          <gx:coord>120.10688566602768 30.262545654550195 127.0</gx:coord>
          <gx:coord>120.10691131465136 30.26252537034452 126.0</gx:coord>
          <gx:coord>120.1069391425699 30.26249787770212 124.0</gx:coord>
          <gx:coord>120.10695096105336 30.26248865760863 123.0</gx:coord>
          <gx:coord>120.10697593912482 30.262478264048696 121.0</gx:coord>
          <gx:coord>120.1070097181946 30.26244959793985 120.0</gx:coord>
          <gx:coord>120.10704995132984 30.262433420866728 118.0</gx:coord>
          <gx:coord>120.1070942915976 30.262395199388266 116.0</gx:coord>
          <gx:coord>120.10714936070144 30.262367371469736 115.0</gx:coord>
          <gx:coord>120.10725270956756 30.262319929897785 113.0</gx:coord>
          <gx:coord>120.10750249028206 30.262284139171243 114.0</gx:coord>
          <gx:coord>120.10753341950476 30.26229620911181 115.0</gx:coord>
          <gx:coord>120.10758589021862 30.26228254660964 116.0</gx:coord>
          <gx:coord>120.10762159712613 30.2622813731432 117.0</gx:coord>
          <gx:coord>120.107655627653 30.26226678863168 118.0</gx:coord>
          <gx:coord>120.1076730620116 30.26226452551782 119.0</gx:coord>
          <gx:coord>120.10767976753414 30.26226452551782 119.0</gx:coord>
          <gx:coord>120.10770801454782 30.26227030903101 121.0</gx:coord>
          <gx:coord>120.107737518847 30.26226687245071 121.0</gx:coord>
          <gx:coord>120.10776165872812 30.26227030903101 122.0</gx:coord>
          <gx:coord>120.10779820382596 30.26227131485939 122.0</gx:coord>
          <gx:coord>120.10786375030877 30.26227760128677 123.0</gx:coord>
          <gx:coord>120.10792267508803 30.26226502843201 124.0</gx:coord>
          <gx:coord>120.1081374194473 30.262254383414984 124.0</gx:coord>
          <gx:coord>120.1083324663341 30.26221498847008 123.0</gx:coord>
          <gx:coord>120.10842910967769 30.262197637930512 123.0</gx:coord>
          <gx:coord>120.10854461230338 30.26217106729746 121.0</gx:coord>
          <gx:coord>120.10861091315746 30.262172492221 121.0</gx:coord>
          <gx:coord>120.10872197337449 30.262152208015323 120.0</gx:coord>
          <gx:coord>120.1087796408683 30.26213753968477 119.0</gx:coord>
          <gx:coord>120.10882607661188 30.26209965348244 118.0</gx:coord>
          <gx:coord>120.10890855453908 30.262063527479768 116.0</gx:coord>
          <gx:coord>120.10893411934376 30.26202756911516 114.0</gx:coord>
          <gx:coord>120.1089596003294 30.261996388435364 113.0</gx:coord>
          <gx:coord>120.10898382402956 30.261975517496467 112.0</gx:coord>
          <gx:coord>120.10899597778916 30.261942325159907 111.0</gx:coord>
          <gx:coord>120.1090283319354 30.2618997450918 110.0</gx:coord>
          <gx:coord>120.10904031805694 30.26186135597527 108.0</gx:coord>
          <gx:coord>120.10908180847764 30.26182036846876 106.0</gx:coord>
          <gx:coord>120.1091060321778 30.26178097352385 105.0</gx:coord>
          <gx:coord>120.10915037244558 30.261771753430367 104.0</gx:coord>
          <gx:coord>120.1091704890132 30.26174392551184 103.0</gx:coord>
          <gx:coord>120.1091906055808 30.26170570403337 102.0</gx:coord>
          <gx:coord>120.109220193699 30.261637391522527 101.0</gx:coord>
          <gx:coord>120.1092389691621 30.26160964742303 100.0</gx:coord>
          <gx:coord>120.10925103910267 30.261589949950576 99.0</gx:coord>
          <gx:coord>120.1092685572803 30.26156907901168 98.0</gx:coord>
          <gx:coord>120.10926587507127 30.261551728472117 97.0</gx:coord>
          <gx:coord>120.10927123948932 30.26154125109315 96.0</gx:coord>
          <gx:coord>120.10928196832538 30.261536641046405 94.0</gx:coord>
          <gx:coord>120.10929940268396 30.261512333527207 93.0</gx:coord>
          <gx:coord>120.10932228527965 30.261483415961266 92.0</gx:coord>
          <gx:coord>120.10936620645224 30.261433627456427 90.0</gx:coord>
          <gx:coord>120.10942085646091 30.261396495625377 89.0</gx:coord>
          <gx:coord>120.10943678207695 30.261369673535228 89.0</gx:coord>
          <gx:coord>120.1095156557858 30.26133178733289 88.0</gx:coord>
          <gx:coord>120.10957877151668 30.261344527825717 88.0</gx:coord>
          <gx:coord>120.10962177067996 30.261373529210687 87.0</gx:coord>
          <gx:coord>120.10965286754072 30.26140680536628 85.0</gx:coord>
          <gx:coord>120.10966057889163 30.26145424693823 84.0</gx:coord>
          <gx:coord>120.10966342873871 30.261488193646077 84.0</gx:coord>
          <gx:coord>120.1096781808883 30.2615437656641 83.0</gx:coord>
          <gx:coord>120.10969159193336 30.26156581006944 83.0</gx:coord>
          <gx:coord>120.10970232076944 30.26159824803472 81.0</gx:coord>
          <gx:coord>120.10973861441016 30.261648120358583 80.0</gx:coord>
          <gx:coord>120.10983525775372 30.261816093698144 80.0</gx:coord>
          <gx:coord>120.10988362133504 30.26185431517661 79.0</gx:coord>
          <gx:coord>120.11003994382918 30.262007117271423 78.0</gx:coord>
          <gx:coord>120.11007003486156 30.26203033514321 78.0</gx:coord>
          <gx:coord>120.11018419638276 30.26214156299829 77.0</gx:coord>
          <gx:coord>120.1102334819734 30.26219612918794 75.0</gx:coord>
          <gx:coord>120.11026809923352 30.26224373839796 74.0</gx:coord>
          <gx:coord>120.1103050634265 30.26231280528009 73.0</gx:coord>
          <gx:coord>120.11038234457374 30.262420009821653 72.0</gx:coord>
          <gx:coord>120.11041427962482 30.26247449219227 72.0</gx:coord>
          <gx:coord>120.11048971675336 30.262549594044685 71.0</gx:coord>
          <gx:coord>120.11050136759876 30.262555880472064 70.0</gx:coord>
          <gx:coord>120.11061184108256 30.262626372277737 69.0</gx:coord>
          <gx:coord>120.11068820022048 30.26266811415553 68.0</gx:coord>
          <gx:coord>120.11075978167356 30.26271496899426 66.0</gx:coord>
          <gx:coord>120.11079406365752 30.26272427290678 66.0</gx:coord>
          <gx:coord>120.11085625737906 30.26274874806404 65.0</gx:coord>
          <gx:coord>120.11091367341578 30.262789567932487 64.0</gx:coord>
          <gx:coord>120.11100763455032 30.262854527682062 62.0</gx:coord>
          <gx:coord>120.11105599813165 30.26286844164133 62.0</gx:coord>
          <gx:coord>120.11112179607152 30.26288352906704 62.0</gx:coord>
          <gx:coord>120.1111674774438 30.26290557347238 62.0</gx:coord>
          <gx:coord>120.11121584102511 30.262903226539493 63.0</gx:coord>
          <gx:coord>120.11124811135232 30.262913703918457 62.0</gx:coord>
          <gx:coord>120.1113273203373 30.26293113827705 62.0</gx:coord>
          <gx:coord>120.11138104833664 30.26291722431779 61.0</gx:coord>
          <gx:coord>120.1114724110812 30.26285821571946 60.0</gx:coord>
          <gx:coord>120.11157316155732 30.26280381716788 59.0</gx:coord>
          <gx:coord>120.11166041716932 30.262701977044344 57.0</gx:coord>
          <gx:coord>120.11172906495632 30.262632742524147 55.0</gx:coord>
          <gx:coord>120.1118043344468 30.26259963400662 53.0</gx:coord>
          <gx:coord>120.11189125478268 30.262560322880745 52.0</gx:coord>
          <gx:coord>120.11195805855095 30.262504499405622 50.0</gx:coord>
          <gx:coord>120.11204866692424 30.26246703229845 48.0</gx:coord>
          <gx:coord>120.11213592253624 30.262445071712136 47.0</gx:coord>
          <gx:coord>120.11218830943108 30.262443982064724 46.0</gx:coord>
          <gx:coord>120.11228235438466 30.26243593543768 44.0</gx:coord>
          <gx:coord>120.11241529136896 30.262405844405293 43.0</gx:coord>
          <gx:coord>120.1125012896955 30.262389751151204 42.0</gx:coord>
          <gx:coord>120.11270144954324 30.26233769953251 40.0</gx:coord>
          <gx:coord>120.11284913867712 30.262298388406634 39.0</gx:coord>
          <gx:coord>120.1130412518978 30.26221859268844 38.0</gx:coord>
          <gx:coord>120.11319438926876 30.26212370954454 37.0</gx:coord>
          <gx:coord>120.1132642943412 30.26207978837192 39.0</gx:coord>
          <gx:coord>120.11324275285006 30.262237284332517 42.0</gx:coord>
          <gx:coord>120.11321450583635 30.262331077829003 40.0</gx:coord>
          <gx:coord>120.1132668927312 30.262350775301456 41.0</gx:coord>
          <gx:coord>120.11333545669912 30.262353122234344 43.0</gx:coord>
          <gx:coord>120.11338650248943 30.2623450756073 44.0</gx:coord>
          <gx:coord>120.11341734789312 30.262348596006632 42.0</gx:coord>
          <gx:coord>120.11345364153384 30.26239838451147 43.0</gx:coord>
          <gx:coord>120.1135301683098 30.262381117790937 43.0</gx:coord>
          <gx:coord>120.11356243863702 30.26236259378493 38.0</gx:coord>
          <gx:coord>120.11360141448677 30.262359157204628 45.0</gx:coord>
          <gx:coord>120.11366184800865 30.26233023963869 45.0</gx:coord>
          <gx:coord>120.1137061882764 30.262298975139856 46.0</gx:coord>
          <gx:coord>120.11376528069376 30.262277014553547 46.0</gx:coord>
          <gx:coord>120.1138176675886 30.26226662099361 43.0</gx:coord>
          <gx:coord>120.113884806633 30.262241140007973 41.0</gx:coord>
          <gx:coord>120.11396007612348 30.26222730986774 41.0</gx:coord>
          <gx:coord>120.11402009055018 30.26221783831716 43.0</gx:coord>
          <gx:coord>120.11401900090276 30.262167127802968 35.0</gx:coord>
          <gx:coord>120.11402134783566 30.262093115597963 35.0</gx:coord>
          <gx:coord>120.11402453295888 30.26205472648144 34.0</gx:coord>
          <gx:coord>120.11405143886805 30.26187644340098 34.0</gx:coord>
          <gx:coord>120.11405412107706 30.261696903035045 34.0</gx:coord>
          <gx:coord>120.11408639140429 30.26162280701101 34.0</gx:coord>
          <gx:coord>120.11414414271712 30.26153245009482 33.0</gx:coord>
          <gx:coord>120.11415353044868 30.261475704610348 32.0</gx:coord>
          <gx:coord>120.11414280161262 30.26139230467379 30.0</gx:coord>
          <gx:coord>120.1141697075218 30.261275377124548 29.0</gx:coord>
          <gx:coord>120.11416031979024 30.261172279715534 28.0</gx:coord>
          <gx:coord>120.11417775414884 30.261077228933573 27.0</gx:coord>
          <gx:coord>120.11422075331213 30.26089081540704 27.0</gx:coord>
          <gx:coord>120.11434111744164 30.26071923784912 27.0</gx:coord>
          <gx:coord>120.11448277160524 30.260585211217403 27.0</gx:coord>
          <gx:coord>120.11454588733612 30.26051572524011 27.0</gx:coord>
          <gx:coord>120.11460095643996 30.260498374700543 27.0</gx:coord>
          <gx:coord>120.11465066112578 30.26051346212625 27.0</gx:coord>
          <gx:coord>120.11494888924062 30.26055076159537 20.0</gx:coord>
          <gx:coord>120.11505366303028 30.260552018880844 20.0</gx:coord>
          <gx:coord>120.11513555422424 30.260550929233432 21.0</gx:coord>
          <gx:coord>120.115171847865 30.26055210269988 22.0</gx:coord>
          <gx:coord>120.11524443514644 30.260554449632764 21.0</gx:coord>
          <gx:coord>120.1153021864593 30.260545229539275 20.0</gx:coord>
          <gx:coord>120.11540696024896 30.26053491979837 21.0</gx:coord>
          <gx:coord>120.11551709845662 30.260537266731266 23.0</gx:coord>
          <gx:coord>120.1156407315284 30.26053274050355 22.0</gx:coord>
          <gx:coord>120.11573703959584 30.26053005829453 22.0</gx:coord>
          <gx:coord>120.11581800878048 30.260536344721917 20.0</gx:coord>
          <gx:coord>120.11594700627028 30.260523688048124 19.0</gx:coord>
          <gx:coord>120.11604909785092 30.26051103137433 18.0</gx:coord>
          <gx:coord>120.11611355468632 30.260517988353968 17.0</gx:coord>
          <gx:coord>120.11617130599916 30.260519245639443 17.0</gx:coord>
          <gx:coord>120.11620759963988 30.26052159257233 22.0</gx:coord>
          <gx:coord>120.1162882335484 30.26053667999804 21.0</gx:coord>
          <gx:coord>120.11641044169664 30.260532153770328 22.0</gx:coord>
          <gx:coord>120.11659316718578 30.26050793007016 22.0</gx:coord>
          <gx:coord>120.11686993762852 30.260479180142283 21.0</gx:coord>
          <gx:coord>120.11694269254804 30.26045923121273 20.0</gx:coord>
          <gx:coord>120.11698812246324 30.26045612990856 19.0</gx:coord>
          <gx:coord>120.11702575720848 30.26045612990856 18.0</gx:coord>
          <gx:coord>120.1170689240098 30.260453950613737 16.0</gx:coord>
          <gx:coord>120.11713279411197 30.260433247312903 15.0</gx:coord>
          <gx:coord>120.11729313991964 30.260436683893204 14.0</gx:coord>
          <gx:coord>120.11736430227757 30.260427463799715 14.0</gx:coord>
          <gx:coord>120.11739791370928 30.26042285375297 14.0</gx:coord>
          <gx:coord>120.11747444048524 30.260426374152303 14.0</gx:coord>
          <gx:coord>120.11759505607188 30.26041916571557 16.0</gx:coord>
          <gx:coord>120.11768138967454 30.26041497476399 16.0</gx:coord>
          <gx:coord>120.11777945794164 30.26041966862977 16.0</gx:coord>
          <gx:coord>120.11783318594098 30.26041740551591 16.0</gx:coord>
          <gx:coord>120.1178667973727 30.260422099381685 17.0</gx:coord>
          <gx:coord>120.11805086396636 30.260411789640784 16.0</gx:coord>
          <gx:coord>120.11817038990556 30.26040961034596 16.0</gx:coord>
          <gx:coord>120.11826435104012 30.260392259806395 17.0</gx:coord>
          <gx:coord>120.11848479509354 30.260369293391705 16.0</gx:coord>
          <gx:coord>120.11854120530188 30.260357726365328 16.0</gx:coord>
          <gx:coord>120.11860842816532 30.260347416624427 17.0</gx:coord>
          <gx:coord>120.11866215616465 30.26035093702376 18.0</gx:coord>
          <gx:coord>120.11873474344613 30.260333586484197 20.0</gx:coord>
          <gx:coord>120.11876424774528 30.26032662950456 18.0</gx:coord>
          <gx:coord>120.11880456469952 30.260324366390705 17.0</gx:coord>
          <gx:coord>120.1188287883997 30.26031858287752 17.0</gx:coord>
          <gx:coord>120.11886910535397 30.26031631976366 16.0</gx:coord>
          <gx:coord>120.11891067959368 30.260314056649804 16.0</gx:coord>
          <gx:coord>120.11896180920304 30.26031640358269 18.0</gx:coord>
          <gx:coord>120.11898863129318 30.260312967002392 18.0</gx:coord>
          <gx:coord>120.11901553720236 30.260295616462827 19.0</gx:coord>
          <gx:coord>120.1190558541566 30.26030022650957 19.0</gx:coord>
          <gx:coord>120.1191001944244 30.26030265726149 13.0</gx:coord>
          <gx:coord>120.11912165209652 30.260390667244792 13.0</gx:coord>
          <gx:coord>120.11919331736864 30.26056199334562 13.0</gx:coord>
          <gx:coord>120.11926137842238 30.260751005262136 14.0</gx:coord>
          <gx:coord>120.11929113417864 30.26092601940036 14.0</gx:coord>
          <gx:coord>120.11930840089916 30.26096189394593 14.0</gx:coord>
          <gx:coord>120.11931778863072 30.26101746596396 14.0</gx:coord>
          <gx:coord>120.11934461072089 30.261023249477148 14.0</gx:coord>
          <gx:coord>120.11950260959566 30.260995673015717 13.0</gx:coord>
          <gx:coord>120.11965113691986 30.260969856753945 12.0</gx:coord>
          <gx:coord>120.11975574307144 30.260959966108203 12.0</gx:coord>
          <when>1970-01-30T01:09:02Z</when>
          <when>1970-01-30T01:09:07Z</when>
          <when>1970-01-30T01:09:17Z</when>
          <when>1970-01-30T01:09:18Z</when>
          <when>1970-01-30T01:09:22Z</when>
          <when>1970-01-30T01:09:26Z</when>
          <when>1970-01-30T01:09:27Z</when>
          <when>1970-01-30T01:09:31Z</when>
          <when>1970-01-30T01:09:38Z</when>
          <when>1970-01-30T01:09:44Z</when>
          <when>1970-01-30T01:09:50Z</when>
          <when>1970-01-30T01:09:52Z</when>
          <when>1970-01-30T01:09:59Z</when>
          <when>1970-01-30T01:10:06Z</when>
          <when>1970-01-30T01:10:11Z</when>
          <when>1970-01-30T01:10:19Z</when>
          <when>1970-01-30T01:10:27Z</when>
          <when>1970-01-30T01:10:34Z</when>
          <when>1970-01-30T01:10:35Z</when>
          <when>1970-01-30T01:10:41Z</when>
          <when>1970-01-30T01:10:47Z</when>
          <when>1970-01-30T01:10:48Z</when>
          <when>1970-01-30T01:10:55Z</when>
          <when>1970-01-30T01:10:56Z</when>
          <when>1970-01-30T01:11:03Z</when>
          <when>1970-01-30T01:11:09Z</when>
          <when>1970-01-30T01:11:16Z</when>
          <when>1970-01-30T01:11:22Z</when>
          <when>1970-01-30T01:11:27Z</when>
          <when>1970-01-30T01:11:30Z</when>
          <when>1970-01-30T01:11:39Z</when>
          <when>1970-01-30T01:11:46Z</when>
          <when>1970-01-30T01:11:51Z</when>
          <when>1970-01-30T01:11:55Z</when>
          <when>1970-01-30T01:12:01Z</when>
          <when>1970-01-30T01:12:07Z</when>
          <when>1970-01-30T01:12:08Z</when>
          <when>1970-01-30T01:12:15Z</when>
          <when>1970-01-30T01:12:20Z</when>
          <when>1970-01-30T01:12:26Z</when>
          <when>1970-01-30T01:12:32Z</when>
          <when>1970-01-30T01:12:38Z</when>
          <when>1970-01-30T01:12:39Z</when>
          <when>1970-01-30T01:12:42Z</when>
          <when>1970-01-30T01:12:47Z</when>
          <when>1970-01-30T01:12:51Z</when>
          <when>1970-01-30T01:12:54Z</when>
          <when>1970-01-30T01:12:58Z</when>
          <when>1970-01-30T01:13:02Z</when>
          <when>1970-01-30T01:13:09Z</when>
          <when>1970-01-30T01:13:13Z</when>
          <when>1970-01-30T01:13:15Z</when>
          <when>1970-01-31T12:31:07Z</when>
          <when>1970-01-31T12:31:03Z</when>
          <when>1970-01-31T12:30:59Z</when>
          <when>1970-01-31T12:30:55Z</when>
          <when>1970-01-31T12:08:59Z</when>
          <when>1970-01-31T12:09:11Z</when>
          <when>1970-01-31T12:09:17Z</when>
          <when>1970-01-31T12:09:23Z</when>
          <when>1970-01-31T12:09:33Z</when>
          <when>1970-01-31T12:10:39Z</when>
          <when>1970-01-31T12:10:47Z</when>
          <when>1970-01-31T12:10:53Z</when>
          <when>1970-01-31T12:10:59Z</when>
          <when>1970-01-31T12:11:11Z</when>
          <when>1970-01-31T12:11:17Z</when>
          <when>1970-01-31T12:11:23Z</when>
          <when>1970-01-31T12:11:31Z</when>
          <when>1970-01-31T12:11:37Z</when>
          <when>1970-01-31T12:11:41Z</when>
          <when>1970-01-31T12:11:45Z</when>
          <when>1970-01-31T12:11:47Z</when>
          <when>1970-01-31T12:12:07Z</when>
          <when>1970-01-31T12:12:11Z</when>
          <when>1970-01-31T12:12:15Z</when>
          <when>1970-01-31T12:12:19Z</when>
          <when>1970-01-31T12:12:25Z</when>
          <when>1970-01-30T01:13:45Z</when>
          <when>1970-01-30T01:13:48Z</when>
          <when>1970-01-30T01:13:50Z</when>
          <when>1970-01-30T01:13:56Z</when>
          <when>1970-01-30T01:14:01Z</when>
          <when>1970-01-30T01:14:03Z</when>
          <when>1970-01-30T01:14:07Z</when>
          <when>1970-01-30T01:14:10Z</when>
          <when>1970-01-30T01:14:15Z</when>
          <when>1970-01-30T01:14:18Z</when>
          <when>1970-01-30T01:14:20Z</when>
          <when>1970-01-30T01:14:24Z</when>
          <when>1970-01-30T01:14:28Z</when>
          <when>1970-01-30T01:14:31Z</when>
          <when>1970-01-30T01:14:34Z</when>
          <when>1970-01-30T01:14:38Z</when>
          <when>1970-01-30T01:14:41Z</when>
          <when>1970-01-30T01:14:45Z</when>
          <when>1970-01-30T01:14:49Z</when>
          <when>1970-01-30T01:14:52Z</when>
          <when>1970-01-30T01:14:55Z</when>
          <when>1970-01-30T01:14:58Z</when>
          <when>1970-01-30T01:15:01Z</when>
          <when>1970-01-30T01:15:04Z</when>
          <when>1970-01-30T01:15:05Z</when>
          <when>1970-01-30T01:15:07Z</when>
          <when>1970-01-30T01:15:09Z</when>
          <when>1970-01-30T01:15:13Z</when>
          <when>1970-01-30T01:15:16Z</when>
          <when>1970-01-30T01:15:18Z</when>
          <when>1970-01-30T01:15:27Z</when>
          <when>1970-01-30T01:15:36Z</when>
          <when>1970-01-30T01:15:40Z</when>
          <when>1970-01-30T01:15:43Z</when>
          <when>1970-01-30T01:15:44Z</when>
          <when>1970-01-30T01:15:46Z</when>
          <when>1970-01-30T01:15:49Z</when>
          <when>1970-01-30T01:15:53Z</when>
          <when>1970-01-30T01:15:57Z</when>
          <when>1970-01-30T01:16:06Z</when>
          <when>1970-01-30T01:16:11Z</when>
          <when>1970-01-30T01:16:16Z</when>
          <when>1970-01-30T01:16:19Z</when>
          <when>1970-01-30T01:16:23Z</when>
          <when>1970-01-30T01:16:27Z</when>
          <when>1970-01-30T01:16:36Z</when>
          <when>1970-01-30T01:16:42Z</when>
          <when>1970-01-30T01:16:43Z</when>
          <when>1970-01-30T01:16:47Z</when>
          <when>1970-01-30T01:16:53Z</when>
          <when>1970-01-30T01:16:54Z</when>
          <when>1970-01-30T01:16:56Z</when>
          <when>1970-01-30T01:16:58Z</when>
          <when>1970-01-30T01:16:59Z</when>
          <when>1970-01-30T01:17:01Z</when>
          <when>1970-01-30T01:17:05Z</when>
          <when>1970-01-30T01:17:12Z</when>
          <when>1970-01-30T01:17:14Z</when>
          <when>1970-01-30T01:17:18Z</when>
          <when>1970-01-30T01:17:22Z</when>
          <when>1970-01-30T01:17:28Z</when>
          <when>1970-01-30T01:17:29Z</when>
          <when>1970-01-30T01:17:36Z</when>
          <when>1970-01-30T01:17:38Z</when>
          <when>1970-01-30T01:17:39Z</when>
          <when>1970-01-30T01:17:41Z</when>
          <when>1970-01-30T01:17:42Z</when>
          <when>1970-01-30T01:17:44Z</when>
          <when>1970-01-30T01:17:45Z</when>
          <when>1970-01-30T01:17:48Z</when>
          <when>1970-01-30T01:17:51Z</when>
          <when>1970-01-30T01:17:53Z</when>
          <when>1970-01-30T01:17:56Z</when>
          <when>1970-01-30T01:17:59Z</when>
          <when>1970-01-30T01:18:01Z</when>
          <when>1970-01-30T01:18:02Z</when>
          <when>1970-01-30T01:18:03Z</when>
          <when>1970-01-30T01:18:05Z</when>
          <when>1970-01-30T01:18:06Z</when>
          <when>1970-01-30T01:18:08Z</when>
          <when>1970-01-30T01:18:11Z</when>
          <when>1970-01-30T01:18:12Z</when>
          <when>1970-01-30T01:18:14Z</when>
          <when>1970-01-30T01:18:16Z</when>
          <when>1970-01-30T01:18:19Z</when>
          <when>1970-01-30T01:18:20Z</when>
          <when>1970-01-30T01:18:23Z</when>
          <when>1970-01-30T01:18:24Z</when>
          <when>1970-01-30T01:18:26Z</when>
          <when>1970-01-30T01:18:27Z</when>
          <when>1970-01-30T01:18:30Z</when>
          <when>1970-01-30T01:18:31Z</when>
          <when>1970-01-30T01:18:33Z</when>
          <when>1970-01-30T01:18:34Z</when>
          <when>1970-01-30T01:18:36Z</when>
          <when>1970-01-30T01:18:38Z</when>
          <when>1970-01-30T01:18:40Z</when>
          <when>1970-01-30T01:18:41Z</when>
          <when>1970-01-30T01:18:44Z</when>
          <when>1970-01-30T01:18:46Z</when>
          <when>1970-01-30T01:18:47Z</when>
          <when>1970-01-30T01:18:49Z</when>
          <when>1970-01-30T01:18:51Z</when>
          <when>1970-01-30T01:18:53Z</when>
          <when>1970-01-30T01:18:55Z</when>
          <when>1970-01-30T01:18:57Z</when>
          <when>1970-01-30T01:19:02Z</when>
          <when>1970-01-30T01:19:03Z</when>
          <when>1970-01-30T01:19:13Z</when>
          <when>1970-01-30T01:19:19Z</when>
          <when>1970-01-30T01:19:25Z</when>
          <when>1970-01-30T01:19:26Z</when>
          <when>1970-01-30T01:19:34Z</when>
          <when>1970-01-30T01:19:41Z</when>
          <when>1970-01-30T01:19:44Z</when>
          <when>1970-01-30T01:19:45Z</when>
          <when>1970-01-30T01:19:46Z</when>
          <when>1970-01-30T01:19:48Z</when>
          <when>1970-01-30T01:19:50Z</when>
          <when>1970-01-30T01:19:52Z</when>
          <when>1970-01-30T01:19:54Z</when>
          <when>1970-01-30T01:19:56Z</when>
          <when>1970-01-30T01:20:04Z</when>
          <when>1970-01-30T01:20:06Z</when>
          <when>1970-01-30T01:20:08Z</when>
          <when>1970-01-30T01:20:11Z</when>
          <when>1970-01-30T01:20:14Z</when>
          <when>1970-01-30T01:20:16Z</when>
          <when>1970-01-30T01:20:18Z</when>
          <when>1970-01-30T01:20:21Z</when>
          <when>1970-01-30T01:20:23Z</when>
          <when>1970-01-30T01:20:24Z</when>
          <when>1970-01-30T01:20:26Z</when>
          <when>1970-01-30T01:20:27Z</when>
          <when>1970-01-30T01:20:28Z</when>
          <when>1970-01-30T01:20:30Z</when>
          <when>1970-01-30T01:20:31Z</when>
          <when>1970-01-30T01:20:34Z</when>
          <when>1970-01-30T01:20:37Z</when>
          <when>1970-01-30T01:20:40Z</when>
          <when>1970-01-30T01:20:42Z</when>
          <when>1970-01-30T01:20:43Z</when>
          <when>1970-01-30T01:20:45Z</when>
          <when>1970-01-30T01:20:46Z</when>
          <when>1970-01-30T01:20:48Z</when>
          <when>1970-01-30T01:20:49Z</when>
          <when>1970-01-30T01:20:50Z</when>
          <when>1970-01-30T01:20:51Z</when>
          <when>1970-01-30T01:20:52Z</when>
          <when>1970-01-30T01:20:54Z</when>
          <when>1970-01-30T01:20:56Z</when>
          <when>1970-01-30T01:20:59Z</when>
          <when>1970-01-30T01:21:02Z</when>
          <when>1970-01-30T01:21:03Z</when>
          <when>1970-01-30T01:21:06Z</when>
          <when>1970-01-30T01:21:08Z</when>
          <when>1970-01-30T01:21:09Z</when>
          <when>1970-01-30T01:21:10Z</when>
          <when>1970-01-30T01:21:12Z</when>
          <when>1970-01-30T01:21:13Z</when>
          <when>1970-01-30T01:21:15Z</when>
          <when>1970-01-30T01:21:16Z</when>
          <when>1970-01-30T01:21:19Z</when>
          <when>1970-01-30T01:21:21Z</when>
          <when>1970-01-30T01:21:22Z</when>
          <when>1970-01-30T01:21:25Z</when>
          <when>1970-01-30T01:21:27Z</when>
          <when>1970-01-30T01:21:30Z</when>
          <when>1970-01-30T01:21:31Z</when>
          <when>1970-01-30T01:21:33Z</when>
          <when>1970-01-01T00:00:00Z</when>
          <when>1970-01-01T00:00:00Z</when>
          <when>1970-01-01T00:00:00Z</when>
          <when>1970-01-01T00:00:00Z</when>
          <when>1970-01-01T00:00:00Z</when>
          <when>1970-01-01T00:00:00Z</when>
          <when>1970-01-01T00:00:00Z</when>
          <when>1970-01-01T00:00:00Z</when>
          <when>1970-01-01T00:00:00Z</when>
          <when>1970-01-01T00:00:00Z</when>
          <when>1970-01-01T00:00:00Z</when>
          <when>1970-01-01T00:00:00Z</when>
          <when>1970-01-01T00:00:00Z</when>
          <when>1970-01-01T00:00:00Z</when>
          <when>1970-01-01T00:00:00Z</when>
          <when>1970-01-01T00:00:00Z</when>
          <when>1970-01-01T00:00:00Z</when>
          <when>1970-01-01T00:00:00Z</when>
          <when>1970-01-01T00:00:00Z</when>
          <when>1970-01-01T00:00:00Z</when>
          <when>1970-01-01T00:00:00Z</when>
          <when>1970-01-01T00:00:00Z</when>
          <when>1970-01-01T00:00:00Z</when>
          <when>1970-01-01T00:00:00Z</when>
          <when>1970-01-01T00:00:00Z</when>
          <when>1970-01-01T00:00:00Z</when>
          <when>1970-01-01T00:00:00Z</when>
          <when>1970-01-01T00:00:00Z</when>
          <when>1970-01-01T00:00:00Z</when>
          <when>1970-01-01T00:00:00Z</when>
          <when>1970-01-01T00:00:00Z</when>
          <when>1970-01-01T00:00:00Z</when>
          <when>1970-01-01T00:00:00Z</when>
          <when>1970-01-01T00:00:00Z</when>
          <when>1970-01-01T00:00:00Z</when>
          <when>1970-01-01T00:00:00Z</when>
          <when>1970-01-01T00:00:00Z</when>
          <when>1970-01-01T00:00:00Z</when>
          <when>1970-01-01T00:00:00Z</when>
          <when>1970-01-01T00:00:00Z</when>
          <when>1970-01-01T00:00:00Z</when>
          <when>1970-01-01T00:00:00Z</when>
          <when>1970-01-01T00:00:00Z</when>
          <when>1970-01-01T00:00:00Z</when>
          <when>1970-01-01T00:00:00Z</when>
          <when>1970-01-01T00:00:00Z</when>
          <when>1970-01-01T00:00:00Z</when>
          <when>1970-01-01T00:00:00Z</when>
          <when>1970-01-01T00:00:00Z</when>
          <when>1970-01-01T00:00:00Z</when>
          <when>1970-01-01T00:00:00Z</when>
          <when>1970-01-01T00:00:00Z</when>
          <when>1970-01-01T00:00:00Z</when>
          <when>1970-01-01T00:00:00Z</when>
          <when>1970-01-01T00:00:00Z</when>
          <when>1970-01-01T00:00:00Z</when>
          <when>1970-01-01T00:00:00Z</when>
          <when>1970-01-01T00:00:00Z</when>
          <when>1970-01-01T00:00:00Z</when>
          <when>1970-01-01T00:00:00Z</when>
          <when>1970-01-01T00:00:00Z</when>
          <when>1970-01-01T00:00:00Z</when>
          <when>1970-01-01T00:00:00Z</when>
          <when>1970-01-01T00:00:00Z</when>
          <when>1970-01-01T00:00:00Z</when>
          <when>1970-01-01T00:00:00Z</when>
          <when>1970-01-01T00:00:00Z</when>
          <when>1970-01-01T00:00:00Z</when>
          <when>1970-01-01T00:00:00Z</when>
          <when>1970-01-01T00:00:00Z</when>
          <when>1970-01-01T00:00:00Z</when>
          <when>1970-01-01T00:00:00Z</when>
          <when>1970-01-01T00:00:00Z</when>
          <when>1970-01-01T00:00:00Z</when>
          <when>1970-01-01T00:00:00Z</when>
          <when>1970-01-01T00:00:00Z</when>
          <when>1970-01-01T00:00:00Z</when>
          <when>1970-01-01T00:00:00Z</when>
          <when>1970-01-01T00:00:00Z</when>
          <when>1970-01-01T00:00:00Z</when>
          <when>1970-01-01T00:00:00Z</when>
          <when>1970-01-01T00:00:00Z</when>
          <when>1970-01-01T00:00:00Z</when>
          <when>1970-01-01T00:00:00Z</when>
          <when>1970-01-01T00:00:00Z</when>
          <when>1970-01-01T00:00:00Z</when>
          <when>1970-01-01T00:00:00Z</when>
          <when>1970-01-01T00:00:00Z</when>
          <when>1970-01-01T00:00:00Z</when>
          <when>1970-01-01T00:00:00Z</when>
          <when>1970-01-01T00:00:00Z</when>
          <when>1970-01-01T00:00:00Z</when>
          <when>1970-01-01T00:00:00Z</when>
          <when>1970-01-01T00:00:00Z</when>
          <when>1970-01-01T00:00:00Z</when>
          <when>1970-01-01T00:00:00Z</when>
          <when>1970-01-01T00:00:00Z</when>
          <when>1970-01-01T00:00:00Z</when>
          <when>1970-01-01T00:00:00Z</when>
          <when>1970-01-01T00:00:00Z</when>
          <when>1970-01-01T00:00:00Z</when>
          <when>1970-01-01T00:00:00Z</when>
          <when>1970-01-01T00:00:00Z</when>
          <when>1970-01-01T00:00:00Z</when>
          <when>1970-01-01T00:00:00Z</when>
          <when>1970-01-01T00:00:00Z</when>
          <when>1970-01-01T00:00:00Z</when>
          <when>1970-01-01T00:00:00Z</when>
          <when>1970-01-01T00:00:00Z</when>
          <when>1970-01-01T00:00:00Z</when>
          <when>1970-01-01T00:00:00Z</when>
          <when>1970-01-01T00:00:00Z</when>
          <when>1970-01-01T00:00:00Z</when>
          <when>1970-01-01T00:00:00Z</when>
          <when>1970-01-01T00:00:00Z</when>
          <when>1970-01-01T00:00:00Z</when>
          <when>1970-01-01T00:00:00Z</when>
          <when>1970-01-01T00:00:00Z</when>
          <when>1970-01-01T00:00:00Z</when>
          <when>1970-01-01T00:00:00Z</when>
          <when>1970-01-01T00:00:00Z</when>
          <when>1970-01-01T00:00:00Z</when>
          <when>1970-01-01T00:00:00Z</when>
          <when>1970-01-01T00:00:00Z</when>
          <when>1970-01-01T00:00:00Z</when>
          <when>1970-01-01T00:00:00Z</when>
          <when>1970-01-01T00:00:00Z</when>
          <when>1970-01-01T00:00:00Z</when>
          <when>1970-01-01T00:00:00Z</when>
          <when>1970-01-01T00:00:00Z</when>
          <when>1970-01-01T00:00:00Z</when>
          <when>1970-01-01T00:00:00Z</when>
          <when>1970-01-01T00:00:00Z</when>
          <when>1970-01-01T00:00:00Z</when>
          <when>1970-01-01T00:00:00Z</when>
          <when>1970-01-01T00:00:00Z</when>
          <when>1970-01-01T00:00:00Z</when>
          <when>1970-01-01T00:00:00Z</when>
          <when>1970-01-01T00:00:00Z</when>
          <when>1970-01-01T00:00:00Z</when>
          <when>1970-01-01T00:00:00Z</when>
          <when>1970-01-01T00:00:00Z</when>
          <when>1970-01-01T00:00:00Z</when>
          <when>1970-01-01T00:00:00Z</when>
          <when>1970-01-01T00:00:00Z</when>
          <when>1970-01-01T00:00:00Z</when>
          <when>1970-01-01T00:00:00Z</when>
          <when>1970-01-01T00:00:00Z</when>
          <when>1970-01-01T00:00:00Z</when>
          <when>1970-01-01T00:00:00Z</when>
          <when>1970-01-01T00:00:00Z</when>
          <when>1970-01-01T00:00:00Z</when>
          <when>1970-01-01T00:00:00Z</when>
          <when>1970-01-01T00:00:00Z</when>
          <when>1970-01-01T00:00:00Z</when>
          <when>1970-01-01T00:00:00Z</when>
          <when>1970-01-01T00:00:00Z</when>
          <when>1970-01-01T00:00:00Z</when>
          <when>1970-01-01T00:00:00Z</when>
          <when>1970-01-01T00:00:00Z</when>
          <when>1970-01-01T00:00:00Z</when>
          <when>1970-01-01T00:00:00Z</when>
          <when>1970-01-01T00:00:00Z</when>
          <when>1970-01-01T00:00:00Z</when>
          <when>1970-01-01T00:00:00Z</when>
          <when>1970-01-01T00:00:00Z</when>
          <when>1970-01-01T00:00:00Z</when>
          <when>1970-01-01T00:00:00Z</when>
          <when>1970-01-01T00:00:00Z</when>
          <when>1970-01-01T00:00:00Z</when>
          <when>1970-01-01T00:00:00Z</when>
          <when>1970-01-30T03:41:47Z</when>
          <when>1970-01-30T03:41:52Z</when>
          <when>1970-01-30T03:41:55Z</when>
          <when>1970-01-30T03:41:57Z</when>
          <when>1970-01-30T03:42:03Z</when>
          <when>1970-01-30T03:42:05Z</when>
          <when>1970-01-30T03:42:07Z</when>
          <when>1970-01-30T03:42:15Z</when>
          <when>1970-01-30T03:42:21Z</when>
          <when>1970-01-30T03:42:26Z</when>
          <when>1970-01-30T03:42:28Z</when>
          <when>1970-01-30T03:42:30Z</when>
          <when>1970-01-30T03:42:33Z</when>
          <when>1970-01-30T03:42:34Z</when>
          <when>1970-01-30T03:42:36Z</when>
          <when>1970-01-30T03:42:40Z</when>
          <when>1970-01-30T03:42:42Z</when>
          <when>1970-01-30T03:42:45Z</when>
          <when>1970-01-30T03:42:47Z</when>
          <when>1970-01-30T03:42:50Z</when>
          <when>1970-01-30T03:42:52Z</when>
          <when>1970-01-30T03:42:54Z</when>
          <when>1970-01-30T03:42:57Z</when>
          <when>1970-01-30T03:43:00Z</when>
          <when>1970-01-30T03:43:01Z</when>
          <when>1970-01-30T03:43:02Z</when>
          <when>1970-01-30T03:43:04Z</when>
          <when>1970-01-30T03:43:06Z</when>
          <when>1970-01-30T03:43:08Z</when>
          <when>1970-01-30T03:43:09Z</when>
          <when>1970-01-30T03:43:10Z</when>
          <when>1970-01-30T03:43:11Z</when>
          <when>1970-01-30T03:43:13Z</when>
          <when>1970-01-30T03:43:14Z</when>
          <when>1970-01-30T03:43:15Z</when>
          <when>1970-01-30T03:43:18Z</when>
          <when>1970-01-30T03:43:19Z</when>
          <when>1970-01-30T03:43:20Z</when>
          <when>1970-01-30T03:43:22Z</when>
          <when>1970-01-30T03:43:23Z</when>
          <when>1970-01-30T03:43:24Z</when>
          <when>1970-01-30T03:43:26Z</when>
          <when>1970-01-30T03:43:27Z</when>
          <when>1970-01-30T03:43:28Z</when>
          <when>1970-01-30T03:43:30Z</when>
          <when>1970-01-30T03:43:32Z</when>
          <when>1970-01-30T03:43:34Z</when>
          <when>1970-01-30T03:43:36Z</when>
          <when>1970-01-30T03:43:38Z</when>
          <when>1970-01-30T03:43:40Z</when>
          <when>1970-01-30T03:43:41Z</when>
          <when>1970-01-30T03:43:42Z</when>
          <when>1970-01-30T03:43:44Z</when>
          <when>1970-01-30T03:43:45Z</when>
          <when>1970-01-30T03:43:46Z</when>
          <when>1970-01-30T03:43:48Z</when>
          <when>1970-01-30T03:43:50Z</when>
          <when>1970-01-30T03:43:51Z</when>
          <when>1970-01-30T03:43:52Z</when>
          <when>1970-01-30T03:43:53Z</when>
          <when>1970-01-30T03:43:54Z</when>
          <when>1970-01-30T03:43:55Z</when>
          <when>1970-01-30T03:43:57Z</when>
          <when>1970-01-30T03:43:59Z</when>
          <when>1970-01-30T03:44:00Z</when>
          <when>1970-01-30T03:44:01Z</when>
          <when>1970-01-30T03:44:03Z</when>
          <when>1970-01-30T03:44:05Z</when>
          <when>1970-01-30T03:44:07Z</when>
          <when>1970-01-30T03:44:08Z</when>
          <when>1970-01-30T03:44:09Z</when>
          <when>1970-01-30T03:44:11Z</when>
          <when>1970-01-30T03:44:13Z</when>
          <when>1970-01-30T03:44:15Z</when>
          <when>1970-01-30T03:44:16Z</when>
          <when>1970-01-30T03:44:18Z</when>
          <when>1970-01-30T03:44:20Z</when>
          <when>1970-01-30T03:44:22Z</when>
          <when>1970-01-30T03:44:23Z</when>
          <when>1970-01-30T03:44:24Z</when>
          <when>1970-01-30T03:44:26Z</when>
          <when>1970-01-30T03:44:27Z</when>
          <when>1970-01-30T03:44:28Z</when>
          <when>1970-01-30T03:44:31Z</when>
          <when>1970-01-30T03:44:32Z</when>
          <when>1970-01-30T03:44:33Z</when>
          <when>1970-01-30T03:44:36Z</when>
          <when>1970-01-30T03:44:38Z</when>
          <when>1970-01-30T03:44:39Z</when>
          <when>1970-01-30T03:44:40Z</when>
          <when>1970-01-30T03:44:42Z</when>
          <when>1970-01-30T03:44:43Z</when>
          <when>1970-01-30T03:44:47Z</when>
          <when>1970-01-30T03:44:48Z</when>
          <when>1970-01-30T03:44:51Z</when>
          <when>1970-01-30T03:44:55Z</when>
          <when>1970-01-30T03:44:57Z</when>
          <when>1970-01-30T03:44:59Z</when>
          <when>1970-01-24T09:48:52Z</when>
          <when>1970-01-24T09:48:47Z</when>
          <when>1970-01-24T09:48:44Z</when>
          <when>1970-01-24T09:48:40Z</when>
          <when>1970-01-24T09:48:32Z</when>
          <when>1970-01-24T09:48:25Z</when>
          <when>1970-01-24T09:48:15Z</when>
          <when>1970-01-24T09:48:11Z</when>
          <when>1970-01-24T09:48:09Z</when>
          <when>1970-01-24T09:48:05Z</when>
          <when>1970-01-24T09:48:02Z</when>
          <when>1970-01-24T09:47:58Z</when>
          <when>1970-01-24T09:47:54Z</when>
          <when>1970-01-24T09:47:50Z</when>
          <when>1970-01-24T09:47:47Z</when>
          <when>1970-01-24T09:47:40Z</when>
          <when>1970-01-24T09:47:33Z</when>
          <when>1970-01-24T09:47:29Z</when>
          <when>1970-01-24T09:47:24Z</when>
          <when>1970-01-24T09:47:21Z</when>
          <when>1970-01-24T09:47:17Z</when>
          <when>1970-01-24T09:47:05Z</when>
          <when>1970-01-24T09:47:02Z</when>
          <when>1970-01-24T09:47:01Z</when>
          <when>1970-01-24T09:46:47Z</when>
          <when>1970-01-24T09:46:42Z</when>
          <when>1970-01-24T09:46:39Z</when>
          <when>1970-01-24T09:46:38Z</when>
          <when>1970-01-24T09:46:37Z</when>
          <when>1970-01-24T09:46:35Z</when>
          <when>1970-01-24T09:46:31Z</when>
          <when>1970-01-24T09:46:26Z</when>
          <when>1970-01-24T09:46:19Z</when>
          <when>1970-01-24T09:46:16Z</when>
          <when>1970-01-24T09:46:13Z</when>
          <when>1970-01-24T09:46:07Z</when>
          <when>1970-01-24T09:46:04Z</when>
          <when>1970-01-24T09:46:02Z</when>
          <when>1970-01-24T09:46:00Z</when>
          <when>1970-01-24T09:45:58Z</when>
          <when>1970-01-24T09:45:57Z</when>
          <when>1970-01-24T09:45:53Z</when>
          <when>1970-01-24T09:45:50Z</when>
          <when>1970-01-24T09:45:47Z</when>
          <when>1970-01-24T09:45:43Z</when>
          <when>1970-01-24T09:45:40Z</when>
          <when>1970-01-24T09:45:37Z</when>
          <when>1970-01-24T09:45:36Z</when>
          <when>1970-01-24T09:45:35Z</when>
          <when>1970-01-24T09:45:32Z</when>
          <when>1970-01-24T09:45:28Z</when>
          <when>1970-01-24T09:45:24Z</when>
          <when>1970-01-24T09:45:23Z</when>
          <when>1970-01-24T09:45:21Z</when>
          <when>1970-01-24T09:45:20Z</when>
          <when>1970-01-24T09:45:18Z</when>
          <when>1970-01-24T09:45:16Z</when>
          <when>1970-01-24T09:45:12Z</when>
          <when>1970-01-24T09:45:06Z</when>
          <when>1970-01-24T09:45:04Z</when>
          <when>1970-01-24T09:45:02Z</when>
          <when>1970-01-24T09:44:59Z</when>
          <when>1970-01-24T09:44:56Z</when>
          <when>1970-01-24T09:44:52Z</when>
          <when>1970-01-24T09:44:49Z</when>
          <when>1970-01-24T09:44:48Z</when>
          <when>1970-01-24T09:44:46Z</when>
          <when>1970-01-24T09:44:44Z</when>
          <when>1970-01-24T09:44:41Z</when>
          <when>1970-01-24T09:44:39Z</when>
          <when>1970-01-24T09:44:36Z</when>
          <when>1970-01-24T09:44:35Z</when>
          <when>1970-01-24T09:44:32Z</when>
          <when>1970-01-24T09:44:30Z</when>
          <when>1970-01-24T09:44:28Z</when>
          <when>1970-01-24T09:44:23Z</when>
          <when>1970-01-24T09:44:20Z</when>
          <when>1970-01-24T09:44:17Z</when>
          <when>1970-01-24T09:44:15Z</when>
          <when>1970-01-24T09:44:14Z</when>
          <when>1970-01-24T09:44:09Z</when>
          <when>1970-01-24T09:44:07Z</when>
          <when>1970-01-24T09:44:04Z</when>
          <when>1970-01-24T09:44:03Z</when>
          <when>1970-01-24T09:44:00Z</when>
          <when>1970-01-24T09:43:59Z</when>
          <when>1970-01-24T09:43:57Z</when>
          <when>1970-01-24T09:43:56Z</when>
          <when>1970-01-24T09:43:54Z</when>
          <when>1970-01-24T09:43:52Z</when>
          <when>1970-01-24T09:43:50Z</when>
          <when>1970-01-24T09:43:49Z</when>
          <when>1970-01-24T09:43:46Z</when>
          <when>1970-01-24T09:43:45Z</when>
          <when>1970-01-24T09:43:40Z</when>
          <when>1970-01-24T09:43:38Z</when>
          <when>1970-01-24T09:43:36Z</when>
          <when>1970-01-24T09:43:31Z</when>
          <when>1970-01-24T09:43:30Z</when>
          <when>1970-01-24T09:43:29Z</when>
          <when>1970-01-24T09:43:24Z</when>
          <when>1970-01-24T09:43:22Z</when>
          <when>1970-01-24T09:43:08Z</when>
          <when>1970-01-24T09:42:56Z</when>
          <when>1970-01-24T09:42:54Z</when>
          <when>1970-01-24T09:42:51Z</when>
          <when>1970-01-24T09:42:48Z</when>
          <when>1970-01-24T09:42:47Z</when>
          <when>1970-01-24T09:42:03Z</when>
          <when>1970-01-24T09:41:54Z</when>
          <when>1970-01-24T09:41:17Z</when>
          <when>1970-01-24T09:41:13Z</when>
          <when>1970-01-24T09:41:09Z</when>
          <when>1970-01-24T09:41:06Z</when>
          <when>1970-01-24T09:40:59Z</when>
          <when>1970-01-24T09:40:52Z</when>
          <when>1970-01-24T09:40:49Z</when>
          <when>1970-01-24T09:40:46Z</when>
          <when>1970-01-24T09:40:45Z</when>
          <when>1970-01-24T09:40:42Z</when>
          <when>1970-01-24T09:40:40Z</when>
          <when>1970-01-24T09:40:38Z</when>
          <when>1970-01-24T09:40:36Z</when>
          <when>1970-01-24T09:40:34Z</when>
          <when>1970-01-24T09:40:31Z</when>
          <when>1970-01-24T09:40:27Z</when>
          <when>1970-01-24T09:40:26Z</when>
          <when>1970-01-24T09:40:24Z</when>
          <when>1970-01-24T09:40:21Z</when>
          <when>1970-01-24T09:40:17Z</when>
          <when>1970-01-24T09:40:15Z</when>
          <when>1970-01-24T09:40:13Z</when>
          <when>1970-01-24T09:40:10Z</when>
          <when>1970-01-24T09:40:05Z</when>
          <when>1970-01-24T09:40:03Z</when>
          <when>1970-01-24T09:39:59Z</when>
          <when>1970-01-24T09:39:56Z</when>
          <when>1970-01-24T09:39:51Z</when>
          <when>1970-01-24T09:39:47Z</when>
          <when>1970-01-24T09:39:44Z</when>
          <when>1970-01-24T09:39:43Z</when>
          <when>1970-01-24T09:39:41Z</when>
          <when>1970-01-24T09:39:40Z</when>
          <when>1970-01-24T09:39:38Z</when>
          <when>1970-01-24T09:39:34Z</when>
          <when>1970-01-24T09:39:30Z</when>
          <when>1970-01-24T09:39:27Z</when>
          <when>1970-01-24T09:39:21Z</when>
          <when>1970-01-24T09:39:19Z</when>
          <when>1970-01-24T09:39:17Z</when>
          <when>1970-01-24T09:39:15Z</when>
          <when>1970-01-24T09:39:14Z</when>
          <when>1970-01-24T09:39:11Z</when>
          <when>1970-01-24T09:39:10Z</when>
          <when>1970-01-24T09:39:07Z</when>
          <when>1970-01-24T09:39:05Z</when>
          <when>1970-01-24T09:39:04Z</when>
          <when>1970-01-24T09:38:58Z</when>
          <when>1970-01-24T09:38:52Z</when>
          <when>1970-01-24T09:38:50Z</when>
          <when>1970-01-24T09:38:47Z</when>
          <when>1970-01-24T09:38:46Z</when>
          <when>1970-01-24T09:38:45Z</when>
          <when>1970-01-24T09:38:42Z</when>
          <when>1970-01-24T09:38:38Z</when>
          <when>1970-01-24T09:38:34Z</when>
          <when>1970-01-24T09:38:32Z</when>
          <when>1970-01-24T09:38:31Z</when>
          <when>1970-01-24T09:38:29Z</when>
          <when>1970-01-24T09:38:24Z</when>
          <when>1970-01-24T09:38:18Z</when>
          <when>1970-01-24T09:38:07Z</when>
          <when>1970-01-24T09:38:06Z</when>
          <when>1970-01-24T09:38:04Z</when>
          <when>1970-01-24T09:38:02Z</when>
          <when>1970-01-24T09:38:00Z</when>
          <when>1970-01-24T09:37:58Z</when>
          <when>1970-01-24T09:37:57Z</when>
          <when>1970-01-24T09:37:54Z</when>
          <when>1970-01-24T09:37:52Z</when>
          <when>1970-01-24T09:37:50Z</when>
          <when>1970-01-24T09:37:48Z</when>
          <when>1970-01-24T09:37:38Z</when>
          <when>1970-01-24T09:37:36Z</when>
          <when>1970-01-24T09:37:32Z</when>
          <when>1970-01-24T09:37:27Z</when>
          <when>1970-01-24T09:37:18Z</when>
          <when>1970-01-24T09:37:09Z</when>
          <when>1970-01-24T09:37:01Z</when>
          <when>1970-01-24T09:36:58Z</when>
          <when>1970-01-24T09:36:50Z</when>
          <when>1970-01-24T09:36:46Z</when>
          <when>1970-01-24T09:36:41Z</when>
          <when>1970-01-24T09:36:33Z</when>
          <when>1970-01-24T09:36:31Z</when>
          <when>1970-01-24T09:36:08Z</when>
          <when>1970-01-24T09:35:57Z</when>
          <when>1970-01-24T09:35:54Z</when>
          <when>1970-01-24T09:35:48Z</when>
          <when>1970-01-24T09:35:42Z</when>
          <when>1970-01-24T09:35:30Z</when>
          <when>1970-01-24T09:35:26Z</when>
          <when>1970-01-24T09:35:19Z</when>
          <when>1970-01-24T09:35:10Z</when>
          <when>1970-01-24T09:35:07Z</when>
          <when>1970-01-24T09:35:02Z</when>
          <when>1970-01-24T09:34:57Z</when>
          <when>1970-01-24T09:34:43Z</when>
          <when>1970-01-24T09:34:40Z</when>
          <when>1970-01-24T09:34:29Z</when>
          <when>1970-01-24T09:34:18Z</when>
          <when>1970-01-24T09:34:13Z</when>
          <when>1970-01-24T09:34:11Z</when>
          <when>1970-01-24T09:34:09Z</when>
          <when>1970-01-24T09:34:06Z</when>
          <when>1970-01-24T09:34:04Z</when>
          <when>1970-01-24T09:34:01Z</when>
          <when>1970-01-24T09:33:59Z</when>
          <when>1970-01-24T09:33:55Z</when>
          <when>1970-01-24T09:33:52Z</when>
          <when>1970-01-24T09:33:45Z</when>
          <when>1970-01-24T09:33:44Z</when>
          <when>1970-01-24T09:33:40Z</when>
          <when>1970-01-24T09:33:38Z</when>
          <when>1970-01-24T09:33:33Z</when>
          <when>1970-01-24T09:33:30Z</when>
          <when>1970-01-24T09:33:25Z</when>
          <when>1970-01-24T09:33:20Z</when>
          <when>1970-01-24T09:33:18Z</when>
          <when>1970-01-24T09:33:14Z</when>
          <when>1970-01-24T09:33:06Z</when>
          <when>1970-01-24T09:33:04Z</when>
          <when>1970-01-24T09:32:57Z</when>
          <when>1970-01-24T09:32:48Z</when>
          <when>1970-01-24T09:32:34Z</when>
          <when>1970-01-24T09:32:29Z</when>
          <when>1970-01-24T09:32:25Z</when>
          <when>1970-01-24T09:32:12Z</when>
          <when>1970-01-24T09:32:08Z</when>
          <when>1970-01-24T09:32:05Z</when>
          <when>1970-01-24T09:31:57Z</when>
          <when>1970-01-24T09:31:54Z</when>
          <when>1970-01-24T09:31:46Z</when>
          <when>1970-01-24T09:31:42Z</when>
          <when>1970-01-24T09:31:37Z</when>
          <when>1970-01-24T09:31:26Z</when>
          <when>1970-01-24T09:31:16Z</when>
          <when>1970-01-24T09:31:11Z</when>
          <when>1970-01-24T09:31:05Z</when>
          <when>1970-01-24T09:31:01Z</when>
          <when>1970-01-24T09:30:57Z</when>
          <when>1970-01-24T09:30:55Z</when>
          <when>1970-01-24T09:30:54Z</when>
          <when>1970-01-24T09:30:41Z</when>
          <when>1970-01-24T09:30:37Z</when>
          <when>1970-01-24T09:30:35Z</when>
          <when>1970-01-24T09:30:34Z</when>
          <when>1970-01-24T09:30:19Z</when>
          <when>1970-01-24T09:30:07Z</when>
          <when>1970-01-24T09:30:06Z</when>
          <when>1970-01-24T09:30:02Z</when>
          <when>1970-01-24T09:29:54Z</when>
          <when>1970-01-24T09:29:49Z</when>
          <when>1970-01-24T09:29:43Z</when>
          <when>1970-01-24T09:29:40Z</when>
          <when>1970-01-24T09:29:37Z</when>
          <when>1970-01-24T09:29:30Z</when>
          <when>1970-01-24T09:29:28Z</when>
          <when>1970-01-24T09:29:27Z</when>
          <when>1970-01-24T09:29:24Z</when>
          <when>1970-01-24T09:29:19Z</when>
          <when>1970-01-24T09:29:15Z</when>
          <when>1970-01-24T09:29:11Z</when>
          <when>1970-01-24T09:29:05Z</when>
          <when>1970-01-24T09:28:51Z</when>
          <when>1970-01-24T09:28:48Z</when>
          <when>1970-01-24T09:28:46Z</when>
          <when>1970-01-24T09:28:42Z</when>
          <when>1970-01-24T09:28:40Z</when>
          <when>1970-01-24T09:28:37Z</when>
          <when>1970-01-24T09:28:33Z</when>
          <when>1970-01-24T09:28:31Z</when>
          <when>1970-01-24T09:28:27Z</when>
          <when>1970-01-24T09:28:21Z</when>
          <when>1970-01-24T09:28:13Z</when>
          <when>1970-01-24T09:28:11Z</when>
          <when>1970-01-24T09:28:06Z</when>
          <when>1970-01-24T09:27:55Z</when>
          <when>1970-01-24T09:27:48Z</when>
          <when>1970-01-01T00:00:00Z</when>
          <when>1970-01-01T00:00:00Z</when>
          <when>1970-01-01T00:00:00Z</when>
          <when>1970-01-01T00:00:00Z</when>
          <when>1970-01-01T00:00:00Z</when>
          <when>1970-01-01T00:00:00Z</when>
          <when>1970-01-01T00:00:00Z</when>
          <when>1970-01-01T00:00:00Z</when>
          <when>1970-01-01T00:00:00Z</when>
          <when>1970-01-01T00:00:00Z</when>
          <when>1970-01-01T00:00:00Z</when>
          <when>1970-01-01T00:00:00Z</when>
          <when>1970-01-01T00:00:00Z</when>
          <when>1970-01-01T00:00:00Z</when>
          <when>1970-01-01T00:00:00Z</when>
          <when>1970-01-01T00:00:00Z</when>
          <when>1970-01-01T00:00:00Z</when>
          <when>1970-01-01T00:00:00Z</when>
          <when>1970-01-01T00:00:00Z</when>
          <when>1970-01-01T00:00:00Z</when>
          <when>1970-01-01T00:00:00Z</when>
          <when>1970-01-01T00:00:00Z</when>
          <when>1970-01-01T00:00:00Z</when>
          <when>1970-01-01T00:00:00Z</when>
          <when>1970-01-01T00:00:00Z</when>
          <when>1970-01-01T00:00:00Z</when>
          <when>1970-01-01T00:00:00Z</when>
          <when>1970-01-01T00:00:00Z</when>
          <when>1970-01-01T00:00:00Z</when>
          <when>1970-01-01T00:00:00Z</when>
          <when>1970-01-01T00:00:00Z</when>
          <when>1970-01-01T00:00:00Z</when>
          <when>1970-01-01T00:00:00Z</when>
          <when>1970-01-01T00:00:00Z</when>
          <when>1970-01-01T00:00:00Z</when>
          <when>1970-01-01T00:00:00Z</when>
          <when>1970-01-01T00:00:00Z</when>
          <when>1970-01-01T00:00:00Z</when>
          <when>1970-01-01T00:00:00Z</when>
          <when>1970-01-01T00:00:00Z</when>
          <when>1970-01-01T00:00:00Z</when>
          <when>1970-01-01T00:00:00Z</when>
          <when>1970-01-01T00:00:00Z</when>
          <when>1970-01-01T00:00:00Z</when>
          <when>1970-01-01T00:00:00Z</when>
          <when>1970-01-01T00:00:00Z</when>
          <when>1970-01-01T00:00:00Z</when>
          <when>1970-01-01T00:00:00Z</when>
          <when>1970-01-01T00:00:00Z</when>
          <when>1970-01-01T00:00:00Z</when>
          <when>1970-01-01T00:00:00Z</when>
          <when>1970-01-01T00:00:00Z</when>
          <when>1970-01-01T00:00:00Z</when>
          <when>1970-01-01T00:00:00Z</when>
          <when>1970-01-01T00:00:00Z</when>
          <when>1970-01-01T00:00:00Z</when>
          <when>1970-01-01T00:00:00Z</when>
          <when>1970-01-01T00:00:00Z</when>
          <when>1970-01-01T00:00:00Z</when>
          <when>1970-01-01T00:00:00Z</when>
          <when>1970-01-01T00:00:00Z</when>
          <when>1970-01-01T00:00:00Z</when>
          <when>1970-01-01T00:00:00Z</when>
          <when>1970-01-01T00:00:00Z</when>
          <when>1970-01-01T00:00:00Z</when>
          <when>1970-01-01T00:00:00Z</when>
          <when>1970-01-01T00:00:00Z</when>
          <when>1970-01-01T00:00:00Z</when>
          <when>1970-01-01T00:00:00Z</when>
          <when>1970-01-01T00:00:00Z</when>
          <when>1970-01-01T00:00:00Z</when>
          <when>1970-01-01T00:00:00Z</when>
          <when>1970-01-01T00:00:00Z</when>
          <when>1970-01-01T00:00:00Z</when>
          <when>1970-01-01T00:00:00Z</when>
          <when>1970-01-01T00:00:00Z</when>
          <when>1970-01-01T00:00:00Z</when>
          <when>1970-01-01T00:00:00Z</when>
          <when>1970-01-01T00:00:00Z</when>
          <when>1970-01-01T00:00:00Z</when>
          <when>1970-01-01T00:00:00Z</when>
          <when>1970-01-01T00:00:00Z</when>
          <when>1970-01-01T00:00:00Z</when>
          <when>1970-01-01T00:00:00Z</when>
          <when>1970-01-01T00:00:00Z</when>
          <when>1970-01-01T00:00:00Z</when>
          <when>1970-01-01T00:00:00Z</when>
          <when>1970-01-01T00:00:00Z</when>
          <when>1970-01-01T00:00:00Z</when>
          <when>1970-01-01T00:00:00Z</when>
          <when>1970-01-01T00:00:00Z</when>
          <when>1970-01-01T00:00:00Z</when>
          <when>1970-01-01T00:00:00Z</when>
          <when>1970-01-01T00:00:00Z</when>
          <when>1970-01-01T00:00:00Z</when>
          <when>1970-01-01T00:00:00Z</when>
          <when>1970-01-01T00:00:00Z</when>
          <when>1970-01-01T00:00:00Z</when>
          <when>1970-01-01T00:00:00Z</when>
          <when>1970-01-01T00:00:00Z</when>
          <when>1970-01-01T00:00:00Z</when>
          <when>1970-01-01T00:00:00Z</when>
          <when>1970-01-01T00:00:00Z</when>
          <when>1970-01-01T00:00:00Z</when>
          <when>1970-01-01T00:00:00Z</when>
          <when>1970-01-01T00:00:00Z</when>
          <when>1970-01-01T00:00:00Z</when>
          <when>1970-01-01T00:00:00Z</when>
          <when>1970-01-01T00:00:00Z</when>
          <when>1970-01-01T00:00:00Z</when>
          <when>1970-01-01T00:00:00Z</when>
          <when>1970-01-01T00:00:00Z</when>
          <when>1970-01-01T00:00:00Z</when>
          <when>1970-01-01T00:00:00Z</when>
          <when>1970-01-01T00:00:00Z</when>
          <when>1970-01-01T00:00:00Z</when>
          <when>1970-01-01T00:00:00Z</when>
          <when>1970-01-01T00:00:00Z</when>
          <when>1970-01-01T00:00:00Z</when>
          <when>1970-01-01T00:00:00Z</when>
          <when>1970-01-01T00:00:00Z</when>
          <when>1970-01-01T00:00:00Z</when>
          <when>1970-01-01T00:00:00Z</when>
          <when>1970-01-01T00:00:00Z</when>
          <when>1970-01-01T00:00:00Z</when>
          <when>1970-01-01T00:00:00Z</when>
          <when>1970-01-01T00:00:00Z</when>
          <when>1970-01-01T00:00:00Z</when>
          <when>1970-01-01T00:00:00Z</when>
          <when>1970-01-01T00:00:00Z</when>
          <when>1970-01-01T00:00:00Z</when>
          <when>1970-01-01T00:00:00Z</when>
          <when>1970-01-01T00:00:00Z</when>
          <when>1970-01-01T00:00:00Z</when>
          <when>1970-01-01T00:00:00Z</when>
          <when>1970-01-01T00:00:00Z</when>
          <when>1970-01-01T00:00:00Z</when>
          <when>1970-01-01T00:00:00Z</when>
          <when>1970-01-01T00:00:00Z</when>
          <when>1970-01-01T00:00:00Z</when>
          <when>1970-01-01T00:00:00Z</when>
          <when>1970-01-01T00:00:00Z</when>
          <when>1970-01-01T00:00:00Z</when>
          <when>1970-01-01T00:00:00Z</when>
          <when>1970-01-01T00:00:00Z</when>
          <when>1970-01-01T00:00:00Z</when>
          <when>1970-01-01T00:00:00Z</when>
          <when>1970-01-01T00:00:00Z</when>
          <when>1970-01-01T00:00:00Z</when>
          <when>1970-01-01T00:00:00Z</when>
          <when>1970-01-01T00:00:00Z</when>
          <when>1970-01-01T00:00:00Z</when>
          <when>1970-01-01T00:00:00Z</when>
          <when>1970-01-01T00:00:00Z</when>
          <when>1970-01-01T00:00:00Z</when>
          <when>1970-01-01T00:00:00Z</when>
          <when>1970-01-01T00:00:00Z</when>
          <when>1970-01-01T00:00:00Z</when>
          <when>1970-01-01T00:00:00Z</when>
          <when>1970-01-01T00:00:00Z</when>
          <when>1970-01-01T00:00:00Z</when>
          <when>1970-01-01T00:00:00Z</when>
          <when>1970-01-01T00:00:00Z</when>
          <when>1970-01-01T00:00:00Z</when>
          <when>1970-01-01T00:00:00Z</when>
          <when>1970-01-01T00:00:00Z</when>
          <when>1970-01-01T00:00:00Z</when>
          <when>1970-01-01T00:00:00Z</when>
          <when>1970-01-01T00:00:00Z</when>
          <when>1970-01-01T00:00:00Z</when>
          <when>1970-01-01T00:00:00Z</when>
          <when>1970-01-01T00:00:00Z</when>
          <when>1970-01-01T00:00:00Z</when>
          <when>1970-01-01T00:00:00Z</when>
          <when>1970-01-01T00:00:00Z</when>
          <when>1970-01-01T00:00:00Z</when>
          <when>1970-01-01T00:00:00Z</when>
          <when>1970-01-01T00:00:00Z</when>
          <when>1970-01-01T00:00:00Z</when>
          <when>1970-01-01T00:00:00Z</when>
          <when>1970-01-01T00:00:00Z</when>
          <when>1970-01-01T00:00:00Z</when>
          <when>1970-01-01T00:00:00Z</when>
          <when>1970-01-01T00:00:00Z</when>
          <when>1970-01-01T00:00:00Z</when>
          <when>1970-01-01T00:00:00Z</when>
          <when>1970-01-01T00:00:00Z</when>
          <when>1970-01-01T00:00:00Z</when>
          <when>1970-01-01T00:00:00Z</when>
          <when>1970-01-01T00:00:00Z</when>
          <when>1970-01-01T00:00:00Z</when>
          <when>1970-01-01T00:00:00Z</when>
          <when>1970-01-01T00:00:00Z</when>
          <when>1970-01-01T00:00:00Z</when>
          <when>1970-01-01T00:00:00Z</when>
          <when>1970-01-01T00:00:00Z</when>
          <when>1970-01-01T00:00:00Z</when>
          <when>1970-01-01T00:00:00Z</when>
          <when>1970-01-01T00:00:00Z</when>
          <when>1970-01-01T00:00:00Z</when>
          <when>1970-01-01T00:00:00Z</when>
          <when>1970-01-01T00:00:00Z</when>
          <when>1970-01-01T00:00:00Z</when>
          <when>1970-01-01T00:00:00Z</when>
          <when>1970-01-01T00:00:00Z</when>
          <when>1970-01-01T00:00:00Z</when>
          <when>1970-01-01T00:00:00Z</when>
          <when>1970-01-01T00:00:00Z</when>
          <when>1970-01-01T00:00:00Z</when>
          <when>1970-01-01T00:00:00Z</when>
          <when>1970-01-01T00:00:00Z</when>
          <when>1970-01-01T00:00:00Z</when>
          <when>1970-01-01T00:00:00Z</when>
          <when>1970-01-01T00:00:00Z</when>
          <when>1970-01-01T00:00:00Z</when>
          <when>1970-01-01T00:00:00Z</when>
          <when>1970-01-01T00:00:00Z</when>
          <when>1970-01-01T00:00:00Z</when>
          <when>1970-01-01T00:00:00Z</when>
          <when>1970-01-01T00:00:00Z</when>
          <when>1970-01-01T00:00:00Z</when>
          <when>1970-01-01T00:00:00Z</when>
          <when>1970-01-01T00:00:00Z</when>
          <when>1970-01-01T00:00:00Z</when>
          <when>1970-01-01T00:00:00Z</when>
          <when>1970-01-01T00:00:00Z</when>
          <when>1970-01-01T00:00:00Z</when>
          <when>1970-01-01T00:00:00Z</when>
          <when>1970-01-01T00:00:00Z</when>
          <when>1970-01-01T00:00:00Z</when>
          <when>1970-01-01T00:00:00Z</when>
          <when>1970-01-01T00:00:00Z</when>
          <when>1970-01-01T00:00:00Z</when>
          <when>1970-01-01T00:00:00Z</when>
          <when>1970-01-01T00:00:00Z</when>
          <when>1970-01-01T00:00:00Z</when>
          <when>1970-01-01T00:00:00Z</when>
          <when>1970-01-01T00:00:00Z</when>
          <when>1970-01-01T00:00:00Z</when>
          <when>1970-01-01T00:00:00Z</when>
          <when>1970-01-01T00:00:00Z</when>
          <when>1970-01-01T00:00:00Z</when>
          <when>1970-01-01T00:00:00Z</when>
          <when>1970-01-01T00:00:00Z</when>
          <when>1970-01-01T00:00:00Z</when>
          <when>1970-01-01T00:00:00Z</when>
          <when>1970-01-01T00:00:00Z</when>
          <when>1970-01-01T00:00:00Z</when>
          <when>1970-01-01T00:00:00Z</when>
          <when>1970-01-01T00:00:00Z</when>
          <when>1970-01-01T00:00:00Z</when>
          <when>1970-01-01T00:00:00Z</when>
          <when>1970-01-01T00:00:00Z</when>
          <when>1970-01-01T00:00:00Z</when>
          <when>1970-01-01T00:00:00Z</when>
          <when>1970-01-01T00:00:00Z</when>
          <when>1970-01-01T00:00:00Z</when>
          <when>1970-01-01T00:00:00Z</when>
          <when>1970-01-01T00:00:00Z</when>
          <when>1970-01-01T00:00:00Z</when>
          <when>1970-01-01T00:00:00Z</when>
          <when>1970-01-01T00:00:00Z</when>
          <when>1970-01-01T00:00:00Z</when>
          <when>1970-01-01T00:00:00Z</when>
          <when>1970-01-01T00:00:00Z</when>
          <when>1970-01-01T00:00:00Z</when>
          <when>1970-01-01T00:00:00Z</when>
          <when>1970-01-01T00:00:00Z</when>
          <when>1970-01-01T00:00:00Z</when>
          <when>1970-01-01T00:00:00Z</when>
          <when>1970-01-01T00:00:00Z</when>
          <when>1970-01-01T00:00:00Z</when>
          <when>1970-01-01T00:00:00Z</when>
          <when>1970-01-01T00:00:00Z</when>
          <when>1970-01-01T00:00:00Z</when>
          <when>1970-01-01T00:00:00Z</when>
          <when>1970-01-01T00:00:00Z</when>
          <when>1970-01-01T00:00:00Z</when>
          <when>1970-01-01T00:00:00Z</when>
          <when>1970-01-01T00:00:00Z</when>
          <when>1970-01-01T00:00:00Z</when>
          <when>1970-01-01T00:00:00Z</when>
          <when>1970-01-01T00:00:00Z</when>
          <when>1970-01-01T00:00:00Z</when>
          <when>1970-01-01T00:00:00Z</when>
          <when>1970-01-01T00:00:00Z</when>
          <when>1970-01-01T00:00:00Z</when>
          <when>1970-01-01T00:00:00Z</when>
          <when>1970-01-01T00:00:00Z</when>
          <when>1970-01-01T00:00:00Z</when>
          <when>1970-01-01T00:00:00Z</when>
          <when>1970-01-01T00:00:00Z</when>
          <when>1970-01-01T00:00:00Z</when>
          <when>1970-01-01T00:00:00Z</when>
          <when>1970-01-01T00:00:00Z</when>
          <when>1970-01-01T00:00:00Z</when>
          <when>1970-01-01T00:00:00Z</when>
          <when>1970-01-01T00:00:00Z</when>
          <when>1970-01-01T00:00:00Z</when>
          <when>1970-01-01T00:00:00Z</when>
          <when>1970-01-01T00:00:00Z</when>
          <when>1970-01-01T00:00:00Z</when>
          <when>1970-01-01T00:00:00Z</when>
          <when>1970-01-01T00:00:00Z</when>
          <when>1970-01-01T00:00:00Z</when>
          <when>1970-01-01T00:00:00Z</when>
          <when>1970-01-01T00:00:00Z</when>
          <when>1970-01-01T00:00:00Z</when>
          <when>1970-01-01T00:00:00Z</when>
          <when>1970-01-01T00:00:00Z</when>
          <when>1970-01-01T00:00:00Z</when>
          <when>1970-01-01T00:00:00Z</when>
          <when>1970-01-01T00:00:00Z</when>
          <when>1970-01-01T00:00:00Z</when>
          <when>1970-01-01T00:00:00Z</when>
          <when>1970-01-01T00:00:00Z</when>
          <when>1970-01-01T00:00:00Z</when>
          <when>1970-01-01T00:00:00Z</when>
          <when>1970-01-01T00:00:00Z</when>
          <when>1970-01-01T00:00:00Z</when>
          <when>1970-01-01T00:00:00Z</when>
          <when>1970-01-01T00:00:00Z</when>
          <when>1970-01-01T00:00:00Z</when>
          <when>1970-01-01T00:00:00Z</when>
          <when>1970-01-01T00:00:00Z</when>
          <when>1970-01-01T00:00:00Z</when>
          <when>1970-01-01T00:00:00Z</when>
          <when>1970-01-01T00:00:00Z</when>
          <when>1970-01-01T00:00:00Z</when>
          <when>1970-01-01T00:00:00Z</when>
          <when>1970-01-01T00:00:00Z</when>
          <when>1970-01-01T00:00:00Z</when>
          <when>1970-01-01T00:00:00Z</when>
          <when>1970-01-01T00:00:00Z</when>
          <when>1970-01-01T00:00:00Z</when>
          <when>1970-01-01T00:00:00Z</when>
          <when>1970-01-01T00:00:00Z</when>
          <when>1970-01-01T00:00:00Z</when>
          <when>1970-01-01T00:00:00Z</when>
          <when>1970-01-01T00:00:00Z</when>
          <when>1970-01-01T00:00:00Z</when>
          <when>1970-01-01T00:00:00Z</when>
          <when>1970-01-01T00:00:00Z</when>
          <when>1970-01-01T00:00:00Z</when>
          <when>1970-01-01T00:00:00Z</when>
          <when>1970-01-01T00:00:00Z</when>
          <when>1970-01-01T00:00:00Z</when>
          <when>1970-01-01T00:00:00Z</when>
          <when>1970-01-01T00:00:00Z</when>
          <when>1970-01-01T00:00:00Z</when>
          <when>1970-01-01T00:00:00Z</when>
          <when>1970-01-01T00:00:00Z</when>
          <when>1970-01-01T00:00:00Z</when>
          <when>1970-01-01T00:00:00Z</when>
          <when>1970-01-01T00:00:00Z</when>
          <when>1970-01-01T00:00:00Z</when>
          <when>1970-01-01T00:00:00Z</when>
          <when>1970-01-01T00:00:00Z</when>
          <when>1970-01-01T00:00:00Z</when>
          <when>1970-01-01T00:00:00Z</when>
          <when>1970-01-01T00:00:00Z</when>
          <when>1970-01-01T00:00:00Z</when>
          <when>1970-01-01T00:00:00Z</when>
          <when>1970-01-01T00:00:00Z</when>
          <when>1970-01-01T00:00:00Z</when>
          <when>1970-01-01T00:00:00Z</when>
          <when>1970-01-01T00:00:00Z</when>
          <when>1970-01-01T00:00:00Z</when>
          <when>1970-01-01T00:00:00Z</when>
          <when>1970-01-01T00:00:00Z</when>
          <when>1970-01-01T00:00:00Z</when>
          <when>1970-01-01T00:00:00Z</when>
          <when>1970-01-01T00:00:00Z</when>
          <when>1970-01-01T00:00:00Z</when>
          <when>1970-01-01T00:00:00Z</when>
          <when>1970-01-01T00:00:00Z</when>
          <when>1970-01-01T00:00:00Z</when>
          <when>1970-01-01T00:00:00Z</when>
          <when>1970-01-01T00:00:00Z</when>
          <when>1970-01-01T00:00:00Z</when>
          <when>1970-01-01T00:00:00Z</when>
          <when>1970-01-01T00:00:00Z</when>
          <when>1970-01-01T00:00:00Z</when>
          <when>1970-01-01T00:00:00Z</when>
          <when>1970-01-01T00:00:00Z</when>
          <when>1970-01-01T00:00:00Z</when>
          <when>1970-01-01T00:00:00Z</when>
          <when>1970-01-01T00:00:00Z</when>
          <when>1970-01-01T00:00:00Z</when>
          <when>1970-01-01T00:00:00Z</when>
          <when>1970-01-01T00:00:00Z</when>
          <when>1970-01-01T00:00:00Z</when>
          <when>1970-01-01T00:00:00Z</when>
          <when>1970-01-01T00:00:00Z</when>
          <when>1970-01-01T00:00:00Z</when>
          <when>1970-01-01T00:00:00Z</when>
          <when>1970-01-01T00:00:00Z</when>
          <when>1970-01-01T00:00:00Z</when>
          <when>1970-01-01T00:00:00Z</when>
          <when>1970-01-01T00:00:00Z</when>
          <when>1970-01-01T00:00:00Z</when>
          <when>1970-01-01T00:00:00Z</when>
          <when>1970-01-01T00:00:00Z</when>
          <when>1970-01-01T00:00:00Z</when>
          <when>1970-01-01T00:00:00Z</when>
          <when>1970-01-01T00:00:00Z</when>
          <when>1970-01-01T00:00:00Z</when>
          <when>1970-01-01T00:00:00Z</when>
          <when>1970-01-01T00:00:00Z</when>
          <when>1970-01-01T00:00:00Z</when>
          <when>1970-01-01T00:00:00Z</when>
          <when>1970-01-01T00:00:00Z</when>
          <when>1970-01-01T00:00:00Z</when>
          <when>1970-01-01T00:00:00Z</when>
          <when>1970-01-01T00:00:00Z</when>
          <when>1970-01-01T00:00:00Z</when>
          <when>1970-01-01T00:00:00Z</when>
          <when>1970-01-01T00:00:00Z</when>
          <when>1970-01-01T00:00:00Z</when>
          <when>1970-01-01T00:00:00Z</when>
          <when>1970-01-01T00:00:00Z</when>
          <when>1970-01-01T00:00:00Z</when>
          <when>1970-01-01T00:00:00Z</when>
          <when>1970-01-01T00:00:00Z</when>
          <when>1970-01-01T00:00:00Z</when>
          <when>1970-01-01T00:00:00Z</when>
          <when>1970-01-01T00:00:00Z</when>
          <when>1970-01-01T00:00:00Z</when>
          <when>1970-01-01T00:00:00Z</when>
          <when>1970-01-01T00:00:00Z</when>
          <when>1970-01-01T00:00:00Z</when>
          <when>1970-01-01T00:00:00Z</when>
          <when>1970-01-01T00:00:00Z</when>
          <when>1970-01-01T00:00:00Z</when>
          <when>1970-01-01T00:00:00Z</when>
          <when>1970-01-01T00:00:00Z</when>
          <when>1970-01-01T00:00:00Z</when>
          <when>1970-01-01T00:00:00Z</when>
          <when>1970-01-01T00:00:00Z</when>
          <when>1970-01-01T00:00:00Z</when>
          <when>1970-01-01T00:00:00Z</when>
          <when>1970-01-01T00:00:00Z</when>
          <when>1970-01-01T00:00:00Z</when>
          <when>1970-01-01T00:00:00Z</when>
          <when>1970-01-01T00:00:00Z</when>
          <when>1970-01-01T00:00:00Z</when>
          <when>1970-01-01T00:00:00Z</when>
          <when>1970-01-01T00:00:00Z</when>
          <when>1970-01-01T00:00:00Z</when>
          <when>1970-01-01T00:00:00Z</when>
          <when>1970-01-01T00:00:00Z</when>
          <when>1970-01-01T00:00:00Z</when>
          <when>1970-01-01T00:00:00Z</when>
          <when>1970-01-01T00:00:00Z</when>
          <when>1970-01-01T00:00:00Z</when>
          <when>1970-01-01T00:00:00Z</when>
          <when>1970-01-01T00:00:00Z</when>
          <when>1970-01-01T00:00:00Z</when>
          <when>1970-01-01T00:00:00Z</when>
          <when>1970-01-01T00:00:00Z</when>
          <when>1970-01-01T00:00:00Z</when>
          <when>1970-01-01T00:00:00Z</when>
          <when>1970-01-01T00:00:00Z</when>
          <when>1970-01-01T00:00:00Z</when>
          <when>1970-01-01T00:00:00Z</when>
          <when>1970-01-01T00:00:00Z</when>
          <when>1970-01-01T00:00:00Z</when>
          <when>1970-01-01T00:00:00Z</when>
          <when>1970-01-01T00:00:00Z</when>
          <when>1970-01-01T00:00:00Z</when>
          <when>1970-01-01T00:00:00Z</when>
          <when>1970-01-01T00:00:00Z</when>
          <when>1970-01-01T00:00:00Z</when>
          <when>1970-01-01T00:00:00Z</when>
          <when>1970-01-01T00:00:00Z</when>
          <when>1970-01-01T00:00:00Z</when>
          <when>1970-01-01T00:00:00Z</when>
          <when>1970-01-01T00:00:00Z</when>
          <when>1970-01-01T00:00:00Z</when>
          <when>1970-01-01T00:00:00Z</when>
          <when>1970-01-01T00:00:00Z</when>
          <when>1970-01-01T00:00:00Z</when>
          <when>1970-01-01T00:00:00Z</when>
          <when>1970-01-01T00:00:00Z</when>
          <when>1970-01-01T00:00:00Z</when>
          <when>1970-01-01T00:00:00Z</when>
          <when>1970-01-01T00:00:00Z</when>
          <when>1970-01-01T00:00:00Z</when>
          <when>1970-01-01T00:00:00Z</when>
          <when>1970-01-01T00:00:00Z</when>
          <when>1970-01-01T00:00:00Z</when>
          <when>1970-01-01T00:00:00Z</when>
          <when>1970-01-01T00:00:00Z</when>
          <when>1970-01-01T00:00:00Z</when>
          <when>1970-01-01T00:00:00Z</when>
          <when>1970-01-01T00:00:00Z</when>
          <when>1970-01-01T00:00:00Z</when>
          <when>1970-01-01T00:00:00Z</when>
          <when>1970-01-01T00:00:00Z</when>
          <when>1970-01-01T00:00:00Z</when>
          <when>1970-01-01T00:00:00Z</when>
          <when>1970-01-01T00:00:00Z</when>
          <when>1970-01-01T00:00:00Z</when>
          <when>1970-01-01T00:00:00Z</when>
          <when>1970-01-01T00:00:00Z</when>
          <when>1970-01-01T00:00:00Z</when>
          <when>1970-01-01T00:00:00Z</when>
          <when>1970-01-01T00:00:00Z</when>
          <when>1970-01-01T00:00:00Z</when>
          <when>1970-01-01T00:00:00Z</when>
          <when>1970-01-01T00:00:00Z</when>
          <when>1970-01-01T00:00:00Z</when>
          <when>1970-01-01T00:00:00Z</when>
          <when>1970-01-01T00:00:00Z</when>
          <when>1970-01-01T00:00:00Z</when>
          <when>1970-01-01T00:00:00Z</when>
          <when>1970-01-01T00:00:00Z</when>
          <when>1970-01-01T00:00:00Z</when>
          <when>1970-01-01T00:00:00Z</when>
          <when>1970-01-01T00:00:00Z</when>
          <when>1970-01-01T00:00:00Z</when>
          <when>1970-01-01T00:00:00Z</when>
          <when>1970-01-01T00:00:00Z</when>
          <when>1970-01-01T00:00:00Z</when>
          <when>1970-01-01T00:00:00Z</when>
          <when>1970-01-01T00:00:00Z</when>
          <when>1970-01-01T00:00:00Z</when>
          <when>1970-01-01T00:00:00Z</when>
          <when>1970-01-01T00:00:00Z</when>
          <when>1970-01-01T00:00:00Z</when>
          <when>1970-01-01T00:00:00Z</when>
          <when>1970-01-01T00:00:00Z</when>
          <when>1970-01-01T00:00:00Z</when>
          <when>1970-01-01T00:00:00Z</when>
          <when>1970-01-01T00:00:00Z</when>
          <when>1970-01-01T00:00:00Z</when>
          <when>1970-01-01T00:00:00Z</when>
          <when>1970-01-01T00:00:00Z</when>
          <when>1970-01-01T00:00:00Z</when>
          <when>1970-01-01T00:00:00Z</when>
          <when>1970-01-01T00:00:00Z</when>
          <when>1970-01-01T00:00:00Z</when>
          <when>1970-01-01T00:00:00Z</when>
          <when>1970-01-01T00:00:00Z</when>
          <when>1970-01-01T00:00:00Z</when>
          <when>1970-01-01T00:00:00Z</when>
          <when>1970-01-01T00:00:00Z</when>
          <when>1970-01-01T00:00:00Z</when>
          <when>1970-01-01T00:00:00Z</when>
          <when>1970-01-01T00:00:00Z</when>
          <when>1970-01-01T00:00:00Z</when>
          <when>1970-01-01T00:00:00Z</when>
          <when>1970-01-01T00:00:00Z</when>
          <when>1970-01-01T00:00:00Z</when>
          <when>1970-01-01T00:00:00Z</when>
          <when>1970-01-01T00:00:00Z</when>
          <when>1970-01-01T00:00:00Z</when>
          <when>1970-01-01T00:00:00Z</when>
          <when>1970-01-01T00:00:00Z</when>
          <when>1970-01-01T00:00:00Z</when>
          <when>1970-01-01T00:00:00Z</when>
          <when>1970-01-01T00:00:00Z</when>
          <when>1970-01-01T00:00:00Z</when>
          <when>1970-01-01T00:00:00Z</when>
          <when>1970-01-01T00:00:00Z</when>
          <when>1970-01-01T00:00:00Z</when>
          <when>1970-01-01T00:00:00Z</when>
          <when>1970-01-01T00:00:00Z</when>
          <when>1970-01-01T00:00:00Z</when>
          <when>1970-01-01T00:00:00Z</when>
          <when>1970-01-01T00:00:00Z</when>
          <when>1970-01-01T00:00:00Z</when>
          <when>1970-01-01T00:00:00Z</when>
          <when>1970-01-01T00:00:00Z</when>
          <when>1970-01-01T00:00:00Z</when>
          <when>1970-01-01T00:00:00Z</when>
          <when>1970-01-01T00:00:00Z</when>
          <when>1970-01-01T00:00:00Z</when>
          <when>1970-01-01T00:00:00Z</when>
          <when>1970-01-01T00:00:00Z</when>
          <when>1970-01-01T00:00:00Z</when>
          <when>1970-01-01T00:00:00Z</when>
          <when>1970-01-01T00:00:00Z</when>
          <when>1970-01-01T00:00:00Z</when>
          <when>1970-01-01T00:00:00Z</when>
          <when>1970-01-01T00:00:00Z</when>
          <when>1970-01-01T00:00:00Z</when>
          <when>1970-01-01T00:00:00Z</when>
          <when>1970-01-01T00:00:00Z</when>
          <when>1970-01-01T00:00:00Z</when>
          <when>1970-01-01T00:00:00Z</when>
          <when>1970-01-01T00:00:00Z</when>
          <when>1970-01-01T00:00:00Z</when>
          <when>1970-01-01T00:00:00Z</when>
          <when>1970-01-01T00:00:00Z</when>
          <when>1970-01-01T00:00:00Z</when>
          <when>1970-01-01T00:00:00Z</when>
          <when>1970-01-01T00:00:00Z</when>
          <when>1970-01-01T00:00:00Z</when>
          <when>1970-01-01T00:00:00Z</when>
          <when>1970-01-01T00:00:00Z</when>
          <when>1970-01-01T00:00:00Z</when>
          <when>1970-01-01T00:00:00Z</when>
          <when>1970-01-01T00:00:00Z</when>
          <when>1970-01-01T00:00:00Z</when>
          <when>1970-01-01T00:00:00Z</when>
          <when>1970-01-01T00:00:00Z</when>
          <when>1970-01-01T00:00:00Z</when>
          <when>1970-01-01T00:00:00Z</when>
          <when>1970-01-01T00:00:00Z</when>
          <when>1970-01-01T00:00:00Z</when>
          <when>1970-01-01T00:00:00Z</when>
          <when>1970-01-01T00:00:00Z</when>
          <when>1970-01-01T00:00:00Z</when>
          <when>1970-01-01T00:00:00Z</when>
          <when>1970-01-01T00:00:00Z</when>
          <when>1970-01-01T00:00:00Z</when>
          <when>1970-01-01T00:00:00Z</when>
          <when>1970-01-01T00:00:00Z</when>
          <when>1970-01-01T00:00:00Z</when>
          <when>1970-01-01T00:00:00Z</when>
          <when>1970-01-01T00:00:00Z</when>
          <when>1970-01-01T00:00:00Z</when>
          <when>1970-01-01T00:00:00Z</when>
          <when>1970-01-01T00:00:00Z</when>
          <when>1970-01-01T00:00:00Z</when>
          <when>1970-01-01T00:00:00Z</when>
          <when>1970-01-01T00:00:00Z</when>
          <when>1970-01-01T00:00:00Z</when>
          <when>1970-01-01T00:00:00Z</when>
          <when>1970-01-01T00:00:00Z</when>
          <when>1970-01-01T00:00:00Z</when>
          <when>1970-01-01T00:00:00Z</when>
          <when>1970-01-01T00:00:00Z</when>
          <when>1970-01-01T00:00:00Z</when>
          <when>1970-01-01T00:00:00Z</when>
          <when>1970-01-01T00:00:00Z</when>
          <when>1970-01-01T00:00:00Z</when>
          <when>1970-01-01T00:00:00Z</when>
          <when>1970-01-01T00:00:00Z</when>
          <when>1970-01-01T00:00:00Z</when>
          <when>1970-01-01T00:00:00Z</when>
          <when>1970-01-01T00:00:00Z</when>
          <when>1970-01-01T00:00:00Z</when>
          <when>1970-01-01T00:00:00Z</when>
          <when>1970-01-01T00:00:00Z</when>
          <when>1970-01-01T00:00:00Z</when>
          <when>1970-01-01T00:00:00Z</when>
          <when>1970-01-01T00:00:00Z</when>
          <when>1970-01-01T00:00:00Z</when>
          <when>1970-01-01T00:00:00Z</when>
          <when>1970-01-01T00:00:00Z</when>
          <when>1970-01-01T00:00:00Z</when>
          <when>1970-01-01T00:00:00Z</when>
          <when>1970-01-01T00:00:00Z</when>
          <when>1970-01-01T00:00:00Z</when>
          <when>1970-01-01T00:00:00Z</when>
          <when>1970-01-01T00:00:00Z</when>
          <when>1970-01-01T00:00:00Z</when>
          <when>1970-01-01T00:00:00Z</when>
          <when>1970-01-01T00:00:00Z</when>
          <when>1970-01-01T00:00:00Z</when>
          <when>1970-01-01T00:00:00Z</when>
          <when>1970-01-01T00:00:00Z</when>
          <when>1970-01-01T00:00:00Z</when>
          <when>1970-01-01T00:00:00Z</when>
          <when>1970-01-01T00:00:00Z</when>
          <when>1970-01-01T00:00:00Z</when>
          <when>1970-01-01T00:00:00Z</when>
          <when>1970-01-01T00:00:00Z</when>
          <when>1970-01-01T00:00:00Z</when>
          <when>1970-01-01T00:00:00Z</when>
          <when>1970-01-01T00:00:00Z</when>
          <when>1970-01-01T00:00:00Z</when>
          <when>1970-01-01T00:00:00Z</when>
          <when>1970-01-01T00:00:00Z</when>
          <when>1970-01-01T00:00:00Z</when>
          <when>1970-01-01T00:00:00Z</when>
          <when>1970-01-01T00:00:00Z</when>
          <when>1970-01-01T00:00:00Z</when>
          <when>1970-01-01T00:00:00Z</when>
          <when>1970-01-01T00:00:00Z</when>
          <when>1970-01-01T00:00:00Z</when>
          <when>1970-01-01T00:00:00Z</when>
          <when>1970-01-01T00:00:00Z</when>
          <when>1970-01-01T00:00:00Z</when>
          <when>1970-01-01T00:00:00Z</when>
          <when>1970-01-01T00:00:00Z</when>
          <when>1970-01-01T00:00:00Z</when>
          <when>1970-01-01T00:00:00Z</when>
          <when>1970-01-01T00:00:00Z</when>
          <when>1970-01-01T00:00:00Z</when>
          <when>1970-01-01T00:00:00Z</when>
          <when>1970-01-01T00:00:00Z</when>
          <when>1970-01-01T00:00:00Z</when>
          <when>1970-01-01T00:00:00Z</when>
          <when>1970-01-01T00:00:00Z</when>
          <when>1970-01-01T00:00:00Z</when>
          <when>1970-01-01T00:00:00Z</when>
          <when>1970-01-01T00:00:00Z</when>
          <when>1970-01-01T00:00:00Z</when>
          <when>1970-01-01T00:00:00Z</when>
          <when>1970-01-01T00:00:00Z</when>
          <when>1970-01-01T00:00:00Z</when>
          <when>1970-01-01T00:00:00Z</when>
          <when>1970-01-01T00:00:00Z</when>
          <when>1970-01-01T00:00:00Z</when>
          <when>1970-01-01T00:00:00Z</when>
          <when>1970-01-01T00:00:00Z</when>
          <when>1970-01-01T00:00:00Z</when>
          <when>1970-01-01T00:00:00Z</when>
          <when>1970-01-01T00:00:00Z</when>
          <when>1970-01-01T00:00:00Z</when>
          <when>1970-01-01T00:00:00Z</when>
          <when>1970-01-01T00:00:00Z</when>
          <when>1970-01-01T00:00:00Z</when>
          <when>1970-01-01T00:00:00Z</when>
          <when>1970-01-01T00:00:00Z</when>
          <when>1970-01-01T00:00:00Z</when>
          <when>1970-01-01T00:00:00Z</when>
          <when>1970-01-01T00:00:00Z</when>
          <when>1970-01-01T00:00:00Z</when>
          <when>1970-01-01T00:00:00Z</when>
          <when>1970-01-01T00:00:00Z</when>
          <when>1970-01-01T00:00:00Z</when>
          <when>1970-01-01T00:00:00Z</when>
          <when>1970-01-01T00:00:00Z</when>
          <when>1970-01-01T00:00:00Z</when>
          <when>1970-01-01T00:00:00Z</when>
          <when>1970-01-01T00:00:00Z</when>
          <when>1970-01-01T00:00:00Z</when>
          <when>1970-01-01T00:00:00Z</when>
          <when>1970-01-01T00:00:00Z</when>
          <when>1970-01-01T00:00:00Z</when>
          <when>1970-01-01T00:00:00Z</when>
          <when>1970-01-01T00:00:00Z</when>
          <when>1970-01-01T00:00:00Z</when>
          <when>1970-01-01T00:00:00Z</when>
          <when>1970-01-01T00:00:00Z</when>
          <when>1970-01-01T00:00:00Z</when>
          <when>1970-01-01T00:00:00Z</when>
          <when>1970-01-01T00:00:00Z</when>
          <when>1970-01-01T00:00:00Z</when>
          <when>1970-01-01T00:00:00Z</when>
          <when>1970-01-01T00:00:00Z</when>
          <when>1970-01-01T00:00:00Z</when>
          <when>1970-01-01T00:00:00Z</when>
          <when>1970-01-01T00:00:00Z</when>
          <when>1970-01-01T00:00:00Z</when>
          <when>1970-01-01T00:00:00Z</when>
          <when>1970-01-01T00:00:00Z</when>
          <when>1970-01-01T00:00:00Z</when>
          <when>1970-01-01T00:00:00Z</when>
          <when>1970-01-01T00:00:00Z</when>
          <when>1970-01-01T00:00:00Z</when>
          <when>1970-01-01T00:00:00Z</when>
          <when>1970-01-01T00:00:00Z</when>
          <when>1970-01-01T00:00:00Z</when>
          <when>1970-01-01T00:00:00Z</when>
          <when>1970-01-01T00:00:00Z</when>
          <when>1970-01-01T00:00:00Z</when>
          <when>1970-01-01T00:00:00Z</when>
          <when>1970-01-01T00:00:00Z</when>
          <when>1970-01-01T00:00:00Z</when>
          <when>1970-01-01T00:00:00Z</when>
          <when>1970-01-01T00:00:00Z</when>
          <when>1970-01-01T00:00:00Z</when>
          <when>1970-01-01T00:00:00Z</when>
          <when>1970-01-01T00:00:00Z</when>
          <when>1970-01-01T00:00:00Z</when>
          <when>1970-01-01T00:00:00Z</when>
          <when>1970-01-01T00:00:00Z</when>
          <when>1970-01-01T00:00:00Z</when>
          <when>1970-01-01T00:00:00Z</when>
          <when>1970-01-01T00:00:00Z</when>
          <when>1970-01-01T00:00:00Z</when>
          <when>1970-01-01T00:00:00Z</when>
          <when>1970-01-01T00:00:00Z</when>
          <when>1970-01-01T00:00:00Z</when>
          <when>1970-01-01T00:00:00Z</when>
          <when>1970-01-01T00:00:00Z</when>
          <when>1970-01-01T00:00:00Z</when>
          <when>1970-01-01T00:00:00Z</when>
          <when>1970-01-01T00:00:00Z</when>
          <when>1970-01-01T00:00:00Z</when>
          <when>1970-01-01T00:00:00Z</when>
          <when>1970-01-01T00:00:00Z</when>
          <when>1970-01-01T00:00:00Z</when>
          <when>1970-01-01T00:00:00Z</when>
          <when>1970-01-01T00:00:00Z</when>
          <when>1970-01-01T00:00:00Z</when>
          <when>1970-01-01T00:00:00Z</when>
          <when>1970-01-01T00:00:00Z</when>
          <when>1970-01-01T00:00:00Z</when>
          <when>1970-01-01T00:00:00Z</when>
          <when>1970-01-01T00:00:00Z</when>
          <when>1970-01-01T00:00:00Z</when>
          <when>1970-01-01T00:00:00Z</when>
          <when>1970-01-01T00:00:00Z</when>
          <when>1970-01-01T00:00:00Z</when>
          <when>1970-01-01T00:00:00Z</when>
          <when>1970-01-01T00:00:00Z</when>
          <when>1970-01-01T00:00:00Z</when>
          <when>1970-01-01T00:00:00Z</when>
          <when>1970-01-01T00:00:00Z</when>
          <when>1970-01-01T00:00:00Z</when>
          <when>1970-01-01T00:00:00Z</when>
          <when>1970-01-01T00:00:00Z</when>
          <when>1970-01-01T00:00:00Z</when>
          <when>1970-01-01T00:00:00Z</when>
          <when>1970-01-01T00:00:00Z</when>
          <when>1970-01-01T00:00:00Z</when>
          <when>1970-01-01T00:00:00Z</when>
          <when>1970-01-01T00:00:00Z</when>
          <when>1970-01-01T00:00:00Z</when>
          <when>1970-01-01T00:00:00Z</when>
          <when>1970-01-01T00:00:00Z</when>
          <when>1970-01-01T00:00:00Z</when>
          <when>1970-01-01T00:00:00Z</when>
          <when>1970-01-01T00:00:00Z</when>
          <when>1970-01-01T00:00:00Z</when>
          <when>1970-01-01T00:00:00Z</when>
          <when>1970-01-01T00:00:00Z</when>
          <when>1970-01-01T00:00:00Z</when>
          <when>1970-01-01T00:00:00Z</when>
          <when>1970-01-01T00:00:00Z</when>
          <when>1970-01-01T00:00:00Z</when>
          <when>1970-01-01T00:00:00Z</when>
          <when>1970-01-01T00:00:00Z</when>
          <when>1970-01-01T00:00:00Z</when>
          <when>1970-01-01T00:00:00Z</when>
          <when>1970-01-01T00:00:00Z</when>
          <when>1970-01-01T00:00:00Z</when>
          <when>1970-01-01T00:00:00Z</when>
          <when>1970-01-01T00:00:00Z</when>
          <when>1970-01-01T00:00:00Z</when>
          <when>1970-01-01T00:00:00Z</when>
          <when>1970-01-01T00:00:00Z</when>
          <when>1970-01-01T00:00:00Z</when>
          <when>1970-01-01T00:00:00Z</when>
          <when>1970-01-01T00:00:00Z</when>
          <when>1970-01-01T00:00:00Z</when>
          <when>1970-01-01T00:00:00Z</when>
          <when>1970-01-01T00:00:00Z</when>
          <when>1970-01-01T00:00:00Z</when>
          <when>1970-01-01T00:00:00Z</when>
          <when>1970-01-01T00:00:00Z</when>
          <when>1970-01-01T00:00:00Z</when>
          <when>1970-01-01T00:00:00Z</when>
          <when>1970-01-01T00:00:00Z</when>
          <when>1970-01-01T00:00:00Z</when>
          <when>1970-01-01T00:00:00Z</when>
          <when>1970-01-01T00:00:00Z</when>
          <when>1970-01-01T00:00:00Z</when>
          <when>1970-01-01T00:00:00Z</when>
          <when>1970-01-01T00:00:00Z</when>
          <when>1970-01-01T00:00:00Z</when>
          <when>1970-01-01T00:00:00Z</when>
          <when>1970-01-01T00:00:00Z</when>
          <when>1970-01-01T00:00:00Z</when>
          <when>1970-01-01T00:00:00Z</when>
          <when>1970-01-01T00:00:00Z</when>
          <when>1970-01-01T00:00:00Z</when>
          <when>1970-01-01T00:00:00Z</when>
          <when>1970-01-01T00:00:00Z</when>
          <when>1970-01-01T00:00:00Z</when>
          <when>1970-01-01T00:00:00Z</when>
          <when>1970-01-01T00:00:00Z</when>
          <when>1970-01-01T00:00:00Z</when>
          <when>1970-01-01T00:00:00Z</when>
          <when>1970-01-01T00:00:00Z</when>
          <when>1970-01-01T00:00:00Z</when>
          <when>1970-01-01T00:00:00Z</when>
          <when>1970-01-01T00:00:00Z</when>
          <when>1970-01-01T00:00:00Z</when>
          <when>1970-01-01T00:00:00Z</when>
          <when>1970-01-01T00:00:00Z</when>
          <when>1970-01-01T00:00:00Z</when>
          <when>1970-01-01T00:00:00Z</when>
          <when>1970-01-01T00:00:00Z</when>
          <when>1970-01-01T00:00:00Z</when>
          <when>1970-01-01T00:00:00Z</when>
          <when>1970-01-01T00:00:00Z</when>
          <when>1970-01-01T00:00:00Z</when>
          <when>1970-01-01T00:00:00Z</when>
          <when>1970-01-01T00:00:00Z</when>
          <when>1970-01-01T00:00:00Z</when>
          <when>1970-01-01T00:00:00Z</when>
          <when>1970-01-01T00:00:00Z</when>
          <when>1970-01-01T00:00:00Z</when>
          <when>1970-01-01T00:00:00Z</when>
          <when>1970-01-01T00:00:00Z</when>
          <when>1970-01-01T00:00:00Z</when>
          <when>1970-01-01T00:00:00Z</when>
          <when>1970-01-01T00:00:00Z</when>
          <when>1970-01-01T00:00:00Z</when>
          <when>1970-01-01T00:00:00Z</when>
          <when>1970-01-01T00:00:00Z</when>
          <when>1970-01-01T00:00:00Z</when>
          <when>1970-01-01T00:00:00Z</when>
          <when>1970-01-01T00:00:00Z</when>
          <when>1970-01-01T00:00:00Z</when>
          <when>1970-01-01T00:00:00Z</when>
          <when>1970-01-01T00:00:00Z</when>
          <when>1970-01-01T00:00:00Z</when>
          <when>1970-01-01T00:00:00Z</when>
          <when>1970-01-01T00:00:00Z</when>
          <when>1970-01-01T00:00:00Z</when>
          <when>1970-01-01T00:00:00Z</when>
          <when>1970-01-01T00:00:00Z</when>
          <when>1970-01-01T00:00:00Z</when>
          <when>1970-01-01T00:00:00Z</when>
          <when>1970-01-01T00:00:00Z</when>
          <when>1970-01-01T00:00:00Z</when>
          <when>1970-01-01T00:00:00Z</when>
          <when>1970-01-01T00:00:00Z</when>
          <when>1970-01-01T00:00:00Z</when>
          <when>1970-01-01T00:00:00Z</when>
          <when>1970-01-01T00:00:00Z</when>
          <when>1970-01-01T00:00:00Z</when>
          <when>1970-01-01T00:00:00Z</when>
          <when>1970-01-01T00:00:00Z</when>
          <when>1970-01-01T00:00:00Z</when>
          <when>1970-01-01T00:00:00Z</when>
          <when>1970-01-01T00:00:00Z</when>
          <when>1970-01-01T00:00:00Z</when>
          <when>1970-01-01T00:00:00Z</when>
          <when>1970-01-01T00:00:00Z</when>
          <when>1970-01-01T00:00:00Z</when>
          <when>1970-01-01T00:00:00Z</when>
          <when>1970-01-01T00:00:00Z</when>
          <when>1970-01-01T00:00:00Z</when>
          <when>1970-01-01T00:00:00Z</when>
          <when>1970-01-01T00:00:00Z</when>
          <when>1970-01-01T00:00:00Z</when>
          <when>1970-01-01T00:00:00Z</when>
          <when>1970-01-01T00:00:00Z</when>
          <when>1970-01-01T00:00:00Z</when>
          <when>1970-01-01T00:00:00Z</when>
          <when>1970-01-01T00:00:00Z</when>
          <when>1970-01-01T00:00:00Z</when>
          <when>1970-01-01T00:00:00Z</when>
          <when>1970-01-01T00:00:00Z</when>
          <when>1970-01-01T00:00:00Z</when>
          <when>1970-01-01T00:00:00Z</when>
          <when>1970-01-01T00:00:00Z</when>
          <when>1970-01-01T00:00:00Z</when>
          <when>1970-01-01T00:00:00Z</when>
          <when>1970-01-01T00:00:00Z</when>
          <when>1970-01-01T00:00:00Z</when>
          <when>1970-01-01T00:00:00Z</when>
          <when>1970-01-01T00:00:00Z</when>
          <when>1970-01-01T00:00:00Z</when>
          <when>1970-01-01T00:00:00Z</when>
          <when>1970-01-01T00:00:00Z</when>
          <when>1970-01-01T00:00:00Z</when>
          <when>1970-01-01T00:00:00Z</when>
          <when>1970-01-01T00:00:00Z</when>
          <when>1970-01-01T00:00:00Z</when>
          <when>1970-01-01T00:00:00Z</when>
          <when>1970-01-01T00:00:00Z</when>
          <when>1970-01-01T00:00:00Z</when>
          <when>1970-01-01T00:00:00Z</when>
          <when>1970-01-01T00:00:00Z</when>
          <when>1970-01-01T00:00:00Z</when>
          <when>1970-01-01T00:00:00Z</when>
          <when>1970-01-01T00:00:00Z</when>
          <when>1970-01-01T00:00:00Z</when>
          <when>1970-01-01T00:00:00Z</when>
          <when>1970-01-01T00:00:00Z</when>
          <when>1970-01-01T00:00:00Z</when>
          <when>1970-01-01T00:00:00Z</when>
          <when>1970-01-01T00:00:00Z</when>
          <when>1970-01-01T00:00:00Z</when>
          <when>1970-01-01T00:00:00Z</when>
          <when>1970-01-01T00:00:00Z</when>
          <when>1970-01-01T00:00:00Z</when>
          <when>1970-01-01T00:00:00Z</when>
          <when>1970-01-01T00:00:00Z</when>
          <when>1970-01-01T00:00:00Z</when>
          <when>1970-01-01T00:00:00Z</when>
          <when>1970-01-01T00:00:00Z</when>
          <when>1970-01-01T00:00:00Z</when>
          <when>1970-01-01T00:00:00Z</when>
          <when>1970-01-01T00:00:00Z</when>
          <when>1970-01-01T00:00:00Z</when>
          <when>1970-01-01T00:00:00Z</when>
          <when>1970-01-01T00:00:00Z</when>
          <when>1970-01-01T00:00:00Z</when>
          <when>1970-01-01T00:00:00Z</when>
          <when>1970-01-01T00:00:00Z</when>
          <when>1970-01-01T00:00:00Z</when>
          <when>1970-01-01T00:00:00Z</when>
          <when>1970-01-01T00:00:00Z</when>
          <when>1970-01-01T00:00:00Z</when>
          <when>1970-01-01T00:00:00Z</when>
          <when>1970-01-01T00:00:00Z</when>
          <when>1970-01-01T00:00:00Z</when>
          <when>1970-01-01T00:00:00Z</when>
          <when>1970-01-01T00:00:00Z</when>
          <when>1970-01-01T00:00:00Z</when>
          <when>1970-01-01T00:00:00Z</when>
          <when>1970-01-01T00:00:00Z</when>
          <when>1970-01-01T00:00:00Z</when>
          <when>1970-01-01T00:00:00Z</when>
          <when>1970-01-01T00:00:00Z</when>
          <when>1970-01-01T00:00:00Z</when>
          <when>1970-01-01T00:00:00Z</when>
          <when>1970-01-01T00:00:00Z</when>
          <when>1970-01-01T00:00:00Z</when>
          <when>1970-01-01T00:00:00Z</when>
          <when>1970-01-01T00:00:00Z</when>
          <when>1970-01-01T00:00:00Z</when>
          <when>1970-01-01T00:00:00Z</when>
          <when>1970-01-01T00:00:00Z</when>
          <when>1970-01-01T00:00:00Z</when>
          <when>1970-01-01T00:00:00Z</when>
          <when>1970-01-01T00:00:00Z</when>
          <when>1970-01-01T00:00:00Z</when>
          <when>1970-01-01T00:00:00Z</when>
          <when>1970-01-01T00:00:00Z</when>
          <when>1970-01-01T00:00:00Z</when>
          <when>1970-01-01T00:00:00Z</when>
          <when>1970-01-01T00:00:00Z</when>
          <when>1970-01-01T00:00:00Z</when>
          <when>1970-01-01T00:00:00Z</when>
          <when>1970-01-01T00:00:00Z</when>
          <when>1970-01-01T00:00:00Z</when>
          <when>1970-01-01T00:00:00Z</when>
          <when>1970-01-01T00:00:00Z</when>
          <when>1970-01-01T00:00:00Z</when>
          <when>1970-01-01T00:00:00Z</when>
          <when>1970-01-01T00:00:00Z</when>
          <when>1970-01-01T00:00:00Z</when>
          <when>1970-01-01T00:00:00Z</when>
          <when>1970-01-01T00:00:00Z</when>
          <when>1970-01-01T00:00:00Z</when>
          <when>1970-01-01T00:00:00Z</when>
          <when>1970-01-01T00:00:00Z</when>
          <when>1970-01-01T00:00:00Z</when>
          <when>1970-01-01T00:00:00Z</when>
          <when>1970-01-01T00:00:00Z</when>
          <when>1970-01-01T00:00:00Z</when>
          <when>1970-01-01T00:00:00Z</when>
          <when>1970-01-01T00:00:00Z</when>
          <when>1970-01-01T00:00:00Z</when>
          <when>1970-01-01T00:00:00Z</when>
          <when>1970-01-01T00:00:00Z</when>
          <when>1970-01-01T00:00:00Z</when>
          <when>1970-01-01T00:00:00Z</when>
          <when>1970-01-01T00:00:00Z</when>
          <when>1970-01-01T00:00:00Z</when>
          <when>1970-01-01T00:00:00Z</when>
          <when>1970-01-01T00:00:00Z</when>
          <when>1970-01-01T00:00:00Z</when>
          <when>1970-01-01T00:00:00Z</when>
          <when>1970-01-01T00:00:00Z</when>
          <when>1970-01-01T00:00:00Z</when>
          <when>1970-01-01T00:00:00Z</when>
          <when>1970-01-01T00:00:00Z</when>
          <when>1970-01-01T00:00:00Z</when>
          <when>1970-01-01T00:00:00Z</when>
          <when>1970-01-01T00:00:00Z</when>
          <when>1970-01-01T00:00:00Z</when>
          <when>1970-01-01T00:00:00Z</when>
          <when>1970-01-01T00:00:00Z</when>
          <when>1970-01-01T00:00:00Z</when>
          <when>1970-01-01T00:00:00Z</when>
          <when>1970-01-01T00:00:00Z</when>
          <when>1970-01-01T00:00:00Z</when>
          <when>1970-01-01T00:00:00Z</when>
          <when>1970-01-01T00:00:00Z</when>
          <when>1970-01-01T00:00:00Z</when>
          <when>1970-01-01T00:00:00Z</when>
          <when>1970-01-01T00:00:00Z</when>
          <when>1970-01-01T00:00:00Z</when>
          <when>1970-01-01T00:00:00Z</when>
          <when>1970-01-01T00:00:00Z</when>
          <when>1970-01-01T00:00:00Z</when>
          <when>1970-01-01T00:00:00Z</when>
          <when>1970-01-01T00:00:00Z</when>
          <when>1970-01-01T00:00:00Z</when>
          <when>1970-01-01T00:00:00Z</when>
          <when>1970-01-01T00:00:00Z</when>
          <when>1970-01-01T00:00:00Z</when>
          <when>1970-01-01T00:00:00Z</when>
          <when>1970-01-01T00:00:00Z</when>
          <when>1970-01-01T00:00:00Z</when>
          <when>1970-01-01T00:00:00Z</when>
          <when>1970-01-01T00:00:00Z</when>
          <when>1970-01-01T00:00:00Z</when>
          <when>1970-01-01T00:00:00Z</when>
          <when>1970-01-01T00:00:00Z</when>
          <when>1970-01-01T00:00:00Z</when>
          <when>1970-01-01T00:00:00Z</when>
          <when>1970-01-01T00:00:00Z</when>
          <when>1970-01-01T00:00:00Z</when>
          <when>1970-01-01T00:00:00Z</when>
          <when>1970-01-01T00:00:00Z</when>
          <when>1970-01-01T00:00:00Z</when>
          <when>1970-01-01T00:00:00Z</when>
          <when>1970-01-01T00:00:00Z</when>
          <when>1970-01-01T00:00:00Z</when>
          <when>1970-01-01T00:00:00Z</when>
          <when>1970-01-01T00:00:00Z</when>
          <when>1970-01-01T00:00:00Z</when>
          <when>1970-01-01T00:00:00Z</when>
          <when>1970-01-01T00:00:00Z</when>
          <when>1970-01-01T00:00:00Z</when>
          <when>1970-01-01T00:00:00Z</when>
          <when>1970-01-01T00:00:00Z</when>
          <when>1970-01-01T00:00:00Z</when>
          <when>1970-01-01T00:00:00Z</when>
          <when>1970-01-01T00:00:00Z</when>
          <when>1970-01-01T00:00:00Z</when>
          <when>1970-01-01T00:00:00Z</when>
          <when>1970-01-01T00:00:00Z</when>
          <when>1970-01-01T00:00:00Z</when>
          <when>1970-01-01T00:00:00Z</when>
          <when>1970-01-01T00:00:00Z</when>
          <when>1970-01-01T00:00:00Z</when>
          <when>1970-01-01T00:00:00Z</when>
          <when>1970-01-01T00:00:00Z</when>
          <when>1970-01-01T00:00:00Z</when>
          <when>1970-01-01T00:00:00Z</when>
          <when>1970-01-01T00:00:00Z</when>
          <when>1970-01-01T00:00:00Z</when>
          <when>1970-01-01T00:00:00Z</when>
          <when>1970-01-01T00:00:00Z</when>
          <when>1970-01-01T00:00:00Z</when>
          <when>1970-01-01T00:00:00Z</when>
          <when>1970-01-01T00:00:00Z</when>
          <when>1970-01-01T00:00:00Z</when>
          <when>1970-01-01T00:00:00Z</when>
          <when>1970-01-01T00:00:00Z</when>
          <when>1970-01-01T00:00:00Z</when>
          <when>1970-01-01T00:00:00Z</when>
          <when>1970-01-01T00:00:00Z</when>
          <when>1970-01-01T00:00:00Z</when>
          <when>1970-01-01T00:00:00Z</when>
          <when>1970-01-01T00:00:00Z</when>
          <when>1970-01-01T00:00:00Z</when>
          <when>1970-01-01T00:00:00Z</when>
          <when>1970-01-01T00:00:00Z</when>
          <when>1970-01-01T00:00:00Z</when>
          <when>1970-01-01T00:00:00Z</when>
          <when>1970-01-01T00:00:00Z</when>
          <when>1970-01-01T00:00:00Z</when>
          <when>1970-01-01T00:00:00Z</when>
          <when>1970-01-01T00:00:00Z</when>
          <when>1970-01-01T00:00:00Z</when>
          <when>1970-01-01T00:00:00Z</when>
          <when>1970-01-01T00:00:00Z</when>
          <when>1970-01-01T00:00:00Z</when>
          <when>1970-01-01T00:00:00Z</when>
          <when>1970-01-01T00:00:00Z</when>
          <when>1970-01-01T00:00:00Z</when>
          <when>1970-01-01T00:00:00Z</when>
          <when>1970-01-01T00:00:00Z</when>
          <when>1970-01-01T00:00:00Z</when>
          <when>1970-01-01T00:00:00Z</when>
          <when>1970-01-01T00:00:00Z</when>
          <when>1970-01-01T00:00:00Z</when>
          <when>1970-01-01T00:00:00Z</when>
          <when>1970-01-01T00:00:00Z</when>
          <when>1970-01-01T00:00:00Z</when>
          <when>1970-01-01T00:00:00Z</when>
          <when>1970-01-01T00:00:00Z</when>
          <when>1970-01-01T00:00:00Z</when>
          <when>1970-01-01T00:00:00Z</when>
          <when>1970-01-01T00:00:00Z</when>
          <when>1970-01-01T00:00:00Z</when>
          <when>1970-01-01T00:00:00Z</when>
          <when>1970-01-01T00:00:00Z</when>
          <when>1970-01-01T00:00:00Z</when>
          <when>1970-01-01T00:00:00Z</when>
          <when>1970-01-01T00:00:00Z</when>
          <when>1970-01-01T00:00:00Z</when>
          <when>1970-01-01T00:00:00Z</when>
          <when>1970-01-01T00:00:00Z</when>
          <when>1970-01-01T00:00:00Z</when>
          <when>1970-01-01T00:00:00Z</when>
          <when>1970-01-01T00:00:00Z</when>
          <when>1970-01-01T00:00:00Z</when>
          <when>1970-01-01T00:00:00Z</when>
          <when>1970-01-01T00:00:00Z</when>
          <when>1970-01-01T00:00:00Z</when>
          <when>1970-01-01T00:00:00Z</when>
          <when>1970-01-01T00:00:00Z</when>
          <when>1970-01-01T00:00:00Z</when>
          <when>1970-01-01T00:00:00Z</when>
          <when>1970-01-01T00:00:00Z</when>
          <when>1970-01-01T00:00:00Z</when>
          <when>1970-01-01T00:00:00Z</when>
          <when>1970-01-01T00:00:00Z</when>
          <when>1970-01-01T00:00:00Z</when>
          <when>1970-01-01T00:00:00Z</when>
          <when>1970-01-01T00:00:00Z</when>
          <when>1970-01-01T00:00:00Z</when>
          <when>1970-01-01T00:00:00Z</when>
          <when>1970-01-01T00:00:00Z</when>
          <when>1970-01-01T00:00:00Z</when>
          <when>1970-01-01T00:00:00Z</when>
          <when>1970-01-01T00:00:00Z</when>
          <when>1970-01-01T00:00:00Z</when>
          <when>1970-01-01T00:00:00Z</when>
          <when>1970-01-01T00:00:00Z</when>
          <when>1970-01-01T00:00:00Z</when>
          <when>1970-01-01T00:00:00Z</when>
          <when>1970-01-01T00:00:00Z</when>
          <when>1970-01-01T00:00:00Z</when>
          <when>1970-01-01T00:00:00Z</when>
          <when>1970-01-01T00:00:00Z</when>
          <when>1970-01-01T00:00:00Z</when>
          <when>1970-01-01T00:00:00Z</when>
          <when>1970-01-01T00:00:00Z</when>
          <when>1970-01-01T00:00:00Z</when>
          <when>1970-01-01T00:00:00Z</when>
          <when>1970-01-01T00:00:00Z</when>
          <when>1970-01-01T00:00:00Z</when>
          <when>1970-01-01T00:00:00Z</when>
          <when>1970-01-01T00:00:00Z</when>
          <when>1970-01-01T00:00:00Z</when>
          <when>1970-01-01T00:00:00Z</when>
          <when>1970-01-01T00:00:00Z</when>
          <when>1970-01-01T00:00:00Z</when>
          <when>1970-01-01T00:00:00Z</when>
          <when>1970-01-01T00:00:00Z</when>
          <when>1970-01-01T00:00:00Z</when>
          <when>1970-01-01T00:00:00Z</when>
          <when>1970-01-01T00:00:00Z</when>
          <when>1970-01-01T00:00:00Z</when>
          <when>1970-01-01T00:00:00Z</when>
          <when>1970-01-01T00:00:00Z</when>
          <when>1970-01-01T00:00:00Z</when>
          <when>1970-01-01T00:00:00Z</when>
          <when>1970-01-01T00:00:00Z</when>
          <when>1970-01-01T00:00:00Z</when>
          <when>1970-01-01T00:00:00Z</when>
          <when>1970-01-01T00:00:00Z</when>
          <when>1970-01-01T00:00:00Z</when>
          <when>1970-01-01T00:00:00Z</when>
          <when>1970-01-01T00:00:00Z</when>
          <when>1970-01-01T00:00:00Z</when>
          <when>1970-01-01T00:00:00Z</when>
          <when>1970-01-01T00:00:00Z</when>
          <when>1970-01-01T00:00:00Z</when>
          <when>1970-01-01T00:00:00Z</when>
          <when>1970-01-01T00:00:00Z</when>
          <when>1970-01-01T00:00:00Z</when>
          <when>1970-01-01T00:00:00Z</when>
          <when>1970-01-01T00:00:00Z</when>
          <when>1970-01-01T00:00:00Z</when>
          <when>1970-01-01T00:00:00Z</when>
          <when>1970-01-01T00:00:00Z</when>
          <when>1970-01-01T00:00:00Z</when>
          <when>1970-01-01T00:00:00Z</when>
          <when>1970-01-01T00:00:00Z</when>
          <when>1970-01-01T00:00:00Z</when>
          <when>1970-01-01T00:00:00Z</when>
          <when>1970-01-01T00:00:00Z</when>
          <when>1970-01-01T00:00:00Z</when>
          <when>1970-01-01T00:00:00Z</when>
          <when>1970-01-01T00:00:00Z</when>
          <when>1970-01-01T00:00:00Z</when>
          <when>1970-01-01T00:00:00Z</when>
          <when>1970-01-01T00:00:00Z</when>
          <when>1970-01-01T00:00:00Z</when>
          <when>1970-01-01T00:00:00Z</when>
          <when>1970-01-01T00:00:00Z</when>
          <when>1970-01-01T00:00:00Z</when>
          <when>1970-01-01T00:00:00Z</when>
          <when>1970-01-01T00:00:00Z</when>
          <when>1970-01-01T00:00:00Z</when>
          <when>1970-01-01T00:00:00Z</when>
          <when>1970-01-01T00:00:00Z</when>
          <when>1970-01-01T00:00:00Z</when>
          <when>1970-01-01T00:00:00Z</when>
          <when>1970-01-01T00:00:00Z</when>
          <when>1970-01-01T00:00:00Z</when>
          <when>1970-01-01T00:00:00Z</when>
          <when>1970-01-01T00:00:00Z</when>
          <when>1970-01-01T00:00:00Z</when>
          <when>1970-01-01T00:00:00Z</when>
          <when>1970-01-01T00:00:00Z</when>
          <when>1970-01-01T00:00:00Z</when>
          <when>1970-01-01T00:00:00Z</when>
          <when>1970-01-01T00:00:00Z</when>
          <when>1970-01-01T00:00:00Z</when>
          <when>1970-01-01T00:00:00Z</when>
          <when>1970-01-01T00:00:00Z</when>
          <when>1970-01-01T00:00:00Z</when>
          <when>1970-01-01T00:00:00Z</when>
          <when>1970-01-01T00:00:00Z</when>
          <when>1970-01-01T00:00:00Z</when>
          <when>1970-01-01T00:00:00Z</when>
          <when>1970-01-01T00:00:00Z</when>
          <when>1970-01-01T00:00:00Z</when>
          <when>1970-01-01T00:00:00Z</when>
          <when>1970-01-01T00:00:00Z</when>
          <when>1970-01-01T00:00:00Z</when>
          <when>1970-01-01T00:00:00Z</when>
          <when>1970-01-01T00:00:00Z</when>
          <when>1970-01-01T00:00:00Z</when>
          <when>1970-01-01T00:00:00Z</when>
          <when>1970-01-01T00:00:00Z</when>
          <when>1970-01-01T00:00:00Z</when>
          <when>1970-01-01T00:00:00Z</when>
          <when>1970-01-01T00:00:00Z</when>
          <when>1970-01-01T00:00:00Z</when>
          <when>1970-01-01T00:00:00Z</when>
          <when>1970-01-01T00:00:00Z</when>
          <when>1970-01-01T00:00:00Z</when>
          <when>1970-01-01T00:00:00Z</when>
          <when>1970-01-01T00:00:00Z</when>
          <when>1970-01-01T00:00:00Z</when>
          <when>1970-01-01T00:00:00Z</when>
          <when>1970-01-01T00:00:00Z</when>
          <when>1970-01-01T00:00:00Z</when>
          <when>1970-01-01T00:00:00Z</when>
          <when>1970-01-01T00:00:00Z</when>
          <when>1970-01-01T00:00:00Z</when>
          <when>1970-01-01T00:00:00Z</when>
          <when>1970-01-01T00:00:00Z</when>
          <when>1970-01-01T00:00:00Z</when>
          <when>1970-01-01T00:00:00Z</when>
          <when>1970-01-01T00:00:00Z</when>
          <when>1970-01-01T00:00:00Z</when>
          <when>1970-01-01T00:00:00Z</when>
          <when>1970-01-01T00:00:00Z</when>
          <when>1970-01-01T00:00:00Z</when>
          <when>1970-01-01T00:00:00Z</when>
          <when>1970-01-01T00:00:00Z</when>
          <when>1970-01-01T00:00:00Z</when>
          <when>1970-01-01T00:00:00Z</when>
          <when>1970-01-01T00:00:00Z</when>
          <when>1970-01-01T00:00:00Z</when>
          <when>1970-01-01T00:00:00Z</when>
          <when>1970-01-01T00:00:00Z</when>
          <when>1970-01-01T00:00:00Z</when>
          <when>1970-01-01T00:00:00Z</when>
          <when>1970-01-01T00:00:00Z</when>
          <when>1970-01-01T00:00:00Z</when>
          <when>1970-01-01T00:00:00Z</when>
          <when>1970-01-01T00:00:00Z</when>
          <when>1970-01-01T00:00:00Z</when>
          <when>1970-01-01T00:00:00Z</when>
          <when>1970-01-01T00:00:00Z</when>
          <when>1970-01-01T00:00:00Z</when>
          <when>1970-01-01T00:00:00Z</when>
          <when>1970-01-01T00:00:00Z</when>
          <when>1970-01-01T00:00:00Z</when>
          <when>1970-01-01T00:00:00Z</when>
          <when>1970-01-01T00:00:00Z</when>
          <when>1970-01-01T00:00:00Z</when>
          <when>1970-01-01T00:00:00Z</when>
          <when>1970-01-01T00:00:00Z</when>
          <when>1970-01-01T00:00:00Z</when>
          <when>1970-01-01T00:00:00Z</when>
          <when>1970-01-01T00:00:00Z</when>
          <when>1970-01-01T00:00:00Z</when>
          <when>1970-01-01T00:00:00Z</when>
          <when>1970-01-01T00:00:00Z</when>
          <when>1970-01-01T00:00:00Z</when>
          <when>1970-01-01T00:00:00Z</when>
          <when>1970-01-01T00:00:00Z</when>
          <when>1970-01-01T00:00:00Z</when>
          <when>1970-01-01T00:00:00Z</when>
          <when>1970-01-01T00:00:00Z</when>
          <when>1970-01-01T00:00:00Z</when>
          <when>1970-01-01T00:00:00Z</when>
          <when>1970-01-01T00:00:00Z</when>
          <when>1970-01-01T00:00:00Z</when>
          <when>1970-01-01T00:00:00Z</when>
          <when>1970-01-01T00:00:00Z</when>
          <when>1970-01-01T00:00:00Z</when>
          <when>1970-01-01T00:00:00Z</when>
          <when>1970-01-01T00:00:00Z</when>
          <when>1970-01-01T00:00:00Z</when>
          <when>1970-01-01T00:00:00Z</when>
          <when>1970-01-01T00:00:00Z</when>
          <when>1970-01-01T00:00:00Z</when>
          <when>1970-01-01T00:00:00Z</when>
          <when>1970-01-01T00:00:00Z</when>
          <when>1970-01-01T00:00:00Z</when>
          <when>1970-01-01T00:00:00Z</when>
          <when>1970-01-01T00:00:00Z</when>
          <when>1970-01-01T00:00:00Z</when>
          <when>1970-01-01T00:00:00Z</when>
          <when>1970-01-01T00:00:00Z</when>
          <when>1970-01-01T00:00:00Z</when>
          <when>1970-01-01T00:00:00Z</when>
          <when>1970-01-01T00:00:00Z</when>
          <when>1970-01-01T00:00:00Z</when>
          <when>1970-01-01T00:00:00Z</when>
          <when>1970-01-01T00:00:00Z</when>
          <when>1970-01-01T00:00:00Z</when>
          <when>1970-01-01T00:00:00Z</when>
          <when>1970-01-01T00:00:00Z</when>
          <when>1970-01-01T00:00:00Z</when>
          <when>1970-01-01T00:00:00Z</when>
          <when>1970-01-01T00:00:00Z</when>
          <when>1970-01-01T00:00:00Z</when>
          <when>1970-01-01T00:00:00Z</when>
          <when>1970-01-01T00:00:00Z</when>
          <when>1970-01-01T00:00:00Z</when>
          <when>1970-01-01T00:00:00Z</when>
          <when>1970-01-01T00:00:00Z</when>
          <when>1970-01-01T00:00:00Z</when>
          <when>1970-01-01T00:00:00Z</when>
          <when>1970-01-01T00:00:00Z</when>
          <when>1970-01-01T00:00:00Z</when>
          <when>1970-01-01T00:00:00Z</when>
          <when>1970-01-01T00:00:00Z</when>
          <when>1970-01-01T00:00:00Z</when>
          <when>1970-01-01T00:00:00Z</when>
          <when>1970-01-01T00:00:00Z</when>
          <when>1970-01-01T00:00:00Z</when>
          <when>1970-01-01T00:00:00Z</when>
          <when>1970-01-01T00:00:00Z</when>
          <when>1970-01-01T00:00:00Z</when>
          <when>1970-01-01T00:00:00Z</when>
          <when>1970-01-01T00:00:00Z</when>
          <when>1970-01-01T00:00:00Z</when>
          <when>1970-01-01T00:00:00Z</when>
          <when>1970-01-01T00:00:00Z</when>
          <when>1970-01-01T00:00:00Z</when>
          <when>1970-01-01T00:00:00Z</when>
          <when>1970-01-01T00:00:00Z</when>
          <when>1970-01-01T00:00:00Z</when>
          <when>1970-01-01T00:00:00Z</when>
          <when>1970-01-01T00:00:00Z</when>
          <when>1970-01-01T00:00:00Z</when>
          <when>1970-01-01T00:00:00Z</when>
          <when>1970-01-01T00:00:00Z</when>
          <when>1970-01-01T00:00:00Z</when>
          <when>1970-01-01T00:00:00Z</when>
          <when>1970-01-01T00:00:00Z</when>
          <when>1970-01-01T00:00:00Z</when>
          <when>1970-01-01T00:00:00Z</when>
          <when>1970-01-01T00:00:00Z</when>
          <when>1970-01-01T00:00:00Z</when>
          <when>1970-01-01T00:00:00Z</when>
          <when>1970-01-01T00:00:00Z</when>
          <when>1970-01-01T00:00:00Z</when>
          <when>1970-01-01T00:00:00Z</when>
          <when>1970-01-01T00:00:00Z</when>
          <when>1970-01-01T00:00:00Z</when>
          <when>1970-01-01T00:00:00Z</when>
          <when>1970-01-01T00:00:00Z</when>
          <when>1970-01-01T00:00:00Z</when>
          <when>1970-01-01T00:00:00Z</when>
          <when>1970-01-01T00:00:00Z</when>
          <when>1970-01-01T00:00:00Z</when>
          <when>1970-01-01T00:00:00Z</when>
          <when>1970-01-01T00:00:00Z</when>
          <when>1970-01-01T00:00:00Z</when>
          <when>1970-01-01T00:00:00Z</when>
          <when>1970-01-01T00:00:00Z</when>
          <when>1970-01-01T00:00:00Z</when>
          <when>1970-01-01T00:00:00Z</when>
          <when>1970-01-01T00:00:00Z</when>
          <when>1970-01-01T00:00:00Z</when>
          <when>1970-01-01T00:00:00Z</when>
          <when>1970-01-01T00:00:00Z</when>
          <when>1970-01-01T00:00:00Z</when>
          <when>1970-01-01T00:00:00Z</when>
          <when>1970-01-01T00:00:00Z</when>
          <when>1970-01-01T00:00:00Z</when>
          <when>1970-01-01T00:00:00Z</when>
          <when>1970-01-01T00:00:00Z</when>
          <when>1970-01-01T00:00:00Z</when>
          <when>1970-01-01T00:00:00Z</when>
          <when>1970-01-01T00:00:00Z</when>
          <when>1970-01-01T00:00:00Z</when>
          <when>1970-01-01T00:00:00Z</when>
          <when>1970-01-01T00:00:00Z</when>
          <when>1970-01-01T00:00:00Z</when>
          <when>1970-01-01T00:00:00Z</when>
          <when>1970-01-01T00:00:00Z</when>
          <when>1970-01-01T00:00:00Z</when>
          <when>1970-01-01T00:00:00Z</when>
          <when>1970-01-01T00:00:00Z</when>
          <when>1970-01-01T00:00:00Z</when>
          <when>1970-01-01T00:00:00Z</when>
          <when>1970-01-01T00:00:00Z</when>
          <when>1970-01-01T00:00:00Z</when>
          <when>1970-01-01T00:00:00Z</when>
          <when>1970-01-01T00:00:00Z</when>
          <when>1970-01-01T00:00:00Z</when>
          <when>1970-01-01T00:00:00Z</when>
          <when>1970-01-01T00:00:00Z</when>
          <when>1970-01-01T00:00:00Z</when>
          <when>1970-01-01T00:00:00Z</when>
          <when>1970-01-01T00:00:00Z</when>
          <when>1970-01-01T00:00:00Z</when>
          <when>1970-01-01T00:00:00Z</when>
          <when>1970-01-01T00:00:00Z</when>
          <when>1970-01-01T00:00:00Z</when>
          <when>1970-01-01T00:00:00Z</when>
          <when>1970-01-01T00:00:00Z</when>
          <when>1970-01-01T00:00:00Z</when>
          <when>1970-01-01T00:00:00Z</when>
          <when>1970-01-01T00:00:00Z</when>
          <when>1970-01-01T00:00:00Z</when>
          <when>1970-01-01T00:00:00Z</when>
          <when>1970-01-01T00:00:00Z</when>
          <when>1970-01-01T00:00:00Z</when>
          <when>1970-01-01T00:00:00Z</when>
          <when>1970-01-01T00:00:00Z</when>
          <when>1970-01-01T00:00:00Z</when>
          <when>1970-01-01T00:00:00Z</when>
          <when>1970-01-01T00:00:00Z</when>
          <when>1970-01-01T00:00:00Z</when>
          <when>1970-01-01T00:00:00Z</when>
          <when>1970-01-01T00:00:00Z</when>
          <when>1970-01-01T00:00:00Z</when>
          <when>1970-01-01T00:00:00Z</when>
          <when>1970-01-01T00:00:00Z</when>
          <when>1970-01-01T00:00:00Z</when>
          <when>1970-01-01T00:00:00Z</when>
          <when>1970-01-01T00:00:00Z</when>
          <when>1970-01-01T00:00:00Z</when>
          <when>1970-01-01T00:00:00Z</when>
          <when>1970-01-01T00:00:00Z</when>
          <when>1970-01-01T00:00:00Z</when>
          <when>1970-01-01T00:00:00Z</when>
          <when>1970-01-01T00:00:00Z</when>
          <when>1970-01-01T00:00:00Z</when>
          <when>1970-01-01T00:00:00Z</when>
          <when>1970-01-01T00:00:00Z</when>
          <when>1970-01-01T00:00:00Z</when>
          <when>1970-01-01T00:00:00Z</when>
          <when>1970-01-01T00:00:00Z</when>
          <when>1970-01-01T00:00:00Z</when>
          <when>1970-01-01T00:00:00Z</when>
          <when>1970-01-01T00:00:00Z</when>
          <when>1970-01-01T00:00:00Z</when>
          <when>1970-01-01T00:00:00Z</when>
          <when>1970-01-01T00:00:00Z</when>
          <when>1970-01-01T00:00:00Z</when>
          <when>1970-01-01T00:00:00Z</when>
          <when>1970-01-01T00:00:00Z</when>
          <when>1970-01-01T00:00:00Z</when>
          <when>1970-01-01T00:00:00Z</when>
          <when>1970-01-01T00:00:00Z</when>
          <when>1970-01-01T00:00:00Z</when>
          <when>1970-01-01T00:00:00Z</when>
          <when>1970-01-01T00:00:00Z</when>
          <when>1970-01-01T00:00:00Z</when>
          <when>1970-01-01T00:00:00Z</when>
          <when>1970-01-01T00:00:00Z</when>
          <when>1970-01-01T00:00:00Z</when>
          <when>1970-01-01T00:00:00Z</when>
          <when>1970-01-01T00:00:00Z</when>
          <when>1970-01-01T00:00:00Z</when>
          <when>1970-01-01T00:00:00Z</when>
          <when>1970-01-01T00:00:00Z</when>
          <when>1970-01-01T00:00:00Z</when>
          <when>1970-01-01T00:00:00Z</when>
          <when>1970-01-01T00:00:00Z</when>
          <when>1970-01-01T00:00:00Z</when>
          <when>1970-01-01T00:00:00Z</when>
          <when>1970-01-01T00:00:00Z</when>
          <when>1970-01-01T00:00:00Z</when>
          <when>1970-01-01T00:00:00Z</when>
          <when>1970-01-01T00:00:00Z</when>
          <when>1970-01-01T00:00:00Z</when>
          <when>1970-01-01T00:00:00Z</when>
          <when>1970-01-01T00:00:00Z</when>
          <when>1970-01-01T00:00:00Z</when>
          <when>1970-01-01T00:00:00Z</when>
          <when>1970-01-01T00:00:00Z</when>
          <when>1970-01-01T00:00:00Z</when>
          <when>1970-01-01T00:00:00Z</when>
          <when>1970-01-01T00:00:00Z</when>
          <when>1970-01-01T00:00:00Z</when>
          <when>1970-01-01T00:00:00Z</when>
          <when>1970-01-01T00:00:00Z</when>
          <when>1970-01-01T00:00:00Z</when>
          <when>1970-01-01T00:00:00Z</when>
          <when>1970-01-01T00:00:00Z</when>
          <when>1970-01-01T00:00:00Z</when>
          <when>1970-01-01T00:00:00Z</when>
          <when>1970-01-01T00:00:00Z</when>
          <when>1970-01-01T00:00:00Z</when>
          <when>1970-01-01T00:00:00Z</when>
          <when>1970-01-01T00:00:00Z</when>
          <when>1970-01-01T00:00:00Z</when>
          <when>1970-01-01T00:00:00Z</when>
          <when>1970-01-01T00:00:00Z</when>
          <when>1970-01-01T00:00:00Z</when>
          <when>1970-01-01T00:00:00Z</when>
          <when>1970-01-01T00:00:00Z</when>
          <when>1970-01-01T00:00:00Z</when>
          <when>1970-01-01T00:00:00Z</when>
          <when>1970-01-01T00:00:00Z</when>
          <when>1970-01-01T00:00:00Z</when>
          <when>1970-01-01T00:00:00Z</when>
          <when>1970-01-01T00:00:00Z</when>
          <when>1970-01-01T00:00:00Z</when>
          <when>1970-01-01T00:00:00Z</when>
          <when>1970-01-01T00:00:00Z</when>
          <when>1970-01-01T00:00:00Z</when>
          <when>1970-01-01T00:00:00Z</when>
          <when>1970-01-01T00:00:00Z</when>
          <when>1970-01-01T00:00:00Z</when>
          <when>1970-01-01T00:00:00Z</when>
          <when>1970-01-01T00:00:00Z</when>
          <when>1970-01-01T00:00:00Z</when>
          <when>1970-01-01T00:00:00Z</when>
          <when>1970-01-01T00:00:00Z</when>
          <when>1970-01-01T00:00:00Z</when>
          <when>1970-01-01T00:00:00Z</when>
          <when>1970-01-01T00:00:00Z</when>
          <when>1970-01-01T00:00:00Z</when>
          <when>1970-01-01T00:00:00Z</when>
          <when>1970-01-01T00:00:00Z</when>
          <when>1970-01-01T00:00:00Z</when>
          <when>1970-01-01T00:00:00Z</when>
          <when>1970-01-01T00:00:00Z</when>
          <when>1970-01-01T00:00:00Z</when>
          <when>1970-01-01T00:00:00Z</when>
          <when>1970-01-01T00:00:00Z</when>
          <when>1970-01-01T00:00:00Z</when>
          <when>1970-01-01T00:00:00Z</when>
          <when>1970-01-01T00:00:00Z</when>
          <when>1970-01-01T00:00:00Z</when>
          <when>1970-01-01T00:00:00Z</when>
          <when>1970-01-01T00:00:00Z</when>
          <when>1970-01-01T00:00:00Z</when>
          <when>1970-01-01T00:00:00Z</when>
          <when>1970-01-01T00:00:00Z</when>
          <when>1970-01-01T00:00:00Z</when>
          <when>1970-01-01T00:00:00Z</when>
          <when>1970-01-01T00:00:00Z</when>
          <when>1970-01-01T00:00:00Z</when>
          <when>1970-01-01T00:00:00Z</when>
          <when>1970-01-01T00:00:00Z</when>
          <when>1970-01-01T00:00:00Z</when>
          <when>1970-01-01T00:00:00Z</when>
          <when>1970-01-01T00:00:00Z</when>
          <when>1970-01-01T00:00:00Z</when>
          <when>1970-01-01T00:00:00Z</when>
          <when>1970-01-01T00:00:00Z</when>
          <when>1970-01-01T00:00:00Z</when>
          <when>1970-01-01T00:00:00Z</when>
          <when>1970-01-01T00:00:00Z</when>
          <when>1970-01-01T00:00:00Z</when>
          <when>1970-01-01T00:00:00Z</when>
          <when>1970-01-01T00:00:00Z</when>
          <when>1970-01-01T00:00:00Z</when>
          <when>1970-01-01T00:00:00Z</when>
          <when>1970-01-01T00:00:00Z</when>
          <when>1970-01-01T00:00:00Z</when>
          <when>1970-01-01T00:00:00Z</when>
          <when>1970-01-01T00:00:00Z</when>
          <when>1970-01-01T00:00:00Z</when>
          <when>1970-01-01T00:00:00Z</when>
          <when>1970-01-01T00:00:00Z</when>
          <when>1970-01-01T00:00:00Z</when>
          <when>1970-01-01T00:00:00Z</when>
          <when>1970-01-01T00:00:00Z</when>
          <when>1970-01-01T00:00:00Z</when>
          <when>1970-01-01T00:00:00Z</when>
          <when>1970-01-01T00:00:00Z</when>
          <when>1970-01-01T00:00:00Z</when>
          <when>1970-01-01T00:00:00Z</when>
          <when>1970-01-01T00:00:00Z</when>
          <when>1970-01-01T00:00:00Z</when>
          <when>1970-01-01T00:00:00Z</when>
          <when>1970-01-01T00:00:00Z</when>
          <when>1970-01-01T00:00:00Z</when>
          <when>1970-01-01T00:00:00Z</when>
          <when>1970-01-01T00:00:00Z</when>
          <when>1970-01-01T00:00:00Z</when>
          <when>1970-01-01T00:00:00Z</when>
          <when>1970-01-01T00:00:00Z</when>
          <when>1970-01-01T00:00:00Z</when>
          <when>1970-01-01T00:00:00Z</when>
          <when>1970-01-01T00:00:00Z</when>
          <when>1970-01-01T00:00:00Z</when>
          <when>1970-01-01T00:00:00Z</when>
          <when>1970-01-01T00:00:00Z</when>
          <when>1970-01-01T00:00:00Z</when>
          <when>1970-01-01T00:00:00Z</when>
          <when>1970-01-01T00:00:00Z</when>
          <when>1970-01-01T00:00:00Z</when>
          <when>1970-01-01T00:00:00Z</when>
          <when>1970-01-01T00:00:00Z</when>
          <when>1970-01-01T00:00:00Z</when>
          <when>1970-01-01T00:00:00Z</when>
          <when>1970-01-01T00:00:00Z</when>
          <when>1970-01-01T00:00:00Z</when>
          <when>1970-01-01T00:00:00Z</when>
          <when>1970-01-01T00:00:00Z</when>
          <when>1970-01-01T00:00:00Z</when>
          <when>1970-01-01T00:00:00Z</when>
          <when>1970-01-01T00:00:00Z</when>
          <when>1970-01-01T00:00:00Z</when>
          <when>1970-01-01T00:00:00Z</when>
          <when>1970-01-01T00:00:00Z</when>
          <when>1970-01-01T00:00:00Z</when>
          <when>1970-01-01T00:00:00Z</when>
          <when>1970-01-01T00:00:00Z</when>
          <when>1970-01-01T00:00:00Z</when>
          <when>1970-01-01T00:00:00Z</when>
          <when>1970-01-01T00:00:00Z</when>
          <when>1970-01-01T00:00:00Z</when>
          <when>1970-01-01T00:00:00Z</when>
          <when>1970-01-01T00:00:00Z</when>
          <when>1970-01-01T00:00:00Z</when>
          <when>1970-01-01T00:00:00Z</when>
          <when>1970-01-01T00:00:00Z</when>
          <when>1970-01-01T00:00:00Z</when>
          <when>1970-01-01T00:00:00Z</when>
          <when>1970-01-01T00:00:00Z</when>
          <when>1970-01-01T00:00:00Z</when>
          <when>1970-01-01T00:00:00Z</when>
          <when>1970-01-01T00:00:00Z</when>
          <when>1970-01-01T00:00:00Z</when>
          <when>1970-01-01T00:00:00Z</when>
          <when>1970-01-01T00:00:00Z</when>
          <when>1970-01-01T00:00:00Z</when>
          <when>1970-01-01T00:00:00Z</when>
          <when>1970-01-01T00:00:00Z</when>
          <when>1970-01-01T00:00:00Z</when>
          <when>1970-01-01T00:00:00Z</when>
          <when>1970-01-01T00:00:00Z</when>
          <when>1970-01-01T00:00:00Z</when>
          <when>1970-01-01T00:00:00Z</when>
          <when>1970-01-01T00:00:00Z</when>
          <when>1970-01-01T00:00:00Z</when>
          <when>1970-01-01T00:00:00Z</when>
          <when>1970-01-01T00:00:00Z</when>
          <when>1970-01-01T00:00:00Z</when>
          <when>1970-01-01T00:00:00Z</when>
          <when>1970-01-01T00:00:00Z</when>
          <when>1970-01-01T00:00:00Z</when>
          <when>1970-01-01T00:00:00Z</when>
          <when>1970-01-01T00:00:00Z</when>
          <when>1970-01-01T00:00:00Z</when>
          <when>1970-01-01T00:00:00Z</when>
          <when>1970-01-01T00:00:00Z</when>
          <when>1970-01-01T00:00:00Z</when>
          <when>1970-01-01T00:00:00Z</when>
          <when>1970-01-01T00:00:00Z</when>
          <when>1970-01-01T00:00:00Z</when>
          <when>1970-01-01T00:00:00Z</when>
          <when>1970-01-01T00:00:00Z</when>
          <when>1970-01-01T00:00:00Z</when>
          <when>1970-01-01T00:00:00Z</when>
          <when>1970-01-01T00:00:00Z</when>
          <when>1970-01-01T00:00:00Z</when>
          <when>1970-01-01T00:00:00Z</when>
          <when>1970-01-01T00:00:00Z</when>
          <when>1970-01-01T00:00:00Z</when>
          <when>1970-01-01T00:00:00Z</when>
          <when>1970-01-01T00:00:00Z</when>
          <when>1970-01-01T00:00:00Z</when>
          <when>1970-01-01T00:00:00Z</when>
          <when>1970-01-01T00:00:00Z</when>
          <when>1970-01-01T00:00:00Z</when>
          <when>1970-01-01T00:00:00Z</when>
          <when>1970-01-01T00:00:00Z</when>
          <when>1970-01-01T00:00:00Z</when>
          <when>1970-01-01T00:00:00Z</when>
          <when>1970-01-01T00:00:00Z</when>
          <when>1970-01-01T00:00:00Z</when>
          <when>1970-01-01T00:00:00Z</when>
          <when>1970-01-01T00:00:00Z</when>
          <when>1970-01-01T00:00:00Z</when>
          <when>1970-01-01T00:00:00Z</when>
          <when>1970-01-01T00:00:00Z</when>
          <when>1970-01-01T00:00:00Z</when>
          <when>1970-01-01T00:00:00Z</when>
          <when>1970-01-01T00:00:00Z</when>
          <when>1970-01-01T00:00:00Z</when>
          <when>1970-01-01T00:00:00Z</when>
          <when>1970-01-01T00:00:00Z</when>
          <when>1970-01-22T08:47:12Z</when>
          <when>1970-01-22T08:47:15Z</when>
          <when>1970-01-22T08:47:18Z</when>
          <when>1970-01-22T08:47:52Z</when>
          <when>1970-01-22T08:48:16Z</when>
          <when>1970-01-22T08:48:34Z</when>
          <when>1970-01-22T08:48:52Z</when>
          <when>1970-01-22T08:49:00Z</when>
          <when>1970-01-22T08:49:16Z</when>
          <when>1970-01-22T08:49:37Z</when>
          <when>1970-01-22T08:49:44Z</when>
          <when>1970-01-22T08:50:31Z</when>
          <when>1970-01-22T08:50:33Z</when>
          <when>1970-01-22T08:50:54Z</when>
          <when>1970-01-22T08:51:02Z</when>
          <when>1970-01-22T08:51:09Z</when>
          <when>1970-01-22T08:51:39Z</when>
          <when>1970-01-22T08:51:49Z</when>
          <when>1970-01-22T08:51:56Z</when>
          <when>1970-01-22T08:52:10Z</when>
          <when>1970-01-22T08:52:18Z</when>
          <when>1970-01-22T08:52:27Z</when>
          <when>1970-01-22T08:52:42Z</when>
          <when>1970-01-22T08:52:48Z</when>
          <when>1970-01-22T08:52:58Z</when>
          <when>1970-01-22T08:53:17Z</when>
          <when>1970-01-22T08:53:25Z</when>
          <when>1970-01-22T08:53:30Z</when>
          <when>1970-01-22T08:53:40Z</when>
          <when>1970-01-22T08:53:55Z</when>
          <when>1970-01-22T08:54:18Z</when>
          <when>1970-01-22T08:54:42Z</when>
          <when>1970-01-22T08:54:46Z</when>
          <when>1970-01-22T08:54:53Z</when>
          <when>1970-01-22T08:55:20Z</when>
          <when>1970-01-22T08:55:24Z</when>
          <when>1970-01-22T08:55:32Z</when>
          <when>1970-01-22T08:55:59Z</when>
          <when>1970-01-22T08:56:12Z</when>
          <when>1970-01-22T08:56:20Z</when>
          <when>1970-01-22T08:56:33Z</when>
          <when>1970-01-22T08:56:42Z</when>
          <when>1970-01-22T08:56:58Z</when>
          <when>1970-01-22T08:57:07Z</when>
          <when>1970-01-22T08:57:12Z</when>
          <when>1970-01-22T08:57:17Z</when>
          <when>1970-01-22T08:57:38Z</when>
          <when>1970-01-22T08:57:41Z</when>
          <when>1970-01-22T08:58:23Z</when>
          <when>1970-01-22T08:58:48Z</when>
          <when>1970-01-22T08:59:32Z</when>
          <when>1970-01-22T09:00:10Z</when>
          <when>1970-01-22T09:00:13Z</when>
          <when>1970-01-22T09:00:42Z</when>
          <when>1970-01-22T09:00:48Z</when>
          <when>1970-01-22T09:01:01Z</when>
          <when>1970-01-22T09:01:40Z</when>
          <when>1970-01-22T09:01:54Z</when>
          <when>1970-01-22T09:02:04Z</when>
          <when>1970-01-22T09:02:25Z</when>
          <when>1970-01-22T09:02:28Z</when>
          <when>1970-01-22T09:02:30Z</when>
          <when>1970-01-22T09:02:42Z</when>
          <when>1970-01-22T09:02:49Z</when>
          <when>1970-01-22T09:03:00Z</when>
          <when>1970-01-22T09:03:29Z</when>
          <when>1970-01-22T09:03:59Z</when>
          <when>1970-01-22T09:04:03Z</when>
          <when>1970-01-22T09:04:24Z</when>
          <when>1970-01-22T09:04:32Z</when>
          <when>1970-01-22T09:04:38Z</when>
          <when>1970-01-22T09:04:42Z</when>
          <when>1970-01-22T09:04:46Z</when>
          <when>1970-01-22T09:04:51Z</when>
          <when>1970-01-22T09:04:53Z</when>
          <when>1970-01-22T09:04:56Z</when>
          <when>1970-01-22T09:04:58Z</when>
          <when>1970-01-22T09:05:05Z</when>
          <when>1970-01-22T09:05:15Z</when>
          <when>1970-01-22T09:05:17Z</when>
          <when>1970-01-22T09:05:21Z</when>
          <when>1970-01-22T09:05:23Z</when>
          <when>1970-01-22T09:05:26Z</when>
          <when>1970-01-22T09:05:28Z</when>
          <when>1970-01-22T09:05:31Z</when>
          <when>1970-01-22T09:05:35Z</when>
          <when>1970-01-22T09:05:37Z</when>
          <when>1970-01-22T09:05:42Z</when>
          <when>1970-01-22T09:05:51Z</when>
          <when>1970-01-22T09:06:04Z</when>
          <when>1970-01-22T09:06:08Z</when>
          <when>1970-01-22T09:06:40Z</when>
          <when>1970-01-22T09:07:18Z</when>
          <when>1970-01-22T09:07:28Z</when>
          <when>1970-01-22T09:07:40Z</when>
          <when>1970-01-22T09:07:48Z</when>
          <when>1970-01-22T09:08:02Z</when>
          <when>1970-01-22T09:08:22Z</when>
          <when>1970-01-22T09:08:29Z</when>
          <when>1970-01-22T09:08:43Z</when>
          <when>1970-01-22T09:08:47Z</when>
          <when>1970-01-22T09:08:49Z</when>
          <when>1970-01-22T09:08:51Z</when>
          <when>1970-01-22T09:09:46Z</when>
          <when>1970-01-22T09:09:48Z</when>
          <when>1970-01-22T09:09:51Z</when>
          <when>1970-01-22T09:09:56Z</when>
          <when>1970-01-22T09:09:59Z</when>
          <when>1970-01-22T09:10:03Z</when>
          <when>1970-01-22T09:10:08Z</when>
          <when>1970-01-22T09:10:11Z</when>
          <when>1970-01-22T09:10:26Z</when>
          <when>1970-01-22T09:10:28Z</when>
          <when>1970-01-22T09:10:31Z</when>
          <when>1970-01-22T09:10:33Z</when>
          <when>1970-01-22T09:11:21Z</when>
          <when>1970-01-22T09:11:25Z</when>
          <when>1970-01-22T09:11:27Z</when>
          <when>1970-01-22T09:11:29Z</when>
          <when>1970-01-22T09:11:30Z</when>
          <when>1970-01-22T09:11:33Z</when>
          <when>1970-01-22T09:11:49Z</when>
          <when>1970-01-22T09:11:59Z</when>
          <when>1970-01-22T09:12:18Z</when>
          <when>1970-01-22T09:12:41Z</when>
          <when>1970-01-22T09:12:58Z</when>
          <when>1970-01-22T09:13:03Z</when>
          <when>1970-01-22T09:13:11Z</when>
          <when>1970-01-22T09:13:30Z</when>
          <when>1970-01-22T09:13:35Z</when>
          <when>1970-01-22T09:13:36Z</when>
          <when>1970-01-22T09:13:37Z</when>
          <when>1970-01-22T09:13:38Z</when>
          <when>1970-01-22T09:13:39Z</when>
          <when>1970-01-22T09:13:42Z</when>
          <when>1970-01-22T09:13:54Z</when>
          <when>1970-01-22T09:14:11Z</when>
          <when>1970-01-22T09:14:16Z</when>
          <when>1970-01-22T09:14:22Z</when>
          <when>1970-01-22T09:14:24Z</when>
          <when>1970-01-22T09:14:27Z</when>
          <when>1970-01-22T09:14:38Z</when>
          <when>1970-01-22T09:14:58Z</when>
          <when>1970-01-22T09:15:33Z</when>
          <when>1970-01-22T09:15:46Z</when>
          <when>1970-01-22T09:16:11Z</when>
          <when>1970-01-22T09:16:16Z</when>
          <when>1970-01-22T09:16:28Z</when>
          <when>1970-01-22T09:16:32Z</when>
          <when>1970-01-22T09:16:34Z</when>
          <when>1970-01-22T09:16:36Z</when>
          <when>1970-01-22T09:16:38Z</when>
          <when>1970-01-22T09:16:43Z</when>
          <when>1970-01-22T09:16:44Z</when>
          <when>1970-01-22T09:16:45Z</when>
          <when>1970-01-22T09:16:49Z</when>
          <when>1970-01-22T09:17:12Z</when>
          <when>1970-01-22T09:17:18Z</when>
          <when>1970-01-22T09:17:22Z</when>
          <when>1970-01-22T09:17:55Z</when>
          <when>1970-01-22T08:20:39Z</when>
          <when>1970-01-22T08:20:29Z</when>
          <when>1970-01-22T08:20:14Z</when>
          <when>1970-01-22T08:20:12Z</when>
          <when>1970-01-22T08:20:10Z</when>
          <when>1970-01-22T08:20:03Z</when>
          <when>1970-01-22T08:19:58Z</when>
          <when>1970-01-22T08:19:56Z</when>
          <when>1970-01-22T08:19:51Z</when>
          <when>1970-01-22T08:19:49Z</when>
          <when>1970-01-22T08:19:45Z</when>
          <when>1970-01-22T08:19:42Z</when>
          <when>1970-01-22T08:19:31Z</when>
          <when>1970-01-22T08:19:30Z</when>
          <when>1970-01-22T08:19:28Z</when>
          <when>1970-01-22T08:19:26Z</when>
          <when>1970-01-22T08:19:22Z</when>
          <when>1970-01-22T08:19:17Z</when>
          <when>1970-01-22T08:19:14Z</when>
          <when>1970-01-22T08:19:11Z</when>
          <when>1970-01-22T08:19:01Z</when>
          <when>1970-01-22T08:18:55Z</when>
          <when>1970-01-22T08:18:52Z</when>
          <when>1970-01-22T08:18:47Z</when>
          <when>1970-01-22T08:18:44Z</when>
          <when>1970-01-22T08:18:35Z</when>
          <when>1970-01-22T08:18:34Z</when>
          <when>1970-01-22T08:18:24Z</when>
          <when>1970-01-22T08:18:21Z</when>
          <when>1970-01-22T08:18:19Z</when>
          <when>1970-01-22T08:18:16Z</when>
          <when>1970-01-22T08:18:12Z</when>
          <when>1970-01-22T08:18:06Z</when>
          <when>1970-01-22T08:18:03Z</when>
          <when>1970-01-22T08:17:55Z</when>
          <when>1970-01-22T08:17:49Z</when>
          <when>1970-01-22T08:17:43Z</when>
          <when>1970-01-22T08:17:39Z</when>
          <when>1970-01-22T08:17:32Z</when>
          <when>1970-01-22T08:17:28Z</when>
          <when>1970-01-22T08:17:26Z</when>
          <when>1970-01-22T08:17:21Z</when>
          <when>1970-01-22T08:17:19Z</when>
          <when>1970-01-22T08:17:17Z</when>
          <when>1970-01-22T08:17:07Z</when>
          <when>1970-01-22T08:17:06Z</when>
          <when>1970-01-22T08:17:03Z</when>
          <when>1970-01-22T08:16:59Z</when>
          <when>1970-01-22T08:16:58Z</when>
          <when>1970-01-22T08:16:56Z</when>
          <when>1970-01-22T08:16:53Z</when>
          <when>1970-01-22T08:16:51Z</when>
          <when>1970-01-22T08:16:46Z</when>
          <when>1970-01-22T08:16:44Z</when>
          <when>1970-01-22T08:16:41Z</when>
          <when>1970-01-22T08:16:27Z</when>
          <when>1970-01-22T08:16:04Z</when>
          <when>1970-01-22T08:15:52Z</when>
          <when>1970-01-22T08:15:51Z</when>
          <when>1970-01-22T08:15:50Z</when>
          <when>1970-01-22T08:15:47Z</when>
          <when>1970-01-22T08:15:43Z</when>
          <when>1970-01-22T08:15:40Z</when>
          <when>1970-01-22T08:15:37Z</when>
          <when>1970-01-22T08:15:33Z</when>
          <when>1970-01-22T08:15:32Z</when>
          <when>1970-01-22T08:15:30Z</when>
          <when>1970-01-22T08:15:28Z</when>
          <when>1970-01-22T08:15:24Z</when>
          <when>1970-01-22T08:15:21Z</when>
          <when>1970-01-22T08:15:19Z</when>
          <when>1970-01-22T08:15:15Z</when>
          <when>1970-01-22T08:15:12Z</when>
          <when>1970-01-22T08:15:08Z</when>
          <when>1970-01-01T00:00:00Z</when>
          <when>1970-01-01T00:00:00Z</when>
          <when>1970-01-01T00:00:00Z</when>
          <when>1970-01-01T00:00:00Z</when>
          <when>1970-01-01T00:00:00Z</when>
          <when>1970-01-01T00:00:00Z</when>
          <when>1970-01-01T00:00:00Z</when>
          <when>1970-01-01T00:00:00Z</when>
          <when>1970-01-01T00:00:00Z</when>
          <when>1970-01-01T00:00:00Z</when>
          <when>1970-01-01T00:00:00Z</when>
          <when>1970-01-01T00:00:00Z</when>
          <when>1970-01-01T00:00:00Z</when>
          <when>1970-01-01T00:00:00Z</when>
          <when>1970-01-01T00:00:00Z</when>
          <when>1970-01-01T00:00:00Z</when>
          <when>1970-01-01T00:00:00Z</when>
          <when>1970-01-01T00:00:00Z</when>
          <when>1970-01-01T00:00:00Z</when>
          <when>1970-01-01T00:00:00Z</when>
          <when>1970-01-01T00:00:00Z</when>
          <when>1970-01-01T00:00:00Z</when>
          <when>1970-01-01T00:00:00Z</when>
          <when>1970-01-01T00:00:00Z</when>
          <when>1970-01-01T00:00:00Z</when>
          <when>1970-01-01T00:00:00Z</when>
          <when>1970-01-01T00:00:00Z</when>
          <when>1970-01-01T00:00:00Z</when>
          <when>1970-01-01T00:00:00Z</when>
          <when>1970-01-01T00:00:00Z</when>
          <when>1970-01-01T00:00:00Z</when>
          <when>1970-01-01T00:00:00Z</when>
          <when>1970-01-01T00:00:00Z</when>
          <when>1970-01-01T00:00:00Z</when>
          <when>1970-01-01T00:00:00Z</when>
          <when>1970-01-01T00:00:00Z</when>
          <when>1970-01-01T00:00:00Z</when>
          <when>1970-01-01T00:00:00Z</when>
          <when>1970-01-01T00:00:00Z</when>
          <when>1970-01-01T00:00:00Z</when>
          <when>1970-01-01T00:00:00Z</when>
          <when>1970-01-01T00:00:00Z</when>
          <when>1970-01-01T00:00:00Z</when>
          <when>1970-01-01T00:00:00Z</when>
          <when>1970-01-01T00:00:00Z</when>
          <when>1970-01-01T00:00:00Z</when>
          <when>1970-01-01T00:00:00Z</when>
          <when>1970-01-01T00:00:00Z</when>
          <when>1970-01-01T00:00:00Z</when>
          <when>1970-01-01T00:00:00Z</when>
          <when>1970-01-01T00:00:00Z</when>
          <when>1970-01-01T00:00:00Z</when>
          <when>1970-01-01T00:00:00Z</when>
          <when>1970-01-01T00:00:00Z</when>
          <when>1970-01-01T00:00:00Z</when>
          <when>1970-01-01T00:00:00Z</when>
          <when>1970-01-01T00:00:00Z</when>
          <when>1970-01-01T00:00:00Z</when>
          <when>1970-01-01T00:00:00Z</when>
          <when>1970-01-01T00:00:00Z</when>
          <when>1970-01-01T00:00:00Z</when>
          <when>1970-01-01T00:00:00Z</when>
          <when>1970-01-01T00:00:00Z</when>
          <when>1970-01-01T00:00:00Z</when>
          <when>1970-01-01T00:00:00Z</when>
          <when>1970-01-01T00:00:00Z</when>
          <when>1970-01-01T00:00:00Z</when>
          <when>1970-01-01T00:00:00Z</when>
          <when>1970-01-01T00:00:00Z</when>
          <when>1970-01-01T00:00:00Z</when>
          <when>1970-01-01T00:00:00Z</when>
          <when>1970-01-01T00:00:00Z</when>
          <when>1970-01-01T00:00:00Z</when>
          <when>1970-01-01T00:00:00Z</when>
          <when>1970-01-01T00:00:00Z</when>
          <when>1970-01-01T00:00:00Z</when>
          <when>1970-01-01T00:00:00Z</when>
          <when>1970-01-01T00:00:00Z</when>
          <when>1970-01-01T00:00:00Z</when>
          <when>1970-01-01T00:00:00Z</when>
          <when>1970-01-01T00:00:00Z</when>
          <when>1970-01-01T00:00:00Z</when>
          <when>1970-01-01T00:00:00Z</when>
          <when>1970-01-01T00:00:00Z</when>
          <when>1970-01-01T00:00:00Z</when>
          <when>1970-01-01T00:00:00Z</when>
          <when>1970-01-01T00:00:00Z</when>
          <when>1970-01-01T00:00:00Z</when>
          <when>1970-01-01T00:00:00Z</when>
          <when>1970-01-01T00:00:00Z</when>
          <when>1970-01-01T00:00:00Z</when>
          <when>1970-01-01T00:00:00Z</when>
          <when>1970-01-01T00:00:00Z</when>
          <when>1970-01-01T00:00:00Z</when>
          <when>1970-01-01T00:00:00Z</when>
          <when>1970-01-01T00:00:00Z</when>
          <when>1970-01-01T00:00:00Z</when>
          <when>1970-01-01T00:00:00Z</when>
          <when>1970-01-01T00:00:00Z</when>
          <when>1970-01-01T00:00:00Z</when>
          <when>1970-01-01T00:00:00Z</when>
          <when>1970-01-01T00:00:00Z</when>
          <when>1970-01-01T00:00:00Z</when>
          <when>1970-01-01T00:00:00Z</when>
          <when>1970-01-01T00:00:00Z</when>
          <when>1970-01-01T00:00:00Z</when>
          <when>1970-01-01T00:00:00Z</when>
          <when>1970-01-01T00:00:00Z</when>
          <when>1970-01-01T00:00:00Z</when>
          <when>1970-01-01T00:00:00Z</when>
          <when>1970-01-01T00:00:00Z</when>
          <when>1970-01-01T00:00:00Z</when>
          <when>1970-01-01T00:00:00Z</when>
          <when>1970-01-01T00:00:00Z</when>
          <when>1970-01-01T00:00:00Z</when>
          <when>1970-01-01T00:00:00Z</when>
          <when>1970-01-01T00:00:00Z</when>
          <when>1970-01-01T00:00:00Z</when>
          <when>1970-01-01T00:00:00Z</when>
          <when>1970-01-01T00:00:00Z</when>
          <when>1970-01-01T00:00:00Z</when>
          <when>1970-01-01T00:00:00Z</when>
          <when>1970-01-01T00:00:00Z</when>
          <when>1970-01-01T00:00:00Z</when>
          <when>1970-01-01T00:00:00Z</when>
          <when>1970-01-01T00:00:00Z</when>
          <when>1970-01-01T00:00:00Z</when>
          <when>1970-01-01T00:00:00Z</when>
          <when>1970-01-01T00:00:00Z</when>
          <when>1970-01-01T00:00:00Z</when>
          <when>1970-01-01T00:00:00Z</when>
          <when>1970-01-01T00:00:00Z</when>
          <when>1970-01-01T00:00:00Z</when>
          <when>1970-01-01T00:00:00Z</when>
          <when>1970-01-01T00:00:00Z</when>
          <when>1970-01-01T00:00:00Z</when>
          <when>1970-01-01T00:00:00Z</when>
          <when>1970-01-01T00:00:00Z</when>
          <when>1970-01-01T00:00:00Z</when>
          <when>1970-01-01T00:00:00Z</when>
          <when>1970-01-01T00:00:00Z</when>
          <when>1970-01-01T00:00:00Z</when>
          <when>1970-01-01T00:00:00Z</when>
          <when>1970-01-01T00:00:00Z</when>
          <when>1970-01-01T00:00:00Z</when>
          <when>1970-01-01T00:00:00Z</when>
          <when>1970-01-01T00:00:00Z</when>
          <when>1970-01-01T00:00:00Z</when>
          <when>1970-01-01T00:00:00Z</when>
          <when>1970-01-01T00:00:00Z</when>
          <when>1970-01-01T00:00:00Z</when>
          <when>1970-01-01T00:00:00Z</when>
          <when>1970-01-01T00:00:00Z</when>
          <when>1970-01-01T00:00:00Z</when>
          <when>1970-01-01T00:00:00Z</when>
          <when>1970-01-01T00:00:00Z</when>
          <when>1970-01-01T00:00:00Z</when>
          <when>1970-01-01T00:00:00Z</when>
          <when>1970-01-01T00:00:00Z</when>
          <when>1970-01-01T00:00:00Z</when>
          <when>1970-01-01T00:00:00Z</when>
          <when>1970-01-01T00:00:00Z</when>
          <when>1970-01-01T00:00:00Z</when>
          <when>1970-01-01T00:00:00Z</when>
          <when>1970-01-01T00:00:00Z</when>
          <when>1970-01-01T00:00:00Z</when>
          <when>1970-01-01T00:00:00Z</when>
          <when>1970-01-01T00:00:00Z</when>
          <when>1970-01-01T00:00:00Z</when>
          <when>1970-01-01T00:00:00Z</when>
          <when>1970-01-01T00:00:00Z</when>
          <when>1970-01-01T00:00:00Z</when>
          <when>1970-01-01T00:00:00Z</when>
          <when>1970-01-01T00:00:00Z</when>
          <when>1970-01-01T00:00:00Z</when>
          <when>1970-01-01T00:00:00Z</when>
          <when>1970-01-01T00:00:00Z</when>
          <when>1970-01-01T00:00:00Z</when>
          <when>1970-01-01T00:00:00Z</when>
          <when>1970-01-01T00:00:00Z</when>
          <when>1970-01-01T00:00:00Z</when>
          <when>1970-01-01T00:00:00Z</when>
          <when>1970-01-01T00:00:00Z</when>
          <when>1970-01-01T00:00:00Z</when>
          <when>1970-01-01T00:00:00Z</when>
          <when>1970-01-01T00:00:00Z</when>
          <when>1970-01-01T00:00:00Z</when>
          <when>1970-01-01T00:00:00Z</when>
          <when>1970-01-01T00:00:00Z</when>
          <when>1970-01-01T00:00:00Z</when>
          <when>1970-01-01T00:00:00Z</when>
          <when>1970-01-01T00:00:00Z</when>
          <when>1970-01-01T00:00:00Z</when>
          <when>1970-01-01T00:00:00Z</when>
          <when>1970-01-01T00:00:00Z</when>
          <when>1970-01-01T00:00:00Z</when>
          <when>1970-01-01T00:00:00Z</when>
          <when>1970-01-01T00:00:00Z</when>
          <when>1970-01-01T00:00:00Z</when>
          <when>1970-01-01T00:00:00Z</when>
          <when>1970-01-01T00:00:00Z</when>
          <when>1970-01-01T00:00:00Z</when>
          <when>1970-01-01T00:00:00Z</when>
          <when>1970-01-01T00:00:00Z</when>
          <when>1970-01-01T00:00:00Z</when>
          <when>1970-01-01T00:00:00Z</when>
          <when>1970-01-01T00:00:00Z</when>
          <when>1970-01-01T00:00:00Z</when>
          <when>1970-01-01T00:00:00Z</when>
          <when>1970-01-01T00:00:00Z</when>
          <when>1970-01-01T00:00:00Z</when>
          <when>1970-01-01T00:00:00Z</when>
          <when>1970-01-01T00:00:00Z</when>
          <when>1970-01-01T00:00:00Z</when>
          <when>1970-01-01T00:00:00Z</when>
          <when>1970-01-01T00:00:00Z</when>
          <when>1970-01-01T00:00:00Z</when>
          <when>1970-01-01T00:00:00Z</when>
          <when>1970-01-01T00:00:00Z</when>
          <when>1970-01-01T00:00:00Z</when>
          <when>1970-01-01T00:00:00Z</when>
          <when>1970-01-01T00:00:00Z</when>
          <when>1970-01-01T00:00:00Z</when>
          <when>1970-01-01T00:00:00Z</when>
          <when>1970-01-01T00:00:00Z</when>
          <when>1970-01-01T00:00:00Z</when>
          <when>1970-01-01T00:00:00Z</when>
          <when>1970-01-01T00:00:00Z</when>
          <when>1970-01-01T00:00:00Z</when>
          <when>1970-01-01T00:00:00Z</when>
          <when>1970-01-01T00:00:00Z</when>
          <when>1970-01-01T00:00:00Z</when>
          <when>1970-01-01T00:00:00Z</when>
          <when>1970-01-01T00:00:00Z</when>
          <when>1970-01-01T00:00:00Z</when>
          <when>1970-01-01T00:00:00Z</when>
          <when>1970-01-01T00:00:00Z</when>
          <when>1970-01-01T00:00:00Z</when>
          <when>1970-01-01T00:00:00Z</when>
          <when>1970-01-01T00:00:00Z</when>
          <when>1970-01-01T00:00:00Z</when>
          <when>1970-01-01T00:00:00Z</when>
          <when>1970-01-01T00:00:00Z</when>
          <when>1970-01-01T00:00:00Z</when>
          <when>1970-01-01T00:00:00Z</when>
          <when>1970-01-01T00:00:00Z</when>
          <when>1970-01-01T00:00:00Z</when>
          <when>1970-01-01T00:00:00Z</when>
          <when>1970-01-01T00:00:00Z</when>
          <when>1970-01-01T00:00:00Z</when>
          <when>1970-01-01T00:00:00Z</when>
          <when>1970-01-01T00:00:00Z</when>
          <when>1970-01-01T00:00:00Z</when>
          <when>1970-01-01T00:00:00Z</when>
          <when>1970-01-01T00:00:00Z</when>
          <when>1970-01-01T00:00:00Z</when>
          <when>1970-01-01T00:00:00Z</when>
          <when>1970-01-01T00:00:00Z</when>
          <when>1970-01-01T00:00:00Z</when>
          <when>1970-01-01T00:00:00Z</when>
          <when>1970-01-01T00:00:00Z</when>
          <when>1970-01-01T00:00:00Z</when>
          <when>1970-01-01T00:00:00Z</when>
          <when>1970-01-01T00:00:00Z</when>
          <when>1970-01-01T00:00:00Z</when>
          <when>1970-01-01T00:00:00Z</when>
          <when>1970-01-01T00:00:00Z</when>
          <when>1970-01-01T00:00:00Z</when>
          <when>1970-01-01T00:00:00Z</when>
          <when>1970-01-01T00:00:00Z</when>
          <when>1970-01-01T00:00:00Z</when>
          <when>1970-01-01T00:00:00Z</when>
          <when>1970-01-01T00:00:00Z</when>
          <when>1970-01-01T00:00:00Z</when>
          <when>1970-01-01T00:00:00Z</when>
          <when>1970-01-01T00:00:00Z</when>
          <when>1970-01-01T00:00:00Z</when>
          <when>1970-01-01T00:00:00Z</when>
          <when>1970-01-01T00:00:00Z</when>
          <when>1970-01-01T00:00:00Z</when>
          <when>1970-01-01T00:00:00Z</when>
          <when>1970-01-01T00:00:00Z</when>
          <when>1970-01-01T00:00:00Z</when>
          <when>1970-01-01T00:00:00Z</when>
          <when>1970-01-01T00:00:00Z</when>
          <when>1970-01-01T00:00:00Z</when>
          <when>1970-01-01T00:00:00Z</when>
          <when>1970-01-01T00:00:00Z</when>
          <when>1970-01-01T00:00:00Z</when>
          <when>1970-01-01T00:00:00Z</when>
          <when>1970-01-01T00:00:00Z</when>
          <when>1970-01-01T00:00:00Z</when>
          <when>1970-01-01T00:00:00Z</when>
          <when>1970-01-01T00:00:00Z</when>
          <when>1970-01-01T00:00:00Z</when>
          <when>1970-01-01T00:00:00Z</when>
          <when>1970-01-01T00:00:00Z</when>
          <when>1970-01-01T00:00:00Z</when>
          <when>1970-01-01T00:00:00Z</when>
          <when>1970-01-01T00:00:00Z</when>
          <when>1970-01-01T00:00:00Z</when>
          <when>1970-01-01T00:00:00Z</when>
          <when>1970-01-01T00:00:00Z</when>
          <when>1970-01-01T00:00:00Z</when>
          <when>1970-01-01T00:00:00Z</when>
          <when>1970-01-01T00:00:00Z</when>
          <when>1970-01-01T00:00:00Z</when>
          <when>1970-01-01T00:00:00Z</when>
          <when>1970-01-01T00:00:00Z</when>
          <when>1970-01-01T00:00:00Z</when>
          <when>1970-01-01T00:00:00Z</when>
          <when>1970-01-01T00:00:00Z</when>
          <when>1970-01-01T00:00:00Z</when>
          <when>1970-01-01T00:00:00Z</when>
          <when>1970-01-01T00:00:00Z</when>
          <when>1970-01-01T00:00:00Z</when>
          <when>1970-01-01T00:00:00Z</when>
          <when>1970-01-01T00:00:00Z</when>
          <when>1970-01-01T00:00:00Z</when>
          <when>1970-01-01T00:00:00Z</when>
          <when>1970-01-01T00:00:00Z</when>
          <when>1970-01-01T00:00:00Z</when>
          <when>1970-01-01T00:00:00Z</when>
          <when>1970-01-01T00:00:00Z</when>
          <when>1970-01-01T00:00:00Z</when>
          <when>1970-01-01T00:00:00Z</when>
          <when>1970-01-01T00:00:00Z</when>
          <when>1970-01-01T00:00:00Z</when>
          <when>1970-01-01T00:00:00Z</when>
          <when>1970-01-01T00:00:00Z</when>
          <when>1970-01-01T00:00:00Z</when>
          <when>1970-01-01T00:00:00Z</when>
          <when>1970-01-01T00:00:00Z</when>
          <when>1970-01-01T00:00:00Z</when>
          <when>1970-01-01T00:00:00Z</when>
          <when>1970-01-01T00:00:00Z</when>
          <when>1970-01-01T00:00:00Z</when>
          <when>1970-01-01T00:00:00Z</when>
          <when>1970-01-01T00:00:00Z</when>
          <when>1970-01-01T00:00:00Z</when>
          <when>1970-01-01T00:00:00Z</when>
          <when>1970-01-01T00:00:00Z</when>
          <when>1970-01-01T00:00:00Z</when>
          <when>1970-01-01T00:00:00Z</when>
          <when>1970-01-01T00:00:00Z</when>
          <when>1970-01-01T00:00:00Z</when>
          <when>1970-01-01T00:00:00Z</when>
          <when>1970-01-01T00:00:00Z</when>
          <when>1970-01-01T00:00:00Z</when>
          <when>1970-01-01T00:00:00Z</when>
          <when>1970-01-01T00:00:00Z</when>
          <when>1970-01-01T00:00:00Z</when>
          <when>1970-01-01T00:00:00Z</when>
          <when>1970-01-01T00:00:00Z</when>
          <when>1970-01-01T00:00:00Z</when>
          <when>1970-01-01T00:00:00Z</when>
          <when>1970-01-01T00:00:00Z</when>
          <when>1970-01-01T00:00:00Z</when>
          <when>1970-01-30T05:21:43Z</when>
          <when>1970-01-30T05:21:45Z</when>
          <when>1970-01-30T05:21:46Z</when>
          <when>1970-01-30T05:21:47Z</when>
          <when>1970-01-30T05:21:49Z</when>
          <when>1970-01-30T05:21:51Z</when>
          <when>1970-01-30T05:21:53Z</when>
          <when>1970-01-30T05:21:55Z</when>
          <when>1970-01-30T05:21:57Z</when>
          <when>1970-01-30T05:21:59Z</when>
          <when>1970-01-30T05:22:01Z</when>
          <when>1970-01-30T05:22:03Z</when>
          <when>1970-01-30T05:22:05Z</when>
          <when>1970-01-30T05:22:07Z</when>
          <when>1970-01-30T05:22:09Z</when>
          <when>1970-01-30T05:22:11Z</when>
          <when>1970-01-30T05:22:13Z</when>
          <when>1970-01-30T05:22:15Z</when>
          <when>1970-01-30T05:22:17Z</when>
          <when>1970-01-30T05:22:19Z</when>
          <when>1970-01-30T05:22:21Z</when>
          <when>1970-01-30T05:22:23Z</when>
          <when>1970-01-30T05:22:25Z</when>
          <when>1970-01-30T05:22:27Z</when>
          <when>1970-01-30T05:22:29Z</when>
          <when>1970-01-30T05:22:31Z</when>
          <when>1970-01-30T05:22:33Z</when>
          <when>1970-01-30T05:22:35Z</when>
          <when>1970-01-30T05:22:38Z</when>
          <when>1970-01-30T05:22:44Z</when>
          <when>1970-01-30T05:22:45Z</when>
          <when>1970-01-30T05:22:47Z</when>
          <when>1970-01-30T05:22:49Z</when>
          <when>1970-01-30T05:22:51Z</when>
          <when>1970-01-30T05:22:52Z</when>
          <when>1970-01-30T05:22:53Z</when>
          <when>1970-01-30T05:22:56Z</when>
          <when>1970-01-30T05:22:57Z</when>
          <when>1970-01-30T05:22:59Z</when>
          <when>1970-01-30T05:23:01Z</when>
          <when>1970-01-30T05:23:04Z</when>
          <when>1970-01-30T05:23:07Z</when>
          <when>1970-01-30T05:23:16Z</when>
          <when>1970-01-30T05:23:24Z</when>
          <when>1970-01-30T05:23:27Z</when>
          <when>1970-01-30T05:23:31Z</when>
          <when>1970-01-30T05:23:34Z</when>
          <when>1970-01-30T05:23:38Z</when>
          <when>1970-01-30T05:23:40Z</when>
          <when>1970-01-30T05:23:42Z</when>
          <when>1970-01-30T05:23:44Z</when>
          <when>1970-01-30T05:23:46Z</when>
          <when>1970-01-30T05:23:48Z</when>
          <when>1970-01-30T05:23:49Z</when>
          <when>1970-01-30T05:23:50Z</when>
          <when>1970-01-30T05:23:52Z</when>
          <when>1970-01-30T05:23:54Z</when>
          <when>1970-01-30T05:23:56Z</when>
          <when>1970-01-30T05:23:58Z</when>
          <when>1970-01-30T05:23:59Z</when>
          <when>1970-01-30T05:24:00Z</when>
          <when>1970-01-30T05:24:02Z</when>
          <when>1970-01-30T05:24:04Z</when>
          <when>1970-01-30T05:24:05Z</when>
          <when>1970-01-30T05:24:06Z</when>
          <when>1970-01-30T05:24:07Z</when>
          <when>1970-01-30T05:24:08Z</when>
          <when>1970-01-30T05:24:09Z</when>
          <when>1970-01-30T05:24:11Z</when>
          <when>1970-01-30T05:24:13Z</when>
          <when>1970-01-30T05:24:15Z</when>
          <when>1970-01-30T05:24:17Z</when>
          <when>1970-01-30T05:24:19Z</when>
          <when>1970-01-30T05:24:20Z</when>
          <when>1970-01-30T05:24:23Z</when>
          <when>1970-01-30T05:24:24Z</when>
          <when>1970-01-30T05:24:46Z</when>
          <when>1970-01-30T05:24:49Z</when>
          <when>1970-01-30T05:24:53Z</when>
          <when>1970-01-30T05:24:55Z</when>
          <when>1970-01-30T05:24:58Z</when>
          <when>1970-01-30T05:24:59Z</when>
          <when>1970-01-30T05:25:01Z</when>
          <when>1970-01-30T05:25:04Z</when>
          <when>1970-01-30T05:25:12Z</when>
          <when>1970-01-30T05:25:15Z</when>
          <when>1970-01-30T05:25:18Z</when>
          <when>1970-01-30T05:25:19Z</when>
          <when>1970-01-30T05:25:25Z</when>
          <when>1970-01-30T05:25:27Z</when>
          <when>1970-01-30T05:25:29Z</when>
          <when>1970-01-30T05:25:31Z</when>
          <when>1970-01-30T05:25:36Z</when>
          <when>1970-01-30T05:25:38Z</when>
          <when>1970-01-30T05:25:43Z</when>
          <when>1970-01-30T05:25:44Z</when>
          <when>1970-01-30T05:25:48Z</when>
          <when>1970-01-30T05:25:51Z</when>
          <when>1970-01-30T05:25:53Z</when>
          <when>1970-01-30T05:25:54Z</when>
          <when>1970-01-30T05:25:56Z</when>
          <when>1970-01-30T05:26:00Z</when>
          <when>1970-01-30T05:26:06Z</when>
          <when>1970-01-30T05:26:07Z</when>
          <when>1970-01-30T05:26:09Z</when>
          <when>1970-01-30T05:26:11Z</when>
          <when>1970-01-30T05:26:14Z</when>
          <when>1970-01-30T05:26:16Z</when>
          <when>1970-01-30T05:26:20Z</when>
          <when>1970-01-30T05:26:24Z</when>
          <when>1970-01-30T05:26:26Z</when>
          <when>1970-01-30T05:26:28Z</when>
          <when>1970-01-30T05:26:30Z</when>
          <when>1970-01-30T05:26:32Z</when>
          <when>1970-01-30T05:26:34Z</when>
          <when>1970-01-30T05:26:36Z</when>
          <when>1970-01-30T05:26:38Z</when>
          <when>1970-01-30T05:26:40Z</when>
          <when>1970-01-30T05:26:42Z</when>
          <when>1970-01-30T05:26:43Z</when>
          <when>1970-01-30T05:26:45Z</when>
          <when>1970-01-30T05:26:49Z</when>
          <when>1970-01-30T05:26:51Z</when>
          <when>1970-01-30T05:26:57Z</when>
          <when>1970-01-30T05:27:00Z</when>
          <when>1970-01-30T05:27:07Z</when>
          <when>1970-01-30T05:27:13Z</when>
          <when>1970-01-31T12:15:45Z</when>
          <when>1970-01-31T12:15:55Z</when>
          <when>1970-01-31T12:19:27Z</when>
          <when>1970-01-31T12:20:51Z</when>
          <when>1970-01-31T12:21:11Z</when>
          <when>1970-01-31T12:21:19Z</when>
          <when>1970-01-31T12:21:25Z</when>
          <when>1970-01-31T12:22:43Z</when>
          <when>1970-01-31T12:24:55Z</when>
          <when>1970-01-31T12:25:01Z</when>
          <when>1970-01-31T12:30:01Z</when>
          <when>1970-01-31T12:29:55Z</when>
          <when>1970-01-31T12:29:49Z</when>
          <when>1970-01-31T12:29:43Z</when>
          <when>1970-01-31T12:29:39Z</when>
          <when>1970-01-31T12:29:35Z</when>
          <when>1970-01-31T12:29:31Z</when>
          <when>1970-01-31T12:29:29Z</when>
          <when>1970-01-30T05:27:30Z</when>
          <when>1970-01-30T05:27:37Z</when>
          <when>1970-01-30T05:27:42Z</when>
          <when>1970-01-30T05:27:54Z</when>
          <when>1970-01-30T05:28:00Z</when>
          <when>1970-01-30T05:28:02Z</when>
          <when>1970-01-30T05:28:05Z</when>
          <when>1970-01-30T05:28:07Z</when>
          <when>1970-01-30T05:28:10Z</when>
          <when>1970-01-30T05:28:13Z</when>
          <when>1970-01-30T05:28:16Z</when>
          <when>1970-01-30T05:28:20Z</when>
          <when>1970-01-30T05:28:26Z</when>
          <when>1970-01-30T05:28:32Z</when>
          <when>1970-01-30T05:28:37Z</when>
          <when>1970-01-30T05:28:40Z</when>
          <when>1970-01-30T05:28:43Z</when>
          <when>1970-01-30T05:28:50Z</when>
          <when>1970-01-30T05:30:20Z</when>
          <when>1970-01-30T05:30:25Z</when>
          <when>1970-01-30T05:30:27Z</when>
          <when>1970-01-30T05:30:31Z</when>
          <when>1970-01-30T05:30:42Z</when>
          <when>1970-01-30T05:30:44Z</when>
          <when>1970-01-30T05:30:51Z</when>
          <when>1970-01-30T05:30:53Z</when>
          <when>1970-01-30T05:31:01Z</when>
          <when>1970-01-30T05:31:04Z</when>
          <when>1970-01-30T05:31:08Z</when>
          <when>1970-01-30T05:31:13Z</when>
          <when>1970-01-30T05:31:15Z</when>
          <when>1970-01-30T05:31:18Z</when>
          <when>1970-01-30T05:31:19Z</when>
          <when>1970-01-30T05:36:30Z</when>
          <when>1970-01-30T05:36:36Z</when>
          <when>1970-01-30T05:36:48Z</when>
          <when>1970-01-30T05:37:00Z</when>
          <when>1970-01-30T05:37:13Z</when>
          <when>1970-01-30T05:37:17Z</when>
          <when>1970-01-30T05:37:19Z</when>
          <when>1970-01-30T05:37:21Z</when>
          <when>1970-01-30T05:37:23Z</when>
          <when>1970-01-30T05:37:27Z</when>
          <when>1970-01-30T05:37:38Z</when>
          <when>1970-01-30T05:37:41Z</when>
          <when>1970-01-30T05:37:44Z</when>
          <when>1970-01-30T05:37:48Z</when>
          <when>1970-01-30T05:37:54Z</when>
          <when>1970-01-30T05:37:58Z</when>
          <when>1970-01-30T05:38:03Z</when>
          <when>1970-01-30T05:38:07Z</when>
          <when>1970-01-30T05:38:08Z</when>
          <when>1970-01-30T05:38:17Z</when>
          <when>1970-01-30T05:38:24Z</when>
          <when>1970-01-30T05:38:30Z</when>
          <when>1970-01-30T05:38:40Z</when>
          <when>1970-01-30T05:38:42Z</when>
          <when>1970-01-30T05:38:45Z</when>
          <when>1970-01-30T05:38:47Z</when>
          <when>1970-01-30T05:38:52Z</when>
          <when>1970-01-30T05:38:57Z</when>
          <when>1970-01-30T05:38:59Z</when>
          <when>1970-01-30T05:39:04Z</when>
          <when>1970-01-30T05:39:09Z</when>
          <when>1970-01-30T05:39:12Z</when>
          <when>1970-01-30T05:39:16Z</when>
          <when>1970-01-30T05:39:17Z</when>
          <when>1970-01-30T05:39:19Z</when>
          <when>1970-01-30T05:39:22Z</when>
          <when>1970-01-30T06:00:42Z</when>
          <when>1970-01-30T06:01:17Z</when>
          <when>1970-01-30T06:01:43Z</when>
          <when>1970-01-30T06:01:53Z</when>
          <when>1970-01-30T06:02:06Z</when>
          <when>1970-01-30T06:02:13Z</when>
          <when>1970-01-30T06:02:20Z</when>
          <when>1970-01-30T06:02:21Z</when>
          <when>1970-01-30T06:02:42Z</when>
          <when>1970-01-30T06:02:50Z</when>
          <when>1970-01-30T06:03:01Z</when>
          <ExtendedData>
            <Data name="GxTrackExtendedData">
              <value>0.0,0.0;0.0,0.0;0.0,0.0;0.0,0.0;0.0,0.0;0.0,0.0;0.0,0.0;0.0,0.0;0.0,0.0;0.0,0.0;0.0,0.0;0.0,0.0;0.0,0.0;0.0,0.0;0.0,0.0;0.0,0.0;0.0,0.0;0.0,0.0;0.0,0.0;0.0,0.0;0.0,0.0;0.0,0.0;0.0,0.0;0.0,0.0;0.0,0.0;0.0,0.0;0.0,0.0;0.0,0.0;0.0,0.0;0.0,0.0;0.0,0.0;0.0,0.0;0.0,0.0;0.0,0.0;0.0,0.0;0.0,0.0;0.0,0.0;0.0,0.0;0.0,0.0;0.0,0.0;0.0,0.0;0.0,0.0;0.0,0.0;0.0,0.0;0.0,0.0;0.0,0.0;0.0,0.0;0.0,0.0;0.0,0.0;0.0,0.0;0.0,0.0;0.0,0.0;0.0,0.0;0.0,0.0;0.0,0.0;0.0,0.0;0.0,0.0;0.0,0.0;0.0,0.0;0.0,0.0;0.0,0.0;0.0,0.0;0.0,0.0;0.0,0.0;0.0,0.0;0.0,0.0;0.0,0.0;0.0,0.0;0.0,0.0;0.0,0.0;0.0,0.0;0.0,0.0;0.0,0.0;0.0,0.0;0.0,0.0;0.0,0.0;0.0,0.0;0.0,0.0;0.0,0.0;0.0,0.0;0.0,0.0;0.0,0.0;0.0,0.0;0.0,0.0;0.0,0.0;0.0,0.0;0.0,0.0;0.0,0.0;0.0,0.0;0.0,0.0;0.0,0.0;0.0,0.0;0.0,0.0;0.0,0.0;0.0,0.0;0.0,0.0;0.0,0.0;0.0,0.0;0.0,0.0;0.0,0.0;0.0,0.0;0.0,0.0;0.0,0.0;0.0,0.0;0.0,0.0;0.0,0.0;0.0,0.0;0.0,0.0;0.0,0.0;0.0,0.0;0.0,0.0;0.0,0.0;0.0,0.0;0.0,0.0;0.0,0.0;0.0,0.0;0.0,0.0;0.0,0.0;0.0,0.0;0.0,0.0;0.0,0.0;0.0,0.0;0.0,0.0;0.0,0.0;0.0,0.0;0.0,0.0;0.0,0.0;0.0,0.0;0.0,0.0;0.0,0.0;0.0,0.0;0.0,0.0;0.0,0.0;0.0,0.0;0.0,0.0;0.0,0.0;0.0,0.0;0.0,0.0;0.0,0.0;0.0,0.0;0.0,0.0;0.0,0.0;0.0,0.0;0.0,0.0;0.0,0.0;0.0,0.0;0.0,0.0;0.0,0.0;0.0,0.0;0.0,0.0;0.0,0.0;0.0,0.0;0.0,0.0;0.0,0.0;0.0,0.0;0.0,0.0;0.0,0.0;0.0,0.0;0.0,0.0;0.0,0.0;0.0,0.0;0.0,0.0;0.0,0.0;0.0,0.0;0.0,0.0;0.0,0.0;0.0,0.0;0.0,0.0;0.0,0.0;0.0,0.0;0.0,0.0;0.0,0.0;0.0,0.0;0.0,0.0;0.0,0.0;0.0,0.0;0.0,0.0;0.0,0.0;0.0,0.0;0.0,0.0;0.0,0.0;0.0,0.0;0.0,0.0;0.0,0.0;0.0,0.0;0.0,0.0;0.0,0.0;0.0,0.0;0.0,0.0;0.0,0.0;0.0,0.0;0.0,0.0;0.0,0.0;0.0,0.0;0.0,0.0;0.0,0.0;0.0,0.0;0.0,0.0;0.0,0.0;0.0,0.0;0.0,0.0;0.0,0.0;0.0,0.0;0.0,0.0;0.0,0.0;0.0,0.0;0.0,0.0;0.0,0.0;0.0,0.0;0.0,0.0;0.0,0.0;0.0,0.0;0.0,0.0;0.0,0.0;0.0,0.0;0.0,0.0;0.0,0.0;0.0,0.0;0.0,0.0;0.0,0.0;0.0,0.0;0.0,0.0;0.0,0.0;0.0,0.0;0.0,0.0;0.0,0.0;0.0,0.0;0.0,0.0;0.0,0.0;0.0,0.0;0.0,0.0;0.0,0.0;0.0,0.0;0.0,0.0;0.0,0.0;0.0,0.0;0.0,0.0;0.0,0.0;0.0,0.0;0.0,0.0;0.0,0.0;0.0,0.0;0.0,0.0;0.0,0.0;0.0,0.0;0.0,0.0;0.0,0.0;0.0,0.0;0.0,0.0;0.0,0.0;0.0,0.0;0.0,0.0;0.0,0.0;0.0,0.0;0.0,0.0;0.0,0.0;0.0,0.0;0.0,0.0;0.0,0.0;0.0,0.0;0.0,0.0;0.0,0.0;0.0,0.0;0.0,0.0;0.0,0.0;0.0,0.0;0.0,0.0;0.0,0.0;0.0,0.0;0.0,0.0;0.0,0.0;0.0,0.0;0.0,0.0;0.0,0.0;0.0,0.0;0.0,0.0;0.0,0.0;0.0,0.0;0.0,0.0;0.0,0.0;0.0,0.0;0.0,0.0;0.0,0.0;0.0,0.0;0.0,0.0;0.0,0.0;0.0,0.0;0.0,0.0;0.0,0.0;0.0,0.0;0.0,0.0;0.0,0.0;0.0,0.0;0.0,0.0;0.0,0.0;0.0,0.0;0.0,0.0;0.0,0.0;0.0,0.0;0.0,0.0;0.0,0.0;0.0,0.0;0.0,0.0;0.0,0.0;0.0,0.0;0.0,0.0;0.0,0.0;0.0,0.0;0.0,0.0;0.0,0.0;0.0,0.0;0.0,0.0;0.0,0.0;0.0,0.0;0.0,0.0;0.0,0.0;0.0,0.0;0.0,0.0;0.0,0.0;0.0,0.0;0.0,0.0;0.0,0.0;0.0,0.0;0.0,0.0;0.0,0.0;0.0,0.0;0.0,0.0;0.0,0.0;0.0,0.0;0.0,0.0;0.0,0.0;0.0,0.0;0.0,0.0;0.0,0.0;0.0,0.0;0.0,0.0;0.0,0.0;0.0,0.0;0.0,0.0;0.0,0.0;0.0,0.0;0.0,0.0;0.0,0.0;0.0,0.0;0.0,0.0;0.0,0.0;0.0,0.0;0.0,0.0;0.0,0.0;0.0,0.0;0.0,0.0;0.0,0.0;0.0,0.0;0.0,0.0;0.0,0.0;0.0,0.0;0.0,0.0;0.0,0.0;0.0,0.0;0.0,0.0;0.0,0.0;0.0,0.0;0.0,0.0;0.0,0.0;0.0,0.0;0.0,0.0;0.0,0.0;0.0,0.0;0.0,0.0;0.0,0.0;0.0,0.0;0.0,0.0;0.0,0.0;0.0,0.0;0.0,0.0;0.0,0.0;0.0,0.0;0.0,0.0;0.0,0.0;0.0,0.0;0.0,0.0;0.0,0.0;0.0,0.0;0.0,0.0;0.0,0.0;0.0,0.0;0.0,0.0;0.0,0.0;0.0,0.0;0.0,0.0;0.0,0.0;0.0,0.0;0.0,0.0;0.0,0.0;0.0,0.0;0.0,0.0;0.0,0.0;0.0,0.0;0.0,0.0;0.0,0.0;0.0,0.0;0.0,0.0;0.0,0.0;0.0,0.0;0.0,0.0;0.0,0.0;0.0,0.0;0.0,0.0;0.0,0.0;0.0,0.0;0.0,0.0;0.0,0.0;0.0,0.0;0.0,0.0;0.0,0.0;0.0,0.0;0.0,0.0;0.0,0.0;0.0,0.0;0.0,0.0;0.0,0.0;0.0,0.0;0.0,0.0;0.0,0.0;0.0,0.0;0.0,0.0;0.0,0.0;0.0,0.0;0.0,0.0;0.0,0.0;0.0,0.0;0.0,0.0;0.0,0.0;0.0,0.0;0.0,0.0;0.0,0.0;0.0,0.0;0.0,0.0;0.0,0.0;0.0,0.0;0.0,0.0;0.0,0.0;0.0,0.0;0.0,0.0;0.0,0.0;0.0,0.0;0.0,0.0;0.0,0.0;0.0,0.0;0.0,0.0;0.0,0.0;0.0,0.0;0.0,0.0;0.0,0.0;0.0,0.0;0.0,0.0;0.0,0.0;0.0,0.0;0.0,0.0;0.0,0.0;0.0,0.0;0.0,0.0;0.0,0.0;0.0,0.0;0.0,0.0;0.0,0.0;0.0,0.0;0.0,0.0;0.0,0.0;0.0,0.0;0.0,0.0;0.0,0.0;0.0,0.0;0.0,0.0;0.0,0.0;0.0,0.0;0.0,0.0;0.0,0.0;0.0,0.0;0.0,0.0;0.0,0.0;0.0,0.0;0.0,0.0;0.0,0.0;0.0,0.0;0.0,0.0;0.0,0.0;0.0,0.0;0.0,0.0;0.0,0.0;0.0,0.0;0.0,0.0;0.0,0.0;0.0,0.0;0.0,0.0;0.0,0.0;0.0,0.0;0.0,0.0;0.0,0.0;0.0,0.0;0.0,0.0;0.0,0.0;0.0,0.0;0.0,0.0;0.0,0.0;0.0,0.0;0.0,0.0;0.0,0.0;0.0,0.0;0.0,0.0;0.0,0.0;0.0,0.0;0.0,0.0;0.0,0.0;0.0,0.0;0.0,0.0;0.0,0.0;0.0,0.0;0.0,0.0;0.0,0.0;0.0,0.0;0.0,0.0;0.0,0.0;0.0,0.0;0.0,0.0;0.0,0.0;0.0,0.0;0.0,0.0;0.0,0.0;0.0,0.0;0.0,0.0;0.0,0.0;0.0,0.0;0.0,0.0;0.0,0.0;0.0,0.0;0.0,0.0;0.0,0.0;0.0,0.0;0.0,0.0;0.0,0.0;0.0,0.0;0.0,0.0;0.0,0.0;0.0,0.0;0.0,0.0;0.0,0.0;0.0,0.0;0.0,0.0;0.0,0.0;0.0,0.0;0.0,0.0;0.0,0.0;0.0,0.0;0.0,0.0;0.0,0.0;0.0,0.0;0.0,0.0;0.0,0.0;0.0,0.0;0.0,0.0;0.0,0.0;0.0,0.0;0.0,0.0;0.0,0.0;0.0,0.0;0.0,0.0;0.0,0.0;0.0,0.0;0.0,0.0;0.0,0.0;0.0,0.0;0.0,0.0;0.0,0.0;0.0,0.0;0.0,0.0;0.0,0.0;0.0,0.0;0.0,0.0;0.0,0.0;0.0,0.0;0.0,0.0;0.0,0.0;0.0,0.0;0.0,0.0;0.0,0.0;0.0,0.0;0.0,0.0;0.0,0.0;0.0,0.0;0.0,0.0;0.0,0.0;0.0,0.0;0.0,0.0;0.0,0.0;0.0,0.0;0.0,0.0;0.0,0.0;0.0,0.0;0.0,0.0;0.0,0.0;0.0,0.0;0.0,0.0;0.0,0.0;0.0,0.0;0.0,0.0;0.0,0.0;0.0,0.0;0.0,0.0;0.0,0.0;0.0,0.0;0.0,0.0;0.0,0.0;0.0,0.0;0.0,0.0;0.0,0.0;0.0,0.0;0.0,0.0;0.0,0.0;0.0,0.0;0.0,0.0;0.0,0.0;0.0,0.0;0.0,0.0;0.0,0.0;0.0,0.0;0.0,0.0;0.0,0.0;0.0,0.0;0.0,0.0;0.0,0.0;0.0,0.0;0.0,0.0;0.0,0.0;0.0,0.0;0.0,0.0;0.0,0.0;0.0,0.0;0.0,0.0;0.0,0.0;0.0,0.0;0.0,0.0;0.0,0.0;0.0,0.0;0.0,0.0;0.0,0.0;0.0,0.0;0.0,0.0;0.0,0.0;0.0,0.0;0.0,0.0;0.0,0.0;0.0,0.0;0.0,0.0;0.0,0.0;0.0,0.0;0.0,0.0;0.0,0.0;0.0,0.0;0.0,0.0;0.0,0.0;0.0,0.0;0.0,0.0;0.0,0.0;0.0,0.0;0.0,0.0;0.0,0.0;0.0,0.0;0.0,0.0;0.0,0.0;0.0,0.0;0.0,0.0;0.0,0.0;0.0,0.0;0.0,0.0;0.0,0.0;0.0,0.0;0.0,0.0;0.0,0.0;0.0,0.0;0.0,0.0;0.0,0.0;0.0,0.0;0.0,0.0;0.0,0.0;0.0,0.0;0.0,0.0;0.0,0.0;0.0,0.0;0.0,0.0;0.0,0.0;0.0,0.0;0.0,0.0;0.0,0.0;0.0,0.0;0.0,0.0;0.0,0.0;0.0,0.0;0.0,0.0;0.0,0.0;0.0,0.0;0.0,0.0;0.0,0.0;0.0,0.0;0.0,0.0;0.0,0.0;0.0,0.0;0.0,0.0;0.0,0.0;0.0,0.0;0.0,0.0;0.0,0.0;0.0,0.0;0.0,0.0;0.0,0.0;0.0,0.0;0.0,0.0;0.0,0.0;0.0,0.0;0.0,0.0;0.0,0.0;0.0,0.0;0.0,0.0;0.0,0.0;0.0,0.0;0.0,0.0;0.0,0.0;0.0,0.0;0.0,0.0;0.0,0.0;0.0,0.0;0.0,0.0;0.0,0.0;0.0,0.0;0.0,0.0;0.0,0.0;0.0,0.0;0.0,0.0;0.0,0.0;0.0,0.0;0.0,0.0;0.0,0.0;0.0,0.0;0.0,0.0;0.0,0.0;0.0,0.0;0.0,0.0;0.0,0.0;0.0,0.0;0.0,0.0;0.0,0.0;0.0,0.0;0.0,0.0;0.0,0.0;0.0,0.0;0.0,0.0;0.0,0.0;0.0,0.0;0.0,0.0;0.0,0.0;0.0,0.0;0.0,0.0;0.0,0.0;0.0,0.0;0.0,0.0;0.0,0.0;0.0,0.0;0.0,0.0;0.0,0.0;0.0,0.0;0.0,0.0;0.0,0.0;0.0,0.0;0.0,0.0;0.0,0.0;0.0,0.0;0.0,0.0;0.0,0.0;0.0,0.0;0.0,0.0;0.0,0.0;0.0,0.0;0.0,0.0;0.0,0.0;0.0,0.0;0.0,0.0;0.0,0.0;0.0,0.0;0.0,0.0;0.0,0.0;0.0,0.0;0.0,0.0;0.0,0.0;0.0,0.0;0.0,0.0;0.0,0.0;0.0,0.0;0.0,0.0;0.0,0.0;0.0,0.0;0.0,0.0;0.0,0.0;0.0,0.0;0.0,0.0;0.0,0.0;0.0,0.0;0.0,0.0;0.0,0.0;0.0,0.0;0.0,0.0;0.0,0.0;0.0,0.0;0.0,0.0;0.0,0.0;0.0,0.0;0.0,0.0;0.0,0.0;0.0,0.0;0.0,0.0;0.0,0.0;0.0,0.0;0.0,0.0;0.0,0.0;0.0,0.0;0.0,0.0;0.0,0.0;0.0,0.0;0.0,0.0;0.0,0.0;0.0,0.0;0.0,0.0;0.0,0.0;0.0,0.0;0.0,0.0;0.0,0.0;0.0,0.0;0.0,0.0;0.0,0.0;0.0,0.0;0.0,0.0;0.0,0.0;0.0,0.0;0.0,0.0;0.0,0.0;0.0,0.0;0.0,0.0;0.0,0.0;0.0,0.0;0.0,0.0;0.0,0.0;0.0,0.0;0.0,0.0;0.0,0.0;0.0,0.0;0.0,0.0;0.0,0.0;0.0,0.0;0.0,0.0;0.0,0.0;0.0,0.0;0.0,0.0;0.0,0.0;0.0,0.0;0.0,0.0;0.0,0.0;0.0,0.0;0.0,0.0;0.0,0.0;0.0,0.0;0.0,0.0;0.0,0.0;0.0,0.0;0.0,0.0;0.0,0.0;0.0,0.0;0.0,0.0;0.0,0.0;0.0,0.0;0.0,0.0;0.0,0.0;0.0,0.0;0.0,0.0;0.0,0.0;0.0,0.0;0.0,0.0;0.0,0.0;0.0,0.0;0.0,0.0;0.0,0.0;0.0,0.0;0.0,0.0;0.0,0.0;0.0,0.0;0.0,0.0;0.0,0.0;0.0,0.0;0.0,0.0;0.0,0.0;0.0,0.0;0.0,0.0;0.0,0.0;0.0,0.0;0.0,0.0;0.0,0.0;0.0,0.0;0.0,0.0;0.0,0.0;0.0,0.0;0.0,0.0;0.0,0.0;0.0,0.0;0.0,0.0;0.0,0.0;0.0,0.0;0.0,0.0;0.0,0.0;0.0,0.0;0.0,0.0;0.0,0.0;0.0,0.0;0.0,0.0;0.0,0.0;0.0,0.0;0.0,0.0;0.0,0.0;0.0,0.0;0.0,0.0;0.0,0.0;0.0,0.0;0.0,0.0;0.0,0.0;0.0,0.0;0.0,0.0;0.0,0.0;0.0,0.0;0.0,0.0;0.0,0.0;0.0,0.0;0.0,0.0;0.0,0.0;0.0,0.0;0.0,0.0;0.0,0.0;0.0,0.0;0.0,0.0;0.0,0.0;0.0,0.0;0.0,0.0;0.0,0.0;0.0,0.0;0.0,0.0;0.0,0.0;0.0,0.0;0.0,0.0;0.0,0.0;0.0,0.0;0.0,0.0;0.0,0.0;0.0,0.0;0.0,0.0;0.0,0.0;0.0,0.0;0.0,0.0;0.0,0.0;0.0,0.0;0.0,0.0;0.0,0.0;0.0,0.0;0.0,0.0;0.0,0.0;0.0,0.0;0.0,0.0;0.0,0.0;0.0,0.0;0.0,0.0;0.0,0.0;0.0,0.0;0.0,0.0;0.0,0.0;0.0,0.0;0.0,0.0;0.0,0.0;0.0,0.0;0.0,0.0;0.0,0.0;0.0,0.0;0.0,0.0;0.0,0.0;0.0,0.0;0.0,0.0;0.0,0.0;0.0,0.0;0.0,0.0;0.0,0.0;0.0,0.0;0.0,0.0;0.0,0.0;0.0,0.0;0.0,0.0;0.0,0.0;0.0,0.0;0.0,0.0;0.0,0.0;0.0,0.0;0.0,0.0;0.0,0.0;0.0,0.0;0.0,0.0;0.0,0.0;0.0,0.0;0.0,0.0;0.0,0.0;0.0,0.0;0.0,0.0;0.0,0.0;0.0,0.0;0.0,0.0;0.0,0.0;0.0,0.0;0.0,0.0;0.0,0.0;0.0,0.0;0.0,0.0;0.0,0.0;0.0,0.0;0.0,0.0;0.0,0.0;0.0,0.0;0.0,0.0;0.0,0.0;0.0,0.0;0.0,0.0;0.0,0.0;0.0,0.0;0.0,0.0;0.0,0.0;0.0,0.0;0.0,0.0;0.0,0.0;0.0,0.0;0.0,0.0;0.0,0.0;0.0,0.0;0.0,0.0;0.0,0.0;0.0,0.0;0.0,0.0;0.0,0.0;0.0,0.0;0.0,0.0;0.0,0.0;0.0,0.0;0.0,0.0;0.0,0.0;0.0,0.0;0.0,0.0;0.0,0.0;0.0,0.0;0.0,0.0;0.0,0.0;0.0,0.0;0.0,0.0;0.0,0.0;0.0,0.0;0.0,0.0;0.0,0.0;0.0,0.0;0.0,0.0;0.0,0.0;0.0,0.0;0.0,0.0;0.0,0.0;0.0,0.0;0.0,0.0;0.0,0.0;0.0,0.0;0.0,0.0;0.0,0.0;0.0,0.0;0.0,0.0;0.0,0.0;0.0,0.0;0.0,0.0;0.0,0.0;0.0,0.0;0.0,0.0;0.0,0.0;0.0,0.0;0.0,0.0;0.0,0.0;0.0,0.0;0.0,0.0;0.0,0.0;0.0,0.0;0.0,0.0;0.0,0.0;0.0,0.0;0.0,0.0;0.0,0.0;0.0,0.0;0.0,0.0;0.0,0.0;0.0,0.0;0.0,0.0;0.0,0.0;0.0,0.0;0.0,0.0;0.0,0.0;0.0,0.0;0.0,0.0;0.0,0.0;0.0,0.0;0.0,0.0;0.0,0.0;0.0,0.0;0.0,0.0;0.0,0.0;0.0,0.0;0.0,0.0;0.0,0.0;0.0,0.0;0.0,0.0;0.0,0.0;0.0,0.0;0.0,0.0;0.0,0.0;0.0,0.0;0.0,0.0;0.0,0.0;0.0,0.0;0.0,0.0;0.0,0.0;0.0,0.0;0.0,0.0;0.0,0.0;0.0,0.0;0.0,0.0;0.0,0.0;0.0,0.0;0.0,0.0;0.0,0.0;0.0,0.0;0.0,0.0;0.0,0.0;0.0,0.0;0.0,0.0;0.0,0.0;0.0,0.0;0.0,0.0;0.0,0.0;0.0,0.0;0.0,0.0;0.0,0.0;0.0,0.0;0.0,0.0;0.0,0.0;0.0,0.0;0.0,0.0;0.0,0.0;0.0,0.0;0.0,0.0;0.0,0.0;0.0,0.0;0.0,0.0;0.0,0.0;0.0,0.0;0.0,0.0;0.0,0.0;0.0,0.0;0.0,0.0;0.0,0.0;0.0,0.0;0.0,0.0;0.0,0.0;0.0,0.0;0.0,0.0;0.0,0.0;0.0,0.0;0.0,0.0;0.0,0.0;0.0,0.0;0.0,0.0;0.0,0.0;0.0,0.0;0.0,0.0;0.0,0.0;0.0,0.0;0.0,0.0;0.0,0.0;0.0,0.0;0.0,0.0;0.0,0.0;0.0,0.0;0.0,0.0;0.0,0.0;0.0,0.0;0.0,0.0;0.0,0.0;0.0,0.0;0.0,0.0;0.0,0.0;0.0,0.0;0.0,0.0;0.0,0.0;0.0,0.0;0.0,0.0;0.0,0.0;0.0,0.0;0.0,0.0;0.0,0.0;0.0,0.0;0.0,0.0;0.0,0.0;0.0,0.0;0.0,0.0;0.0,0.0;0.0,0.0;0.0,0.0;0.0,0.0;0.0,0.0;0.0,0.0;0.0,0.0;0.0,0.0;0.0,0.0;0.0,0.0;0.0,0.0;0.0,0.0;0.0,0.0;0.0,0.0;0.0,0.0;0.0,0.0;0.0,0.0;0.0,0.0;0.0,0.0;0.0,0.0;0.0,0.0;0.0,0.0;0.0,0.0;0.0,0.0;0.0,0.0;0.0,0.0;0.0,0.0;0.0,0.0;0.0,0.0;0.0,0.0;0.0,0.0;0.0,0.0;0.0,0.0;0.0,0.0;0.0,0.0;0.0,0.0;0.0,0.0;0.0,0.0;0.0,0.0;0.0,0.0;0.0,0.0;0.0,0.0;0.0,0.0;0.0,0.0;0.0,0.0;0.0,0.0;0.0,0.0;0.0,0.0;0.0,0.0;0.0,0.0;0.0,0.0;0.0,0.0;0.0,0.0;0.0,0.0;0.0,0.0;0.0,0.0;0.0,0.0;0.0,0.0;0.0,0.0;0.0,0.0;0.0,0.0;0.0,0.0;0.0,0.0;0.0,0.0;0.0,0.0;0.0,0.0;0.0,0.0;0.0,0.0;0.0,0.0;0.0,0.0;0.0,0.0;0.0,0.0;0.0,0.0;0.0,0.0;0.0,0.0;0.0,0.0;0.0,0.0;0.0,0.0;0.0,0.0;0.0,0.0;0.0,0.0;0.0,0.0;0.0,0.0;0.0,0.0;0.0,0.0;0.0,0.0;0.0,0.0;0.0,0.0;0.0,0.0;0.0,0.0;0.0,0.0;0.0,0.0;0.0,0.0;0.0,0.0;0.0,0.0;0.0,0.0;0.0,0.0;0.0,0.0;0.0,0.0;0.0,0.0;0.0,0.0;0.0,0.0;0.0,0.0;0.0,0.0;0.0,0.0;0.0,0.0;0.0,0.0;0.0,0.0;0.0,0.0;0.0,0.0;0.0,0.0;0.0,0.0;0.0,0.0;0.0,0.0;0.0,0.0;0.0,0.0;0.0,0.0;0.0,0.0;0.0,0.0;0.0,0.0;0.0,0.0;0.0,0.0;0.0,0.0;0.0,0.0;0.0,0.0;0.0,0.0;0.0,0.0;0.0,0.0;0.0,0.0;0.0,0.0;0.0,0.0;0.0,0.0;0.0,0.0;0.0,0.0;0.0,0.0;0.0,0.0;0.0,0.0;0.0,0.0;0.0,0.0;0.0,0.0;0.0,0.0;0.0,0.0;0.0,0.0;0.0,0.0;0.0,0.0;0.0,0.0;0.0,0.0;0.0,0.0;0.0,0.0;0.0,0.0;0.0,0.0;0.0,0.0;0.0,0.0;0.0,0.0;0.0,0.0;0.0,0.0;0.0,0.0;0.0,0.0;0.0,0.0;0.0,0.0;0.0,0.0;0.0,0.0;0.0,0.0;0.0,0.0;0.0,0.0;0.0,0.0;0.0,0.0;0.0,0.0;0.0,0.0;0.0,0.0;0.0,0.0;0.0,0.0;0.0,0.0;0.0,0.0;0.0,0.0;0.0,0.0;0.0,0.0;0.0,0.0;0.0,0.0;0.0,0.0;0.0,0.0;0.0,0.0;0.0,0.0;0.0,0.0;0.0,0.0;0.0,0.0;0.0,0.0;0.0,0.0;0.0,0.0;0.0,0.0;0.0,0.0;0.0,0.0;0.0,0.0;0.0,0.0;0.0,0.0;0.0,0.0;0.0,0.0;0.0,0.0;0.0,0.0;0.0,0.0;0.0,0.0;0.0,0.0;0.0,0.0;0.0,0.0;0.0,0.0;0.0,0.0;0.0,0.0;0.0,0.0;0.0,0.0;0.0,0.0;0.0,0.0;0.0,0.0;0.0,0.0;0.0,0.0;0.0,0.0;0.0,0.0;0.0,0.0;0.0,0.0;0.0,0.0;0.0,0.0;0.0,0.0;0.0,0.0;0.0,0.0;0.0,0.0;0.0,0.0;0.0,0.0;0.0,0.0;0.0,0.0;0.0,0.0;0.0,0.0;0.0,0.0;0.0,0.0;0.0,0.0;0.0,0.0;0.0,0.0;0.0,0.0;0.0,0.0;0.0,0.0;0.0,0.0;0.0,0.0;0.0,0.0;0.0,0.0;0.0,0.0;0.0,0.0;0.0,0.0;0.0,0.0;0.0,0.0;0.0,0.0;0.0,0.0;0.0,0.0;0.0,0.0;0.0,0.0;0.0,0.0;0.0,0.0;0.0,0.0;0.0,0.0;0.0,0.0;0.0,0.0;0.0,0.0;0.0,0.0;0.0,0.0;0.0,0.0;0.0,0.0;0.0,0.0;0.0,0.0;0.0,0.0;0.0,0.0;0.0,0.0;0.0,0.0;0.0,0.0;0.0,0.0;0.0,0.0;0.0,0.0;0.0,0.0;0.0,0.0;0.0,0.0;0.0,0.0;0.0,0.0;0.0,0.0;0.0,0.0;0.0,0.0;0.0,0.0;0.0,0.0;0.0,0.0;0.0,0.0;0.0,0.0;0.0,0.0;0.0,0.0;0.0,0.0;0.0,0.0;0.0,0.0;0.0,0.0;0.0,0.0;0.0,0.0;0.0,0.0;0.0,0.0;0.0,0.0;0.0,0.0;0.0,0.0;0.0,0.0;0.0,0.0;0.0,0.0;0.0,0.0;0.0,0.0;0.0,0.0;0.0,0.0;0.0,0.0;0.0,0.0;0.0,0.0;0.0,0.0;0.0,0.0;0.0,0.0;0.0,0.0;0.0,0.0;0.0,0.0;0.0,0.0;0.0,0.0;0.0,0.0;0.0,0.0;0.0,0.0;0.0,0.0;0.0,0.0;0.0,0.0;0.0,0.0;0.0,0.0;0.0,0.0;0.0,0.0;0.0,0.0;0.0,0.0;0.0,0.0;0.0,0.0;0.0,0.0;0.0,0.0;0.0,0.0;0.0,0.0;0.0,0.0;0.0,0.0;0.0,0.0;0.0,0.0;0.0,0.0;0.0,0.0;0.0,0.0;0.0,0.0;0.0,0.0;0.0,0.0;0.0,0.0;0.0,0.0;0.0,0.0;0.0,0.0;0.0,0.0;0.0,0.0;0.0,0.0;0.0,0.0;0.0,0.0;0.0,0.0;0.0,0.0;0.0,0.0;0.0,0.0;0.0,0.0;0.0,0.0;0.0,0.0;0.0,0.0;0.0,0.0;0.0,0.0;0.0,0.0;0.0,0.0;0.0,0.0;0.0,0.0;0.0,0.0;0.0,0.0;0.0,0.0;0.0,0.0;0.0,0.0;0.0,0.0;0.0,0.0;0.0,0.0;0.0,0.0;0.0,0.0;0.0,0.0;0.0,0.0;0.0,0.0;0.0,0.0;0.0,0.0;0.0,0.0;0.0,0.0;0.0,0.0;0.0,0.0;0.0,0.0;0.0,0.0;0.0,0.0;0.0,0.0;0.0,0.0;0.0,0.0;0.0,0.0;0.0,0.0;0.0,0.0;0.0,0.0;0.0,0.0;0.0,0.0;0.0,0.0;0.0,0.0;0.0,0.0;0.0,0.0;0.0,0.0;0.0,0.0;0.0,0.0;0.0,0.0;0.0,0.0;0.0,0.0;0.0,0.0;0.0,0.0;0.0,0.0;0.0,0.0;0.0,0.0;0.0,0.0;0.0,0.0;0.0,0.0;0.0,0.0;0.0,0.0;0.0,0.0;0.0,0.0;0.0,0.0;0.0,0.0;0.0,0.0;0.0,0.0;0.0,0.0;0.0,0.0;0.0,0.0;0.0,0.0;0.0,0.0;0.0,0.0;0.0,0.0;0.0,0.0;0.0,0.0;0.0,0.0;0.0,0.0;0.0,0.0;0.0,0.0;0.0,0.0;0.0,0.0;0.0,0.0;0.0,0.0;0.0,0.0;0.0,0.0;0.0,0.0;0.0,0.0;0.0,0.0;0.0,0.0;0.0,0.0;0.0,0.0;0.0,0.0;0.0,0.0;0.0,0.0;0.0,0.0;0.0,0.0;0.0,0.0;0.0,0.0;0.0,0.0;0.0,0.0;0.0,0.0;0.0,0.0;0.0,0.0;0.0,0.0;0.0,0.0;0.0,0.0;0.0,0.0;0.0,0.0;0.0,0.0;0.0,0.0;0.0,0.0;0.0,0.0;0.0,0.0;0.0,0.0;0.0,0.0;0.0,0.0;0.0,0.0;0.0,0.0;0.0,0.0;0.0,0.0;0.0,0.0;0.0,0.0;0.0,0.0;0.0,0.0;0.0,0.0;0.0,0.0;0.0,0.0;0.0,0.0;0.0,0.0;0.0,0.0;0.0,0.0;0.0,0.0;0.0,0.0;0.0,0.0;0.0,0.0;0.0,0.0;0.0,0.0;0.0,0.0;0.0,0.0;0.0,0.0;0.0,0.0;0.0,0.0;0.0,0.0;0.0,0.0;0.0,0.0;0.0,0.0;0.0,0.0;0.0,0.0;0.0,0.0;0.0,0.0;0.0,0.0;0.0,0.0;0.0,0.0;0.0,0.0;0.0,0.0;0.0,0.0;0.0,0.0;0.0,0.0;0.0,0.0;0.0,0.0;0.0,0.0;0.0,0.0;0.0,0.0;0.0,0.0;0.0,0.0;0.0,0.0;0.0,0.0;0.0,0.0;0.0,0.0;0.0,0.0;0.0,0.0;0.0,0.0;0.0,0.0;0.0,0.0;0.0,0.0;0.0,0.0;0.0,0.0;0.0,0.0;0.0,0.0;0.0,0.0;0.0,0.0;0.0,0.0;0.0,0.0;0.0,0.0;0.0,0.0;0.0,0.0;0.0,0.0;0.0,0.0;0.0,0.0;0.0,0.0;0.0,0.0;0.0,0.0;0.0,0.0;0.0,0.0;0.0,0.0;0.0,0.0;0.0,0.0;0.0,0.0;0.0,0.0;0.0,0.0;0.0,0.0;0.0,0.0;0.0,0.0;0.0,0.0;0.0,0.0;0.0,0.0;0.0,0.0;0.0,0.0;0.0,0.0;0.0,0.0;0.0,0.0;0.0,0.0;0.0,0.0;0.0,0.0;0.0,0.0;0.0,0.0;0.0,0.0;0.0,0.0;0.0,0.0;0.0,0.0;0.0,0.0;0.0,0.0;0.0,0.0;0.0,0.0;0.0,0.0;0.0,0.0;0.0,0.0;0.0,0.0;0.0,0.0;0.0,0.0;0.0,0.0;0.0,0.0;0.0,0.0;0.0,0.0;0.0,0.0;0.0,0.0;0.0,0.0;0.0,0.0;0.0,0.0;0.0,0.0;0.0,0.0;0.0,0.0;0.0,0.0;0.0,0.0;0.0,0.0;0.0,0.0;0.0,0.0;0.0,0.0;0.0,0.0;0.0,0.0;0.0,0.0;0.0,0.0;0.0,0.0;0.0,0.0;0.0,0.0;0.0,0.0;0.0,0.0;0.0,0.0;0.0,0.0;0.0,0.0;0.0,0.0;0.0,0.0;0.0,0.0;0.0,0.0;0.0,0.0;0.0,0.0;0.0,0.0;0.0,0.0;0.0,0.0;0.0,0.0;0.0,0.0;0.0,0.0;0.0,0.0;0.0,0.0;0.0,0.0;0.0,0.0;0.0,0.0;0.0,0.0;0.0,0.0;0.0,0.0;0.0,0.0;0.0,0.0;0.0,0.0;0.0,0.0;0.0,0.0;0.0,0.0;0.0,0.0;0.0,0.0;0.0,0.0;0.0,0.0;0.0,0.0;0.0,0.0;0.0,0.0;0.0,0.0;0.0,0.0;0.0,0.0;0.0,0.0;0.0,0.0;0.0,0.0;0.0,0.0;0.0,0.0;0.0,0.0;0.0,0.0;0.0,0.0;0.0,0.0;0.0,0.0;0.0,0.0;0.0,0.0;0.0,0.0;0.0,0.0;0.0,0.0;0.0,0.0;0.0,0.0;0.0,0.0;0.0,0.0;0.0,0.0;0.0,0.0;0.0,0.0;0.0,0.0;0.0,0.0;0.0,0.0;0.0,0.0;0.0,0.0;0.0,0.0;0.0,0.0;0.0,0.0;0.0,0.0;0.0,0.0;0.0,0.0;0.0,0.0;0.0,0.0;0.0,0.0;0.0,0.0;0.0,0.0;0.0,0.0;0.0,0.0;0.0,0.0;0.0,0.0;0.0,0.0;0.0,0.0;0.0,0.0;0.0,0.0;0.0,0.0;0.0,0.0;0.0,0.0;0.0,0.0;0.0,0.0;0.0,0.0;0.0,0.0;0.0,0.0;0.0,0.0;0.0,0.0;0.0,0.0;0.0,0.0;0.0,0.0;0.0,0.0;0.0,0.0;0.0,0.0;0.0,0.0;0.0,0.0;0.0,0.0;0.0,0.0;0.0,0.0;0.0,0.0;0.0,0.0;0.0,0.0;0.0,0.0;0.0,0.0;0.0,0.0;0.0,0.0;0.0,0.0;0.0,0.0;0.0,0.0;0.0,0.0;0.0,0.0;0.0,0.0;0.0,0.0;0.0,0.0;0.0,0.0;0.0,0.0;0.0,0.0;0.0,0.0;0.0,0.0;0.0,0.0;0.0,0.0;0.0,0.0;0.0,0.0;0.0,0.0;0.0,0.0;0.0,0.0;0.0,0.0;0.0,0.0;0.0,0.0;0.0,0.0;0.0,0.0;0.0,0.0;0.0,0.0;0.0,0.0;0.0,0.0;0.0,0.0;0.0,0.0;0.0,0.0;0.0,0.0;0.0,0.0;0.0,0.0;0.0,0.0;0.0,0.0;0.0,0.0;0.0,0.0;0.0,0.0;0.0,0.0;0.0,0.0;0.0,0.0;0.0,0.0;0.0,0.0;0.0,0.0;0.0,0.0;0.0,0.0;0.0,0.0;0.0,0.0;0.0,0.0;0.0,0.0;0.0,0.0;0.0,0.0;0.0,0.0;0.0,0.0;0.0,0.0;0.0,0.0;0.0,0.0;0.0,0.0;0.0,0.0;0.0,0.0;0.0,0.0;0.0,0.0;0.0,0.0;0.0,0.0;0.0,0.0;0.0,0.0;0.0,0.0;0.0,0.0;0.0,0.0;0.0,0.0;0.0,0.0;0.0,0.0;0.0,0.0;0.0,0.0;0.0,0.0;0.0,0.0;0.0,0.0;0.0,0.0;0.0,0.0;0.0,0.0;0.0,0.0;0.0,0.0;0.0,0.0;0.0,0.0;0.0,0.0;0.0,0.0;0.0,0.0;0.0,0.0;0.0,0.0;0.0,0.0;0.0,0.0;0.0,0.0;0.0,0.0;0.0,0.0;0.0,0.0;0.0,0.0;0.0,0.0;0.0,0.0;0.0,0.0;0.0,0.0;0.0,0.0;0.0,0.0;0.0,0.0;0.0,0.0;0.0,0.0;0.0,0.0;0.0,0.0;0.0,0.0;0.0,0.0;0.0,0.0;0.0,0.0;0.0,0.0;0.0,0.0;0.0,0.0;0.0,0.0;0.0,0.0;0.0,0.0;0.0,0.0;0.0,0.0;0.0,0.0;0.0,0.0;0.0,0.0;0.0,0.0;0.0,0.0;0.0,0.0;0.0,0.0;0.0,0.0;0.0,0.0;0.0,0.0;0.0,0.0;0.0,0.0;0.0,0.0;0.0,0.0;0.0,0.0;0.0,0.0;0.0,0.0;0.0,0.0;0.0,0.0;0.0,0.0;0.0,0.0;0.0,0.0;0.0,0.0;0.0,0.0;0.0,0.0;0.0,0.0;0.0,0.0;0.0,0.0;0.0,0.0;0.0,0.0;0.0,0.0;0.0,0.0;0.0,0.0;0.0,0.0;0.0,0.0;0.0,0.0;0.0,0.0;0.0,0.0;0.0,0.0;0.0,0.0;0.0,0.0;0.0,0.0;0.0,0.0;0.0,0.0;0.0,0.0;0.0,0.0;0.0,0.0;0.0,0.0;0.0,0.0;0.0,0.0;0.0,0.0;0.0,0.0;0.0,0.0;0.0,0.0;0.0,0.0;0.0,0.0;0.0,0.0;0.0,0.0;0.0,0.0;0.0,0.0;0.0,0.0;0.0,0.0;0.0,0.0;0.0,0.0;0.0,0.0;0.0,0.0;0.0,0.0;0.0,0.0;0.0,0.0;0.0,0.0;0.0,0.0;0.0,0.0;0.0,0.0;0.0,0.0;0.0,0.0;0.0,0.0;0.0,0.0;0.0,0.0;0.0,0.0;0.0,0.0;0.0,0.0;0.0,0.0;0.0,0.0;0.0,0.0;0.0,0.0;0.0,0.0;0.0,0.0;0.0,0.0;0.0,0.0;0.0,0.0;0.0,0.0;0.0,0.0;0.0,0.0;0.0,0.0;0.0,0.0;0.0,0.0;0.0,0.0;0.0,0.0;0.0,0.0;0.0,0.0;0.0,0.0;0.0,0.0;0.0,0.0;0.0,0.0;0.0,0.0;0.0,0.0;0.0,0.0;0.0,0.0;0.0,0.0;0.0,0.0;0.0,0.0;0.0,0.0;0.0,0.0;0.0,0.0;0.0,0.0;0.0,0.0;0.0,0.0;0.0,0.0;0.0,0.0;0.0,0.0;0.0,0.0;0.0,0.0;0.0,0.0;0.0,0.0;0.0,0.0;0.0,0.0;0.0,0.0;0.0,0.0;0.0,0.0;0.0,0.0;0.0,0.0;0.0,0.0;0.0,0.0;0.0,0.0;0.0,0.0;0.0,0.0;0.0,0.0;0.0,0.0;0.0,0.0;0.0,0.0;0.0,0.0;0.0,0.0;0.0,0.0;0.0,0.0;0.0,0.0;0.0,0.0;0.0,0.0;0.0,0.0;0.0,0.0;0.0,0.0;0.0,0.0;0.0,0.0;0.0,0.0;0.0,0.0;0.0,0.0;0.0,0.0;0.0,0.0;0.0,0.0;0.0,0.0;0.0,0.0;0.0,0.0;0.0,0.0;0.0,0.0;0.0,0.0;0.0,0.0;0.0,0.0;0.0,0.0;0.0,0.0;0.0,0.0;0.0,0.0;0.0,0.0;0.0,0.0;0.0,0.0;0.0,0.0;0.0,0.0;0.0,0.0;0.0,0.0;0.0,0.0;0.0,0.0;0.0,0.0;0.0,0.0;0.0,0.0;0.0,0.0;0.0,0.0;0.0,0.0;0.0,0.0;0.0,0.0;0.0,0.0;0.0,0.0;0.0,0.0;0.0,0.0;0.0,0.0;0.0,0.0;0.0,0.0;0.0,0.0;0.0,0.0;0.0,0.0;0.0,0.0;0.0,0.0;0.0,0.0;0.0,0.0;0.0,0.0;0.0,0.0;0.0,0.0;0.0,0.0;0.0,0.0;0.0,0.0;0.0,0.0;0.0,0.0;0.0,0.0;0.0,0.0;0.0,0.0;0.0,0.0;0.0,0.0;0.0,0.0;0.0,0.0;0.0,0.0;0.0,0.0;0.0,0.0;0.0,0.0;0.0,0.0;0.0,0.0;0.0,0.0;0.0,0.0;0.0,0.0;0.0,0.0;0.0,0.0;0.0,0.0;0.0,0.0;0.0,0.0;0.0,0.0;0.0,0.0;0.0,0.0;0.0,0.0;0.0,0.0;0.0,0.0;0.0,0.0;0.0,0.0;0.0,0.0;0.0,0.0;0.0,0.0;0.0,0.0;0.0,0.0;0.0,0.0;0.0,0.0;0.0,0.0;0.0,0.0;0.0,0.0;0.0,0.0;0.0,0.0;0.0,0.0;0.0,0.0;0.0,0.0;0.0,0.0;0.0,0.0;0.0,0.0;0.0,0.0;0.0,0.0;0.0,0.0;0.0,0.0;0.0,0.0;0.0,0.0;0.0,0.0;0.0,0.0;0.0,0.0;0.0,0.0;0.0,0.0;0.0,0.0;0.0,0.0;0.0,0.0;0.0,0.0;0.0,0.0;0.0,0.0;0.0,0.0;0.0,0.0;0.0,0.0;0.0,0.0;0.0,0.0;0.0,0.0;0.0,0.0;0.0,0.0;0.0,0.0;0.0,0.0;0.0,0.0;0.0,0.0;0.0,0.0;0.0,0.0;0.0,0.0;0.0,0.0;0.0,0.0;0.0,0.0;0.0,0.0;0.0,0.0;0.0,0.0;0.0,0.0;0.0,0.0;0.0,0.0;0.0,0.0;0.0,0.0;0.0,0.0;0.0,0.0;0.0,0.0;0.0,0.0;0.0,0.0;0.0,0.0;0.0,0.0;0.0,0.0;0.0,0.0;0.0,0.0;0.0,0.0;0.0,0.0;0.0,0.0;0.0,0.0;0.0,0.0;0.0,0.0;0.0,0.0;0.0,0.0;0.0,0.0;0.0,0.0;0.0,0.0;0.0,0.0;0.0,0.0;0.0,0.0;0.0,0.0;0.0,0.0;0.0,0.0;0.0,0.0;0.0,0.0;0.0,0.0;0.0,0.0;0.0,0.0;0.0,0.0;0.0,0.0;0.0,0.0;0.0,0.0;0.0,0.0;0.0,0.0;0.0,0.0;0.0,0.0;0.0,0.0;0.0,0.0;0.0,0.0;0.0,0.0;0.0,0.0;0.0,0.0;0.0,0.0;0.0,0.0;0.0,0.0;0.0,0.0;0.0,0.0;0.0,0.0;0.0,0.0;0.0,0.0;0.0,0.0;0.0,0.0;0.0,0.0;0.0,0.0;0.0,0.0;0.0,0.0;0.0,0.0;0.0,0.0;0.0,0.0;0.0,0.0;0.0,0.0;0.0,0.0;0.0,0.0;0.0,0.0;0.0,0.0;0.0,0.0;0.0,0.0;0.0,0.0;0.0,0.0;0.0,0.0;0.0,0.0;0.0,0.0;0.0,0.0;0.0,0.0;0.0,0.0;0.0,0.0;0.0,0.0;0.0,0.0;0.0,0.0;0.0,0.0;0.0,0.0;0.0,0.0;0.0,0.0;0.0,0.0;0.0,0.0;0.0,0.0;0.0,0.0;0.0,0.0;0.0,0.0;0.0,0.0;0.0,0.0;0.0,0.0;0.0,0.0;0.0,0.0;0.0,0.0;0.0,0.0;0.0,0.0;0.0,0.0;0.0,0.0;0.0,0.0;0.0,0.0;0.0,0.0;0.0,0.0;0.0,0.0;0.0,0.0;0.0,0.0;0.0,0.0;0.0,0.0;0.0,0.0;0.0,0.0;0.0,0.0;0.0,0.0;0.0,0.0;0.0,0.0;0.0,0.0;0.0,0.0;0.0,0.0;0.0,0.0;0.0,0.0;0.0,0.0;0.0,0.0;0.0,0.0;0.0,0.0;0.0,0.0;0.0,0.0;0.0,0.0;0.0,0.0;0.0,0.0;0.0,0.0;0.0,0.0;0.0,0.0;0.0,0.0;0.0,0.0;0.0,0.0;0.0,0.0;0.0,0.0;0.0,0.0;0.0,0.0;0.0,0.0;0.0,0.0;0.0,0.0;0.0,0.0;0.0,0.0;0.0,0.0;0.0,0.0;0.0,0.0;0.0,0.0;0.0,0.0;0.0,0.0;0.0,0.0;0.0,0.0;0.0,0.0;0.0,0.0;0.0,0.0;0.0,0.0;0.0,0.0;0.0,0.0;0.0,0.0;0.0,0.0;0.0,0.0;0.0,0.0;0.0,0.0;0.0,0.0;0.0,0.0;0.0,0.0;0.0,0.0;0.0,0.0;0.0,0.0;0.0,0.0;0.0,0.0;0.0,0.0;0.0,0.0;0.0,0.0;0.0,0.0;0.0,0.0;0.0,0.0;0.0,0.0;0.0,0.0;0.0,0.0;0.0,0.0;0.0,0.0;0.0,0.0;0.0,0.0;0.0,0.0;0.0,0.0;0.0,0.0;0.0,0.0;0.0,0.0;0.0,0.0;0.0,0.0;0.0,0.0;0.0,0.0;0.0,0.0;0.0,0.0;0.0,0.0;0.0,0.0;0.0,0.0;0.0,0.0;0.0,0.0;0.0,0.0;0.0,0.0;0.0,0.0;0.0,0.0;0.0,0.0;0.0,0.0;0.0,0.0;0.0,0.0;0.0,0.0;0.0,0.0;0.0,0.0;0.0,0.0;0.0,0.0;0.0,0.0;0.0,0.0;0.0,0.0;0.0,0.0;0.0,0.0;0.0,0.0;0.0,0.0;0.0,0.0;0.0,0.0;0.0,0.0;0.0,0.0;0.0,0.0;0.0,0.0;0.0,0.0;0.0,0.0;0.0,0.0;0.0,0.0;0.0,0.0;0.0,0.0;0.0,0.0;0.0,0.0;0.0,0.0;0.0,0.0;0.0,0.0;0.0,0.0;0.0,0.0;0.0,0.0;0.0,0.0;0.0,0.0;0.0,0.0;0.0,0.0;0.0,0.0;0.0,0.0;0.0,0.0;0.0,0.0;0.0,0.0;0.0,0.0;0.0,0.0;0.0,0.0;0.0,0.0;0.0,0.0;0.0,0.0;0.0,0.0;0.0,0.0;0.0,0.0;0.0,0.0;0.0,0.0;0.0,0.0;0.0,0.0;0.0,0.0;0.0,0.0;0.0,0.0;0.0,0.0;0.0,0.0;0.0,0.0;0.0,0.0;0.0,0.0;0.0,0.0;0.0,0.0;0.0,0.0;0.0,0.0;0.0,0.0;0.0,0.0;0.0,0.0;0.0,0.0;0.0,0.0;0.0,0.0;0.0,0.0;0.0,0.0;0.0,0.0;0.0,0.0;0.0,0.0;0.0,0.0;0.0,0.0;0.0,0.0;0.0,0.0;0.0,0.0;0.0,0.0;0.0,0.0;0.0,0.0;0.0,0.0;0.0,0.0;0.0,0.0;0.0,0.0;0.0,0.0;0.0,0.0;0.0,0.0;0.0,0.0;0.0,0.0;0.0,0.0;0.0,0.0;0.0,0.0;0.0,0.0;0.0,0.0;0.0,0.0;0.0,0.0;0.0,0.0;0.0,0.0;0.0,0.0;0.0,0.0;0.0,0.0;0.0,0.0;0.0,0.0;0.0,0.0;0.0,0.0;0.0,0.0;0.0,0.0;0.0,0.0;0.0,0.0;0.0,0.0;0.0,0.0;0.0,0.0;0.0,0.0;0.0,0.0;0.0,0.0;0.0,0.0;0.0,0.0;0.0,0.0;0.0,0.0;0.0,0.0;0.0,0.0;0.0,0.0;0.0,0.0;0.0,0.0;0.0,0.0;0.0,0.0;0.0,0.0;0.0,0.0;0.0,0.0;0.0,0.0;0.0,0.0;0.0,0.0;0.0,0.0;0.0,0.0;0.0,0.0;0.0,0.0;0.0,0.0;0.0,0.0;0.0,0.0;0.0,0.0;0.0,0.0;0.0,0.0;0.0,0.0;0.0,0.0;0.0,0.0;0.0,0.0;0.0,0.0;0.0,0.0;0.0,0.0;0.0,0.0;0.0,0.0;0.0,0.0;0.0,0.0;0.0,0.0;0.0,0.0;0.0,0.0;0.0,0.0;0.0,0.0;0.0,0.0;0.0,0.0;0.0,0.0;0.0,0.0;0.0,0.0;0.0,0.0;0.0,0.0;0.0,0.0;0.0,0.0;0.0,0.0;0.0,0.0;0.0,0.0;0.0,0.0;0.0,0.0;0.0,0.0;0.0,0.0;0.0,0.0;0.0,0.0;0.0,0.0;0.0,0.0;0.0,0.0;0.0,0.0;0.0,0.0;0.0,0.0;0.0,0.0;0.0,0.0;0.0,0.0;0.0,0.0;0.0,0.0;0.0,0.0;0.0,0.0;0.0,0.0;0.0,0.0;0.0,0.0;0.0,0.0;0.0,0.0;0.0,0.0;0.0,0.0;0.0,0.0;0.0,0.0;0.0,0.0;0.0,0.0;0.0,0.0;0.0,0.0;0.0,0.0;0.0,0.0;0.0,0.0;0.0,0.0;0.0,0.0;0.0,0.0;0.0,0.0;0.0,0.0;0.0,0.0;0.0,0.0;0.0,0.0;0.0,0.0;0.0,0.0;0.0,0.0;0.0,0.0;0.0,0.0;0.0,0.0;0.0,0.0;0.0,0.0;0.0,0.0;0.0,0.0;0.0,0.0;0.0,0.0;0.0,0.0;0.0,0.0;0.0,0.0;0.0,0.0;0.0,0.0;0.0,0.0;0.0,0.0;0.0,0.0;0.0,0.0;0.0,0.0;0.0,0.0;0.0,0.0;0.0,0.0;0.0,0.0;0.0,0.0;0.0,0.0;0.0,0.0;0.0,0.0;0.0,0.0;0.0,0.0;0.0,0.0;0.0,0.0;0.0,0.0;0.0,0.0;0.0,0.0;0.0,0.0;0.0,0.0;0.0,0.0;0.0,0.0;0.0,0.0;0.0,0.0;0.0,0.0;0.0,0.0;0.0,0.0;0.0,0.0;0.0,0.0;0.0,0.0;0.0,0.0;0.0,0.0;0.0,0.0;0.0,0.0;0.0,0.0;0.0,0.0;0.0,0.0;0.0,0.0;0.0,0.0;0.0,0.0;0.0,0.0;0.0,0.0;0.0,0.0;0.0,0.0;0.0,0.0;0.0,0.0;0.0,0.0;0.0,0.0;0.0,0.0;0.0,0.0;0.0,0.0;0.0,0.0;0.0,0.0;0.0,0.0;0.0,0.0;0.0,0.0;0.0,0.0;0.0,0.0;0.0,0.0;0.0,0.0;0.0,0.0;0.0,0.0;0.0,0.0;0.0,0.0;0.0,0.0;0.0,0.0;0.0,0.0;0.0,0.0;0.0,0.0;0.0,0.0;0.0,0.0;0.0,0.0;0.0,0.0;0.0,0.0;0.0,0.0;0.0,0.0;0.0,0.0;0.0,0.0;0.0,0.0;0.0,0.0;0.0,0.0;0.0,0.0;0.0,0.0;0.0,0.0;0.0,0.0;0.0,0.0;0.0,0.0;0.0,0.0;0.0,0.0;0.0,0.0;0.0,0.0;0.0,0.0;0.0,0.0;0.0,0.0;0.0,0.0;0.0,0.0;0.0,0.0;0.0,0.0;0.0,0.0;0.0,0.0;0.0,0.0;0.0,0.0;0.0,0.0;0.0,0.0;0.0,0.0;0.0,0.0;0.0,0.0;0.0,0.0;0.0,0.0;0.0,0.0;0.0,0.0;0.0,0.0;0.0,0.0;0.0,0.0;0.0,0.0;0.0,0.0;0.0,0.0;0.0,0.0;0.0,0.0;0.0,0.0;0.0,0.0;0.0,0.0;0.0,0.0;0.0,0.0;0.0,0.0;0.0,0.0;0.0,0.0;0.0,0.0;0.0,0.0;0.0,0.0;0.0,0.0;0.0,0.0;0.0,0.0;0.0,0.0;0.0,0.0;0.0,0.0;0.0,0.0;0.0,0.0;0.0,0.0;0.0,0.0;0.0,0.0;0.0,0.0;0.0,0.0;0.0,0.0;0.0,0.0;0.0,0.0;0.0,0.0;0.0,0.0;0.0,0.0;0.0,0.0;0.0,0.0;0.0,0.0;0.0,0.0;0.0,0.0;0.0,0.0;0.0,0.0;0.0,0.0;0.0,0.0;0.0,0.0;0.0,0.0;0.0,0.0;0.0,0.0;0.0,0.0;0.0,0.0;0.0,0.0;0.0,0.0;0.0,0.0;0.0,0.0;0.0,0.0;0.0,0.0;0.0,0.0;0.0,0.0;0.0,0.0;0.0,0.0;0.0,0.0;0.0,0.0;0.0,0.0;0.0,0.0;0.0,0.0;0.0,0.0;0.0,0.0;0.0,0.0;0.0,0.0;0.0,0.0;0.0,0.0;0.0,0.0;0.0,0.0;0.0,0.0;0.0,0.0;0.0,0.0;0.0,0.0;0.0,0.0;0.0,0.0;0.0,0.0;0.0,0.0;0.0,0.0;0.0,0.0;0.0,0.0;0.0,0.0;0.0,0.0;0.0,0.0;0.0,0.0;0.0,0.0;0.0,0.0;0.0,0.0;0.0,0.0;0.0,0.0;0.0,0.0;0.0,0.0;0.0,0.0;0.0,0.0;0.0,0.0;0.0,0.0;0.0,0.0;0.0,0.0;0.0,0.0;0.0,0.0;0.0,0.0;0.0,0.0;0.0,0.0;0.0,0.0;0.0,0.0;0.0,0.0;0.0,0.0;0.0,0.0;0.0,0.0;0.0,0.0;0.0,0.0;0.0,0.0;0.0,0.0;0.0,0.0;0.0,0.0;0.0,0.0;0.0,0.0;0.0,0.0;0.0,0.0;0.0,0.0;0.0,0.0;0.0,0.0;0.0,0.0;0.0,0.0;0.0,0.0;0.0,0.0;0.0,0.0;0.0,0.0;0.0,0.0;0.0,0.0;0.0,0.0;0.0,0.0;0.0,0.0;0.0,0.0;0.0,0.0;0.0,0.0;0.0,0.0;0.0,0.0;0.0,0.0;0.0,0.0;0.0,0.0;0.0,0.0;0.0,0.0;0.0,0.0;0.0,0.0;0.0,0.0;0.0,0.0;0.0,0.0;0.0,0.0;0.0,0.0;0.0,0.0;0.0,0.0;0.0,0.0;0.0,0.0;0.0,0.0;0.0,0.0;0.0,0.0;0.0,0.0;0.0,0.0;0.0,0.0;0.0,0.0;0.0,0.0;0.0,0.0;0.0,0.0;0.0,0.0;0.0,0.0;0.0,0.0;0.0,0.0;0.0,0.0;0.0,0.0;0.0,0.0;0.0,0.0;0.0,0.0;0.0,0.0;0.0,0.0;0.0,0.0;0.0,0.0;0.0,0.0;0.0,0.0;0.0,0.0;0.0,0.0;0.0,0.0;0.0,0.0;0.0,0.0;0.0,0.0;0.0,0.0;0.0,0.0;0.0,0.0;0.0,0.0;0.0,0.0;0.0,0.0;0.0,0.0;0.0,0.0;0.0,0.0;0.0,0.0;0.0,0.0;0.0,0.0;0.0,0.0;0.0,0.0;0.0,0.0;0.0,0.0;0.0,0.0;0.0,0.0;0.0,0.0;0.0,0.0;0.0,0.0;0.0,0.0;0.0,0.0;0.0,0.0;0.0,0.0;0.0,0.0;0.0,0.0;0.0,0.0;0.0,0.0;0.0,0.0;0.0,0.0;0.0,0.0;0.0,0.0;0.0,0.0;0.0,0.0;0.0,0.0;0.0,0.0;0.0,0.0;0.0,0.0;0.0,0.0;0.0,0.0;0.0,0.0;0.0,0.0;0.0,0.0;0.0,0.0;0.0,0.0;0.0,0.0;0.0,0.0;0.0,0.0;0.0,0.0;0.0,0.0;0.0,0.0;0.0,0.0;0.0,0.0;0.0,0.0;0.0,0.0;0.0,0.0;0.0,0.0;0.0,0.0;0.0,0.0;0.0,0.0;0.0,0.0;0.0,0.0;0.0,0.0;0.0,0.0;0.0,0.0;0.0,0.0;0.0,0.0;0.0,0.0;0.0,0.0;0.0,0.0;0.0,0.0;0.0,0.0;0.0,0.0;0.0,0.0;0.0,0.0;0.0,0.0;0.0,0.0;0.0,0.0;0.0,0.0;0.0,0.0;0.0,0.0;0.0,0.0;0.0,0.0;0.0,0.0;0.0,0.0;0.0,0.0;0.0,0.0;0.0,0.0;0.0,0.0;0.0,0.0;0.0,0.0;0.0,0.0;0.0,0.0;0.0,0.0;0.0,0.0;0.0,0.0;0.0,0.0;0.0,0.0;0.0,0.0;0.0,0.0;0.0,0.0;0.0,0.0;0.0,0.0;0.0,0.0;0.0,0.0;0.0,0.0;0.0,0.0;0.0,0.0;0.0,0.0;0.0,0.0;0.0,0.0;0.0,0.0;0.0,0.0;0.0,0.0;0.0,0.0;0.0,0.0;0.0,0.0;0.0,0.0;0.0,0.0;0.0,0.0;0.0,0.0;0.0,0.0;0.0,0.0;0.0,0.0;0.0,0.0;0.0,0.0;0.0,0.0;0.0,0.0;0.0,0.0;0.0,0.0;0.0,0.0;0.0,0.0;0.0,0.0;0.0,0.0;0.0,0.0;0.0,0.0;0.0,0.0;0.0,0.0;0.0,0.0;0.0,0.0;0.0,0.0;0.0,0.0;0.0,0.0;0.0,0.0;0.0,0.0;0.0,0.0;0.0,0.0;0.0,0.0;0.0,0.0;0.0,0.0;0.0,0.0;0.0,0.0;0.0,0.0;0.0,0.0;0.0,0.0;0.0,0.0;0.0,0.0;0.0,0.0;0.0,0.0;0.0,0.0;0.0,0.0;0.0,0.0;0.0,0.0;0.0,0.0;0.0,0.0;0.0,0.0;0.0,0.0;0.0,0.0;0.0,0.0;0.0,0.0;0.0,0.0;0.0,0.0;0.0,0.0;0.0,0.0;0.0,0.0;0.0,0.0;0.0,0.0;0.0,0.0;0.0,0.0;0.0,0.0;0.0,0.0;0.0,0.0;0.0,0.0;0.0,0.0;0.0,0.0;0.0,0.0;0.0,0.0;0.0,0.0;0.0,0.0;0.0,0.0;0.0,0.0;0.0,0.0;0.0,0.0;0.0,0.0;0.0,0.0;0.0,0.0;0.0,0.0;0.0,0.0;0.0,0.0;0.0,0.0;0.0,0.0;0.0,0.0;0.0,0.0;0.0,0.0;0.0,0.0;0.0,0.0;0.0,0.0;0.0,0.0;0.0,0.0;0.0,0.0;0.0,0.0;0.0,0.0;0.0,0.0;0.0,0.0;0.0,0.0;0.0,0.0;0.0,0.0;0.0,0.0;0.0,0.0;0.0,0.0;0.0,0.0;0.0,0.0;0.0,0.0;0.0,0.0;0.0,0.0;0.0,0.0;0.0,0.0;0.0,0.0;0.0,0.0;0.0,0.0;0.0,0.0;0.0,0.0;0.0,0.0;0.0,0.0;0.0,0.0;0.0,0.0;0.0,0.0;0.0,0.0;0.0,0.0;0.0,0.0;0.0,0.0;0.0,0.0;0.0,0.0;0.0,0.0;0.0,0.0;0.0,0.0;0.0,0.0;0.0,0.0;0.0,0.0;0.0,0.0;0.0,0.0;0.0,0.0;0.0,0.0;0.0,0.0;0.0,0.0;0.0,0.0;0.0,0.0;0.0,0.0;0.0,0.0;0.0,0.0;0.0,0.0;0.0,0.0;0.0,0.0;0.0,0.0;0.0,0.0;0.0,0.0;0.0,0.0;0.0,0.0;0.0,0.0;0.0,0.0;0.0,0.0;0.0,0.0;0.0,0.0;0.0,0.0;0.0,0.0;0.0,0.0;0.0,0.0;0.0,0.0;0.0,0.0;0.0,0.0;0.0,0.0;0.0,0.0;0.0,0.0;0.0,0.0;0.0,0.0;0.0,0.0;0.0,0.0;0.0,0.0;</value>
            </Data>
          </ExtendedData>
        </gx:Track>
      </Placemark>
    </Folder>
  </Document>
</kml>